0.00000000,0.00000000,0.74057807,-0.00234700,0.03617401,0.01899800,0.99916215,-0.15817600,0.04986800,0.11377700,0.26856600,-0.16103000,-0.00533900,-0.15134100,-0.13563800,-0.13094400,0.26818600,-0.13938200,0.06369300,-0.00986374,-0.02527185,0.30472300,0.20236400,-0.08020500,0.86522000,0.18940000,0.22052300,-0.18568900,0.01568800,0.88822500,-0.17697100
0.00036200,-0.00022500,0.74055792,-0.00225600,0.03631999,0.01953399,0.99914673,-0.15794400,0.04972500,0.11281600,0.26805300,-0.16104400,-0.00572200,-0.15080800,-0.13580700,-0.13207500,0.26824000,-0.14037000,0.06356900,-0.00979440,-0.02575984,0.30514300,0.20200100,-0.07894400,0.86544900,0.18938500,0.22128200,-0.18540400,0.01478300,0.88788400,-0.17664200
0.00074200,-0.00046300,0.74055450,-0.00225200,0.03649398,0.02013199,0.99912853,-0.15774000,0.04972900,0.11168300,0.26748900,-0.16105300,-0.00611700,-0.15024200,-0.13581600,-0.13338900,0.26821600,-0.14131500,0.06337400,-0.00980936,-0.02622081,0.30537800,0.20157700,-0.07744000,0.86574300,0.18921300,0.22201000,-0.18488000,0.01368000,0.88771100,-0.17596200
0.00114500,-0.00072200,0.74055570,-0.00227300,0.03670400,0.02076100,0.99910792,-0.15758900,0.04979800,0.11046000,0.26693400,-0.16107900,-0.00655200,-0.14973900,-0.13576000,-0.13476900,0.26828500,-0.14231700,0.06314000,-0.00990639,-0.02667476,0.30553400,0.20112100,-0.07583500,0.86610400,0.18888500,0.22274300,-0.18429900,0.01272900,0.88768600,-0.17512900
0.00156800,-0.00101600,0.74055615,-0.00229000,0.03696401,0.02138001,0.99908524,-0.15754400,0.04991600,0.10922200,0.26647000,-0.16114300,-0.00705800,-0.14945300,-0.13566900,-0.13608400,0.26869200,-0.14350600,0.06289700,-0.01008473,-0.02718769,0.30570800,0.20069200,-0.07417500,0.86655100,0.18835900,0.22351900,-0.18377200,0.01232300,0.88778100,-0.17429800
0.00202500,-0.00133500,0.74054946,-0.00229500,0.03723700,0.02203200,0.99906092,-0.15749800,0.05003600,0.10791300,0.26606000,-0.16126800,-0.00763100,-0.14922700,-0.13558300,-0.13742300,0.26931700,-0.14485500,0.06263600,-0.01034092,-0.02770859,0.30580700,0.20024500,-0.07267200,0.86711500,0.18770000,0.22423300,-0.18349100,0.01252000,0.88807200,-0.17336400
0.00253700,-0.00167600,0.74052758,-0.00227300,0.03750600,0.02274000,0.99903505,-0.15739000,0.05011100,0.10650600,0.26570000,-0.16149700,-0.00828100,-0.14895900,-0.13555200,-0.13884100,0.27007900,-0.14635700,0.06236500,-0.01064301,-0.02815949,0.30577600,0.19977900,-0.07174500,0.86775800,0.18709500,0.22480600,-0.18370500,0.01349000,0.88862100,-0.17232800
0.00308600,-0.00204100,0.74050144,-0.00225100,0.03778001,0.02345900,0.99900815,-0.15721700,0.05022100,0.10506400,0.26530400,-0.16176400,-0.00898800,-0.14866300,-0.13548700,-0.14030500,0.27086200,-0.14791700,0.06204400,-0.01100932,-0.02852237,0.30545600,0.19918200,-0.07082500,0.86890000,0.18614000,0.22517300,-0.18441600,0.01551700,0.88944700,-0.17092200
0.00365700,-0.00243100,0.74048464,-0.00226800,0.03806798,0.02415599,0.99898057,-0.15695600,0.05046500,0.10363800,0.26476000,-0.16199500,-0.00973800,-0.14833900,-0.13528300,-0.14181200,0.27149300,-0.14939700,0.06160800,-0.01149431,-0.02874621,0.30462800,0.19825400,-0.06928700,0.87075200,0.18436500,0.22522300,-0.18560000,0.01892100,0.89057300,-0.16885200
0.00425700,-0.00284200,0.74046351,-0.00225400,0.03835900,0.02482400,0.99895309,-0.15660300,0.05070600,0.10229000,0.26410000,-0.16219500,-0.01053200,-0.14795700,-0.13507600,-0.14326400,0.27204900,-0.15087400,0.06111700,-0.01202574,-0.02885804,0.30352100,0.19740000,-0.06781100,0.87375000,0.18205600,0.22524300,-0.18774300,0.02405200,0.89171600,-0.16603600
0.00488200,-0.00326900,0.74043250,-0.00217900,0.03862899,0.02546499,0.99892672,-0.15612500,0.05087400,0.10104200,0.26329600,-0.16234000,-0.01136100,-0.14747100,-0.13492700,-0.14461400,0.27255300,-0.15239300,0.06062900,-0.01252992,-0.02894287,0.30224300,0.19704700,-0.06715700,0.87831200,0.17960300,0.22552700,-0.19116600,0.03121300,0.89251300,-0.16218700
0.00555200,-0.00370900,0.74038454,-0.00202000,0.03892700,0.02613700,0.99889813,-0.15565000,0.05088300,0.09978900,0.26248300,-0.16251000,-0.01222700,-0.14697200,-0.13494100,-0.14595400,0.27312700,-0.15404800,0.06014700,-0.01292060,-0.02901573,0.30131600,0.19717300,-0.06641800,0.88408500,0.17620600,0.22602400,-0.19655600,0.04116000,0.89304300,-0.15744800
0.00629400,-0.00415100,0.74030472,-0.00171400,0.03928500,0.02691400,0.99886405,-0.15528300,0.05054200,0.09842300,0.26177300,-0.16277300,-0.01311000,-0.14646400,-0.13532300,-0.14741400,0.27383700,-0.15594400,0.05969500,-0.01303931,-0.02909269,0.30144900,0.19729200,-0.06449700,0.89103400,0.17037800,0.22673200,-0.20444900,0.05403800,0.89336200,-0.15151600
0.00708900,-0.00461400,0.74020649,-0.00138400,0.03967000,0.02772800,0.99882708,-0.15500800,0.05015400,0.09694600,0.26133000,-0.16322900,-0.01405400,-0.14607600,-0.13577500,-0.14888900,0.27492900,-0.15813200,0.05924800,-0.01296449,-0.02919973,0.30260000,0.19923100,-0.06282600,0.89823700,0.16452100,0.22812800,-0.21584600,0.07221500,0.89256300,-0.14529800
0.00791500,-0.00511700,0.74009472,-0.00109800,0.04004700,0.02848500,0.99879109,-0.15478000,0.04995100,0.09546800,0.26125600,-0.16394800,-0.01511100,-0.14593300,-0.13607100,-0.15019100,0.27664800,-0.16066000,0.05874400,-0.01282037,-0.02936181,0.30498800,0.20480400,-0.06208600,0.90482400,0.16060300,0.23070200,-0.23210300,0.09780200,0.88973600,-0.14006900
0.00880400,-0.00564600,0.73995120,-0.00081400,0.04043600,0.02923800,0.99875393,-0.15470800,0.04980000,0.09392300,0.26183400,-0.16509500,-0.01630300,-0.14609500,-0.13635800,-0.15131500,0.27915100,-0.16366300,0.05825000,-0.01263412,-0.02942195,0.30908800,0.21329700,-0.06425600,0.90987100,0.15821100,0.23478600,-0.25266100,0.13044700,0.88342700,-0.13473900
0.00978100,-0.00620300,0.73976377,-0.00053200,0.04086801,0.02999201,0.99871417,-0.15485100,0.04969500,0.09229800,0.26319800,-0.16682700,-0.01763600,-0.14667900,-0.13664400,-0.15221300,0.28256800,-0.16727600,0.05779600,-0.01249324,-0.02914915,0.31544100,0.22473800,-0.07114700,0.91307800,0.15785500,0.24098400,-0.27744900,0.17034400,0.87205500,-0.12902300
0.01083100,-0.00674500,0.73950585,-0.00018300,0.04124502,0.03066201,0.99867845,-0.15531600,0.04950500,0.09071100,0.26599200,-0.16932000,-0.01918600,-0.14762100,-0.13709300,-0.15265400,0.28719700,-0.17155400,0.05749000,-0.01235804,-0.02849146,0.32433800,0.23887800,-0.08363500,0.91092600,0.15884900,0.24926600,-0.30579600,0.21441200,0.85473800,-0.12253200
0.01195600,-0.00722800,0.73913211,0.00032400,0.04156100,0.03121800,0.99864809,-0.15632300,0.04897900,0.08924500,0.27077600,-0.17291200,-0.02092600,-0.14917500,-0.13798900,-0.15239700,0.29366700,-0.17673400,0.05750100,-0.01210208,-0.02744196,0.33603800,0.25593800,-0.10400600,0.89966700,0.16141400,0.25981400,-0.33671400,0.26061700,0.83144800,-0.11536000
0.01313600,-0.00765000,0.73867897,0.00082200,0.04157500,0.03167000,0.99863299,-0.15773200,0.04853500,0.08768500,0.27814900,-0.17742600,-0.02320500,-0.15052900,-0.13889700,-0.15168200,0.30121700,-0.18243900,0.05774200,-0.01187350,-0.02596460,0.35059100,0.27529300,-0.12675900,0.87903400,0.16334500,0.27255100,-0.36899600,0.30557100,0.80306600,-0.10722700
0.01437900,-0.00799300,0.73814187,0.00118400,0.04108401,0.03204000,0.99864115,-0.15917500,0.04844900,0.08598100,0.28821100,-0.18292200,-0.02620800,-0.15084200,-0.13951200,-0.15077800,0.30892600,-0.18814800,0.05817600,-0.01181724,-0.02399019,0.36811900,0.29557300,-0.14764500,0.84879500,0.16244200,0.28671100,-0.40049500,0.34623800,0.77060500,-0.09753200
0.01560500,-0.00826500,0.73760817,0.00143300,0.04019901,0.03227401,0.99866930,-0.16190400,0.04875500,0.08384100,0.30282100,-0.18886400,-0.03071700,-0.15042500,-0.13984300,-0.14956600,0.31694100,-0.19386400,0.05867100,-0.01198984,-0.02163674,0.38702400,0.31538400,-0.16732700,0.81392100,0.15958200,0.30280300,-0.43087300,0.38219000,0.73622300,-0.08893200
0.01674700,-0.00847000,0.73717402,0.00156300,0.03881599,0.03214999,0.99872782,-0.16684700,0.04962800,0.08134800,0.32418500,-0.19482900,-0.03760700,-0.14924800,-0.13975600,-0.14759600,0.32553900,-0.19976600,0.05911200,-0.01252308,-0.01941829,0.40500500,0.33379500,-0.18472100,0.77880600,0.15557300,0.31994800,-0.46032500,0.41150100,0.70124700,-0.08430600
0.01777900,-0.00859800,0.73676815,0.00158200,0.03708300,0.03248000,0.99878296,-0.17468800,0.05062400,0.07690900,0.35249800,-0.20097700,-0.04731700,-0.14732900,-0.13964200,-0.14630700,0.33437300,-0.20543200,0.05933100,-0.01336379,-0.01667984,0.42154800,0.35061600,-0.19961100,0.74411400,0.15107900,0.33900300,-0.48477300,0.43344800,0.66962700,-0.08213300
0.01865500,-0.00865900,0.73620158,0.00156300,0.03519500,0.03404900,0.99879905,-0.18607000,0.05125300,0.06994700,0.38775200,-0.20753200,-0.06033400,-0.14473500,-0.14008200,-0.14722400,0.34296000,-0.21019300,0.05905400,-0.01435840,-0.01224516,0.43559700,0.36543000,-0.21138800,0.71111100,0.14651700,0.36125500,-0.50219200,0.44731200,0.64580500,-0.08224800
0.01936800,-0.00859000,0.73549222,0.00104000,0.03299500,0.03593199,0.99880886,-0.20175900,0.05237600,0.05857100,0.43196800,-0.21402200,-0.07748900,-0.14140300,-0.13955200,-0.14912700,0.35143600,-0.21448100,0.05848900,-0.01554291,-0.00645275,0.44679100,0.37826700,-0.22039500,0.68181000,0.14244300,0.38333500,-0.50899200,0.45096900,0.62971800,-0.08290800
0.01992000,-0.00839200,0.73467228,-0.00035700,0.03040601,0.03791501,0.99881820,-0.22333700,0.05463500,0.04096600,0.48827600,-0.21991200,-0.10155600,-0.13717900,-0.13692400,-0.15165100,0.35967600,-0.21839600,0.05781800,-0.01691619,0.00030912,0.45474900,0.38919500,-0.22705600,0.65833500,0.13932500,0.40386300,-0.50020200,0.44391500,0.62239900,-0.08041800
0.02024300,-0.00787900,0.73336108,-0.00298900,0.02756600,0.03969301,0.99882714,-0.24976600,0.05668500,0.01406400,0.55436300,-0.22587900,-0.12762400,-0.13269200,-0.13140500,-0.15443900,0.36846000,-0.22292300,0.05690800,-0.01798258,0.00724428,0.45823700,0.39742600,-0.23125200,0.64252400,0.13730700,0.41814800,-0.47924500,0.42801100,0.62580700,-0.07849500
0.02018800,-0.00681200,0.73142229,-0.00735100,0.02449400,0.04114100,0.99882602,-0.28062600,0.05597800,-0.02803700,0.62993300,-0.23110900,-0.15211300,-0.12766600,-0.12184200,-0.15762300,0.37770100,-0.22902400,0.05563400,-0.01775040,0.01303998,0.45602500,0.40224900,-0.23344700,0.63551400,0.13667200,0.42068400,-0.44845600,0.40258600,0.64014800,-0.07824500
0.02000500,-0.00537400,0.72834293,-0.01386499,0.02084199,0.04269398,0.99877455,-0.31129400,0.05386500,-0.07942400,0.70997900,-0.23855200,-0.17169100,-0.12309700,-0.10764800,-0.16125000,0.39052000,-0.23747800,0.05403500,-0.01642122,0.01673312,0.44610700,0.40271100,-0.23345900,0.64480000,0.13716000,0.41106800,-0.41047700,0.37194000,0.66653500,-0.08053400
0.01993500,-0.00367800,0.72504912,-0.02303501,0.01652601,0.04422401,0.99861930,-0.33838400,0.05208400,-0.13562500,0.79028600,-0.25073000,-0.17928800,-0.12172700,-0.08782500,-0.16437900,0.41172400,-0.25033200,0.05185100,-0.01513820,0.01794214,0.42692700,0.39824100,-0.22937600,0.67594900,0.13832500,0.38929700,-0.36883000,0.34120500,0.70733700,-0.08848600
0.01986200,-0.00164400,0.72107978,-0.03364900,0.01212300,0.04547400,0.99832504,-0.36027300,0.05061400,-0.19241100,0.86565400,-0.26584800,-0.18066200,-0.12299800,-0.06491600,-0.16658300,0.43788200,-0.26561400,0.04961200,-0.01348692,0.01674126,0.39505800,0.38890700,-0.22661400,0.73558000,0.14006500,0.35449200,-0.32744800,0.31074500,0.76333500,-0.09516200
0.01981100,0.00071300,0.71673266,-0.04482299,0.00789700,0.04596099,0.99790587,-0.37428400,0.05147600,-0.24819100,0.92949500,-0.28338300,-0.18013700,-0.12624200,-0.04056700,-0.16721600,0.46605800,-0.28151800,0.04766100,-0.01104583,0.01372512,0.34921000,0.37372500,-0.22263900,0.83136200,0.13699400,0.30659800,-0.28808600,0.28061000,0.83524500,-0.09266500
0.01960100,0.00356300,0.71211165,-0.05668803,0.00334100,0.04546802,0.99735047,-0.38104400,0.05627500,-0.29657300,0.98145500,-0.30266300,-0.17741800,-0.13013000,-0.01527200,-0.16643900,0.49505800,-0.29589400,0.04745400,-0.00775775,0.00865108,0.28972800,0.35901400,-0.23034800,0.95038700,0.14555600,0.24407100,-0.25231200,0.26221400,0.92115100,-0.08618500
0.01907400,0.00709800,0.70721802,-0.06908002,-0.00228000,0.04382801,0.99664530,-0.38111200,0.06663700,-0.33031400,1.02018300,-0.32284400,-0.17449300,-0.12904900,0.01037500,-0.16570200,0.51774400,-0.30935900,0.04899100,-0.00353977,0.00064079,0.21989800,0.34921700,-0.26362000,1.08721400,0.18077000,0.16557600,-0.22403200,0.25776600,1.02233400,-0.07622800
0.01818800,0.01122200,0.70292298,-0.08155402,-0.00804100,0.04115901,0.99578623,-0.37574300,0.08308900,-0.35015700,1.04428400,-0.34581700,-0.16655700,-0.13350900,0.03402100,-0.16283300,0.54855100,-0.31213400,0.05883200,0.00140811,-0.00946220,0.13673300,0.34086000,-0.31576000,1.21522700,0.23712500,0.06876300,-0.20483800,0.27283700,1.11736400,-0.07212000
0.01702400,0.01579100,0.69933185,-0.09435400,-0.01315300,0.03777100,0.99473498,-0.36517500,0.10748900,-0.35310100,1.05047600,-0.37593800,-0.14609000,-0.15292400,0.05445500,-0.15721500,0.60200600,-0.30160100,0.08384000,0.00611550,-0.01990975,0.03165800,0.33730400,-0.40687600,1.30744200,0.33585400,-0.05016400,-0.19335100,0.32768300,1.18895800,-0.09585300
0.01505900,0.02116200,0.69810032,-0.10529203,-0.01678901,0.03038201,0.99383532,-0.35259500,0.13498800,-0.33942300,1.04341500,-0.40820200,-0.12100400,-0.19314800,0.06578500,-0.14806700,0.67750800,-0.26292400,0.13404800,0.01207138,-0.03002962,-0.08669200,0.33285600,-0.48688400,1.36394100,0.42301400,-0.18233800,-0.19440800,0.38638900,1.23256500,-0.11930200
0.01144500,0.02783600,0.69989564,-0.11220804,-0.01791701,0.01530001,0.99340538,-0.34038900,0.16147300,-0.30733100,1.02656900,-0.43792000,-0.10043900,-0.26656500,0.06688300,-0.12003100,0.78343300,-0.17670400,0.22545200,0.02235391,-0.04003146,-0.20388700,0.31291600,-0.49714700,1.38445400,0.43705200,-0.32133900,-0.20279500,0.41752100,1.23574900,-0.11537800
0.00725500,0.03516500,0.70021424,-0.11660403,-0.01799400,-0.00649100,0.99299425,-0.32702700,0.18888700,-0.25942000,1.00368100,-0.46100300,-0.08296700,-0.35635100,0.05738700,-0.11256800,0.89635100,-0.07507000,0.26156500,0.03504856,-0.04445937,-0.31832600,0.29241100,-0.48373100,1.39118600,0.42690500,-0.46578600,-0.21862600,0.44880200,1.22075800,-0.10503500
0.00326000,0.04293900,0.70075482,-0.11851202,-0.01743100,-0.03347201,0.99223520,-0.31484400,0.21404700,-0.20087600,0.98171900,-0.47201500,-0.06797200,-0.45489100,0.01348500,-0.15141500,1.00450900,0.06259200,0.26175100,0.04825480,-0.04152552,-0.43229500,0.28771500,-0.46953600,1.39701600,0.41839400,-0.61557600,-0.23668000,0.49631700,1.20537700,-0.09793400
-0.00049600,0.05028000,0.69673724,-0.11795103,-0.01645500,-0.06147202,0.99097829,-0.29971000,0.23664700,-0.13642700,0.95369300,-0.47045000,-0.05650700,-0.55619600,-0.04962900,-0.19293800,1.11011500,0.17766600,0.26176500,0.06104858,-0.03748259,-0.54267100,0.29139500,-0.46188600,1.40487800,0.41666800,-0.76631400,-0.25269400,0.56040300,1.19000500,-0.09775100
-0.00377000,0.05619200,0.70139270,-0.11565995,-0.01625199,-0.08676596,0.98935854,-0.27547100,0.25683300,-0.07026600,0.91209500,-0.45413800,-0.04835000,-0.64734400,-0.10657300,-0.20127300,1.21115300,0.15508800,0.26176400,0.07241808,-0.03829279,-0.64644000,0.30271500,-0.48257200,1.42544300,0.44202700,-0.91517600,-0.26848800,0.64482300,1.18041200,-0.11360200
-0.00638200,0.06127300,0.70834800,-0.11112895,-0.01611399,-0.10725895,0.98786953,-0.24636900,0.26619600,-0.00851900,0.85872400,-0.42169600,-0.04425800,-0.73298200,-0.16303300,-0.19505400,1.31177500,0.08268000,0.26175800,0.08353793,-0.04286915,-0.74325800,0.31477400,-0.50777100,1.44542200,0.47132200,-1.05932100,-0.27871000,0.73892700,1.17400000,-0.13612700
-0.00795800,0.06568800,0.71760252,-0.10493797,-0.01524000,-0.12013096,0.98707868,-0.21779600,0.26300200,0.03950000,0.79204900,-0.37285800,-0.04472500,-0.81489800,-0.23329900,-0.19339500,1.40672600,0.05584300,0.26174800,0.09650345,-0.05062855,-0.83294900,0.32062800,-0.52043400,1.45308600,0.48789300,-1.19242200,-0.29244400,0.83541200,1.17161500,-0.16233400
-0.00889800,0.06939900,0.72870226,-0.09762104,-0.01255400,-0.12585205,0.98715439,-0.19505900,0.24919100,0.06917600,0.71765900,-0.30606900,-0.05165800,-0.89245300,-0.30815100,-0.18553000,1.49332700,0.04122400,0.26172600,0.11331763,-0.06229840,-0.91764300,0.31846200,-0.52831500,1.45434000,0.49840900,-1.31546800,-0.30213600,0.92873300,1.16797000,-0.18759200
-0.00943500,0.07254000,0.74169984,-0.08870196,-0.00686500,-0.12473295,0.98819357,-0.18453700,0.22164900,0.07475600,0.64143400,-0.21576500,-0.06477100,-0.96688400,-0.37782900,-0.16655200,1.57391400,0.01758600,0.26162200,0.13581399,-0.07726772,-0.99857300,0.30856900,-0.53045400,1.44832800,0.50150700,-1.42562100,-0.30816300,1.01083200,1.16159500,-0.20536700
-0.00964200,0.07494000,0.75461188,-0.08019802,0.00011000,-0.11775303,0.98979922,-0.18040400,0.19185800,0.06001500,0.56511700,-0.11648400,-0.09796000,-1.03600500,-0.44506500,-0.14386300,1.64952200,-0.00581500,0.26161600,0.16175203,-0.09188849,-1.07653500,0.29133200,-0.53048500,1.43922900,0.50074100,-1.52243100,-0.31693600,1.08325300,1.15410400,-0.22043600
-0.00970500,0.07632800,0.76620073,-0.07266398,0.00620100,-0.10530097,0.99176267,-0.17542200,0.16363400,0.02271200,0.49013400,-0.02175000,-0.17713100,-1.09706800,-0.51218900,-0.12556800,1.72022600,-0.02358900,0.26121800,0.18749645,-0.09787951,-1.15226700,0.26102100,-0.53210400,1.43195800,0.49952100,-1.60203700,-0.33263200,1.14594600,1.14720100,-0.23434700
-0.00956800,0.07693000,0.77601747,-0.06692697,0.01191500,-0.09358696,0.99328762,-0.17064000,0.14183800,-0.02072100,0.42325500,0.06327700,-0.26080200,-1.15203100,-0.56488900,-0.10563600,1.78402300,-0.02782700,0.26061300,0.21200574,-0.09899618,-1.21960500,0.23129700,-0.53199200,1.42355900,0.49656300,-1.67274700,-0.34288300,1.19623500,1.14169900,-0.24945200
-0.00919100,0.07678200,0.78376129,-0.06361002,0.01756901,-0.08585903,0.99411937,-0.16805500,0.13506700,-0.02606400,0.36879600,0.14264200,-0.26173300,-1.20310500,-0.59338700,-0.08112900,1.84197900,-0.00391400,0.25801100,0.23375556,-0.10482714,-1.27231700,0.21923900,-0.52894500,1.41316200,0.49349000,-1.74009000,-0.33580700,1.23220600,1.13672000,-0.26828400
-0.00872600,0.07607600,0.78961527,-0.06164597,0.02267599,-0.08091296,0.99455451,-0.16881300,0.14232000,-0.01867800,0.33657800,0.20824500,-0.26177800,-1.24420700,-0.60516200,-0.06007500,1.88730000,0.03058700,0.24895100,0.24954960,-0.11141144,-1.31241800,0.21803400,-0.52397900,1.39682300,0.49055600,-1.79972900,-0.31938500,1.24608800,1.13284200,-0.28470700
-0.00832700,0.07505100,0.79085773,-0.06168500,0.02695300,-0.07989001,0.99452807,-0.17586800,0.16970400,-0.00719000,0.34808700,0.21912200,-0.26174100,-1.26948400,-0.60155400,-0.05001300,1.91585100,0.05278100,0.21823300,0.25761322,-0.11585500,-1.34141300,0.22756300,-0.51807000,1.37172900,0.48926900,-1.85066700,-0.29994200,1.23026300,1.13030500,-0.29319300
-0.00793400,0.07364500,0.79219338,-0.06284503,0.02979202,-0.08230404,0.99417754,-0.18306800,0.20358200,0.00189500,0.38203000,0.19634300,-0.26154800,-1.27422000,-0.58750500,-0.05072900,1.92165000,0.07918800,0.19349500,0.25816054,-0.11719089,-1.35792100,0.24215800,-0.50779300,1.33687700,0.48596100,-1.88993100,-0.28074600,1.18527200,1.12527400,-0.29430700
-0.00763000,0.07182900,0.79195246,-0.06442401,0.03127100,-0.08691901,0.99363814,-0.18481400,0.23241200,0.01041700,0.41654900,0.16712900,-0.25286900,-1.25332300,-0.56877300,-0.06082300,1.89400100,0.12445700,0.20768700,0.24990893,-0.11608389,-1.36109300,0.25441400,-0.49193500,1.29163000,0.47829100,-1.91391000,-0.26563700,1.10756500,1.11630600,-0.28425900
-0.00712900,0.06978400,0.79053924,-0.06468697,0.03062299,-0.09219496,0.99316560,-0.17861700,0.24998200,0.03148200,0.44444600,0.14572900,-0.17428100,-1.21063500,-0.54824200,-0.07395500,1.83612000,0.17957600,0.24208200,0.23481420,-0.11506641,-1.34901100,0.26453200,-0.46626900,1.23554300,0.46396400,-1.91909900,-0.25123900,1.00867500,1.09849400,-0.26876700
-0.00623600,0.06777200,0.78703054,-0.06224800,0.02686500,-0.09784199,0.99288993,-0.16087300,0.25085900,0.04446100,0.45349000,0.16827500,-0.08389400,-1.14541600,-0.53965900,-0.09432900,1.74799700,0.23815500,0.26115600,0.21553145,-0.11274411,-1.31923300,0.26753600,-0.42512400,1.16657500,0.43941300,-1.90550900,-0.23426500,0.89882800,1.06791700,-0.25671500
-0.00475600,0.06554000,0.78290904,-0.05854301,0.02126200,-0.10380802,0.99264522,-0.13322200,0.24705100,0.05962200,0.44633700,0.20386300,-0.01241300,-1.06377900,-0.53345000,-0.12384200,1.63682800,0.29993000,0.26128800,0.19263112,-0.11069014,-1.27366100,0.26378500,-0.37256300,1.09211400,0.40927200,-1.86433200,-0.21587900,0.77904600,1.02669100,-0.23805100
-0.00241000,0.06288200,0.78340060,-0.05437900,0.01446600,-0.11025699,0.99230895,-0.09674100,0.24297100,0.08066400,0.42449300,0.22480900,0.00858100,-0.97279300,-0.51456000,-0.15088000,1.50703600,0.36882000,0.26160000,0.16695617,-0.10929586,-1.21316900,0.24952600,-0.30508400,1.01695900,0.36900800,-1.80127700,-0.17471900,0.64944000,0.96410800,-0.19603700
0.00075300,0.05989200,0.78185255,-0.05030103,0.00737000,-0.11765406,0.99175250,-0.05373400,0.23778900,0.09709500,0.39802600,0.22077100,-0.00488900,-0.87764800,-0.47921400,-0.16987200,1.36734200,0.42789400,0.26166600,0.13944575,-0.10752130,-1.14264400,0.23307500,-0.23672500,0.95088400,0.33522200,-1.72131800,-0.12872800,0.53264400,0.89535900,-0.15722000
0.00501000,0.05666900,0.77528320,-0.04748300,0.00073100,-0.12641501,0.99084009,-0.00431700,0.23541200,0.10264700,0.37709700,0.16276600,-0.04928700,-0.78354000,-0.41400100,-0.16814300,1.22603400,0.45241400,0.26168900,0.11220402,-0.10540128,-1.06993900,0.22574200,-0.18462700,0.90306700,0.32961300,-1.63135200,-0.08090700,0.45083100,0.83215900,-0.14347200
0.00964300,0.05286200,0.76535700,-0.04591901,-0.00497500,-0.13466502,0.98981414,0.04353800,0.23814300,0.11069600,0.36272700,0.07597100,-0.09398600,-0.69394200,-0.33643100,-0.14066500,1.09516500,0.45406900,0.26170000,0.08631559,-0.10341329,-0.99863300,0.21878200,-0.14174900,0.86876500,0.32961800,-1.57013500,-0.03760900,0.38694800,0.75959700,-0.14522500
0.01424500,0.04799500,0.75424664,-0.04577701,-0.00938600,-0.14127303,0.98886718,0.08375900,0.24364800,0.12324400,0.35525100,-0.01764300,-0.09951600,-0.61447400,-0.25744700,-0.08816100,0.98466100,0.46548400,0.26168100,0.05925450,-0.10462304,-0.92447600,0.20893800,-0.10629700,0.85111800,0.31367700,-1.51414000,-0.01502100,0.35079800,0.70026900,-0.15689500
0.01815200,0.04253800,0.74334504,-0.04254298,-0.01172400,-0.14303995,0.98873263,0.11085400,0.24186600,0.13153600,0.35501400,-0.11080100,-0.08304600,-0.54361300,-0.20182300,-0.03120900,0.90230700,0.43071500,0.26163900,0.03376747,-0.10526494,-0.86660800,0.19572800,-0.08957700,0.84210800,0.29875700,-1.46715000,0.00914700,0.34220000,0.66035500,-0.16657100
0.02059000,0.03680700,0.73817802,-0.03246500,-0.01171200,-0.13737901,0.98991710,0.12089300,0.22601000,0.13458800,0.36029300,-0.19427200,-0.04579300,-0.48139900,-0.19836600,-0.00375500,0.87222400,0.24499700,0.26152600,0.01558481,-0.09953775,-0.84166000,0.18471300,-0.10084000,0.83293600,0.29857300,-1.43932800,0.01379000,0.34801200,0.64529500,-0.16571700
0.02150000,0.03082700,0.72441024,-0.01922500,-0.01016400,-0.12581603,0.99181521,0.10987400,0.20309700,0.11849900,0.37985000,-0.26228900,-0.01150100,-0.43609100,-0.22261100,-0.00333200,0.87165300,0.02280800,0.26088000,0.00462869,-0.08793965,-0.84734500,0.17511700,-0.12665600,0.82204000,0.30523000,-1.42730300,-0.00255500,0.37217400,0.65089600,-0.16281200
0.02051200,0.02510200,0.71660291,-0.00376200,-0.00626700,-0.10676504,0.99425741,0.07008300,0.17683500,0.07308100,0.42434500,-0.30737400,-0.01712100,-0.41600200,-0.26019100,-0.02318600,0.86883000,-0.10308300,0.26056800,0.00338025,-0.06960798,-0.88818000,0.16168100,-0.16895900,0.81442000,0.31917700,-1.44175500,-0.03662200,0.41418000,0.66546800,-0.16971400
0.01783900,0.01871900,0.71350194,0.00996800,-0.00012900,-0.08436997,0.99638463,0.00406200,0.15110700,0.01704500,0.49584400,-0.31387900,-0.04340900,-0.40636300,-0.29755100,-0.05830700,0.85905400,-0.17264100,0.24784500,0.00789960,-0.04828790,-0.95300400,0.14918800,-0.22022400,0.81485800,0.33259800,-1.46714300,-0.08328400,0.47339300,0.69284800,-0.17516900
0.01315900,0.01073500,0.71382292,0.01984199,0.00769100,-0.06213997,0.99784055,-0.09104300,0.12722700,-0.05302500,0.59960800,-0.25367700,-0.07785700,-0.40228500,-0.32235100,-0.09044600,0.84350800,-0.20382300,0.24090300,0.01053279,-0.02886062,-1.03345100,0.14003500,-0.26346300,0.82046400,0.33482500,-1.51001000,-0.14805800,0.54299900,0.72642900,-0.17688800
0.00765400,0.00163800,0.71848384,0.02740800,0.01566300,-0.03655600,0.99883288,-0.20613400,0.11150200,-0.09757900,0.71728400,-0.15245400,-0.12639100,-0.39312500,-0.34479300,-0.13117100,0.81530000,-0.20688600,0.24000500,0.00871889,-0.01471250,-1.12637700,0.13401400,-0.31740100,0.83968000,0.33786000,-1.57945500,-0.19155900,0.61767900,0.75243500,-0.17605400
0.00211500,-0.00897100,0.72399217,0.03189000,0.02218200,-0.00533000,0.99923099,-0.34235200,0.12423200,-0.07813600,0.84063300,-0.00922600,-0.19293600,-0.36150100,-0.36594300,-0.19713700,0.76146400,-0.19768500,0.23508400,-0.00055482,-0.00911262,-1.22663300,0.12081700,-0.40382200,0.88502200,0.34996400,-1.63804100,-0.24667600,0.69657600,0.79089500,-0.16872700
-0.00266900,-0.01957200,0.72787718,0.03515001,0.02654701,0.02776901,0.99864339,-0.48083300,0.16763100,-0.02340900,0.96762300,0.10517900,-0.24437300,-0.31346300,-0.38561800,-0.27947300,0.69199400,-0.17642900,0.23050100,-0.01555919,-0.01020718,-1.32394700,0.09721300,-0.49901000,0.93927300,0.36783900,-1.69566100,-0.31119600,0.77100900,0.83237000,-0.16692100
-0.00530400,-0.02876900,0.73308922,0.03741701,0.02797901,0.05809501,0.99721718,-0.59208800,0.24456000,0.06457800,1.09412100,0.09394700,-0.25312500,-0.25055500,-0.40008200,-0.37049900,0.61207700,-0.14979800,0.22490600,-0.03285011,-0.01326633,-1.40903300,0.06374300,-0.58601400,0.99153600,0.39119300,-1.74363400,-0.36422000,0.83899800,0.87613900,-0.16757800
-0.00677700,-0.03668500,0.73825795,0.03888898,0.02793099,0.08245996,0.99544355,-0.68364700,0.33230600,0.14744300,1.23144700,0.03348200,-0.23900900,-0.18984200,-0.40455000,-0.45313100,0.53385400,-0.11287100,0.22910700,-0.05366385,-0.01350629,-1.47837200,0.02506800,-0.65926600,1.04290600,0.41364800,-1.77327100,-0.41159300,0.89468400,0.92709800,-0.17447000
-0.00745100,-0.04277700,0.74434039,0.04048701,0.02869401,0.09870803,0.99387835,-0.77358100,0.40661700,0.19925400,1.38946900,-0.00869600,-0.20756700,-0.15209800,-0.40480200,-0.50612600,0.47387600,-0.06022200,0.25302400,-0.07977588,-0.00833401,-1.52723000,-0.01346200,-0.71072400,1.09166600,0.42818600,-1.80061000,-0.45287900,0.93407600,0.97942900,-0.20457400
-0.00781000,-0.04725000,0.75145453,0.04231302,0.03022101,0.10700905,0.99289746,-0.85630800,0.46956600,0.22611400,1.55522700,-0.04461500,-0.16944700,-0.13344600,-0.40113000,-0.53268600,0.42501800,0.00246600,0.26161700,-0.10996910,0.00074704,-1.55468100,-0.05384600,-0.74608000,1.13962900,0.43874100,-1.81633000,-0.48553400,0.95663000,1.02577300,-0.24072800
-0.00853100,-0.05004200,0.76001008,0.04338201,0.03138201,0.10670303,0.99284824,-0.92858200,0.51297500,0.22851600,1.72134400,-0.06834100,-0.13288500,-0.12715200,-0.39211900,-0.53553100,0.38230400,0.08020500,0.26162100,-0.14042509,0.00953714,-1.56201500,-0.08034900,-0.76424900,1.18670600,0.44807800,-1.81973600,-0.50554300,0.95838100,1.05757700,-0.27309700
-0.00933500,-0.05180800,0.76821442,0.04370300,0.03253900,0.10177601,0.99331410,-0.99121600,0.54575600,0.22120000,1.87917400,-0.07690400,-0.10625900,-0.12989900,-0.38088200,-0.51901200,0.34814800,0.15763600,0.26172900,-0.16914110,0.01724075,-1.55949500,-0.08898200,-0.76961900,1.22306600,0.45811400,-1.80846300,-0.51632400,0.93135400,1.07516400,-0.29194200
-0.01028200,-0.05313200,0.77442594,0.04367098,0.03408999,0.09411596,0.99401856,-1.04107200,0.57667600,0.21386800,2.02217200,-0.06669000,-0.10043800,-0.13892600,-0.37135800,-0.49119800,0.32365800,0.21936800,0.26175300,-0.19614387,0.02510118,-1.54999900,-0.08506700,-0.77095600,1.24700100,0.47192500,-1.77859300,-0.51494600,0.86320500,1.07794200,-0.27655500
-0.01109000,-0.05397400,0.77902747,0.04393501,0.03533401,0.08462703,0.99481631,-1.07474600,0.60690300,0.20886800,2.13941900,-0.04334300,-0.10721800,-0.15286900,-0.36043800,-0.44054900,0.31357600,0.26044100,0.26176200,-0.21974518,0.03251340,-1.53385900,-0.07656300,-0.76266700,1.25251800,0.48043400,-1.73432300,-0.50692400,0.77273800,1.06117400,-0.24993900
-0.01139500,-0.05443200,0.78159836,0.04503400,0.03561000,0.07553599,0.99548892,-1.08816500,0.64135500,0.20946600,2.22001500,-0.01374800,-0.12544000,-0.17313800,-0.34182200,-0.34175200,0.32761600,0.25667100,0.26176400,-0.23718292,0.03872451,-1.50929200,-0.06070200,-0.73827500,1.23432000,0.47906300,-1.67908400,-0.49783500,0.67730000,1.02128100,-0.23268600
-0.01152300,-0.05460200,0.78540122,0.04593902,0.03531801,0.06529102,0.99618238,-1.08292100,0.67710300,0.21547500,2.25925100,0.02429400,-0.14310400,-0.19405500,-0.31501400,-0.22161600,0.35643300,0.22293000,0.26176200,-0.24833271,0.04478591,-1.47119000,-0.03140100,-0.69402900,1.20125700,0.46799500,-1.61273900,-0.48267000,0.57820000,0.96289800,-0.21899300
-0.01176200,-0.05460100,0.78758702,0.04633002,0.03397301,0.05391702,0.99689133,-1.05788600,0.71688000,0.23035600,2.24607500,0.07271300,-0.13767500,-0.20876000,-0.28235800,-0.09881900,0.38927600,0.16849200,0.26177800,-0.25181879,0.04939665,-1.41638700,0.00172800,-0.62052100,1.15440300,0.43926200,-1.53317300,-0.45818000,0.48434500,0.88990000,-0.21067800
-0.01186500,-0.05438300,0.78753774,0.04477798,0.03119299,0.04320798,0.99757456,-1.01901600,0.74890600,0.25423000,2.18899500,0.12252000,-0.13411500,-0.21388900,-0.25088200,-0.00408200,0.41733800,0.13085600,0.26173800,-0.24776908,0.05297701,-1.34962300,0.03478400,-0.53626400,1.10153300,0.40620200,-1.44235700,-0.42170900,0.39544900,0.80951500,-0.20370300
-0.01192300,-0.05393800,0.78496768,0.04052500,0.02740500,0.03457700,0.99820395,-0.97532100,0.76032600,0.27630100,2.08936300,0.16642900,-0.16315600,-0.20714900,-0.23482000,0.01771600,0.42470300,0.15114000,0.26172400,-0.23696906,0.05518340,-1.27811400,0.05758900,-0.45795200,1.05330100,0.37491500,-1.34495800,-0.37267200,0.31362600,0.72753500,-0.19202800
-0.01117700,-0.05350700,0.78014180,0.03408401,0.02164001,0.03132901,0.99869339,-0.92624300,0.74443700,0.29232900,1.96016000,0.20079600,-0.19474500,-0.18517300,-0.22751600,0.00059700,0.41439700,0.18394900,0.26168600,-0.22019284,0.05267983,-1.20531400,0.06756700,-0.38990500,1.01053600,0.34798300,-1.24207700,-0.31686500,0.24423200,0.64889600,-0.17736900
-0.00852700,-0.05343300,0.77551580,0.02627600,0.01355300,0.03600700,0.99891410,-0.87031700,0.68939200,0.29887400,1.81260300,0.21905200,-0.19724200,-0.14518300,-0.21803400,-0.02548000,0.39228500,0.18952400,0.26166000,-0.20097756,0.04475256,-1.13422800,0.06524400,-0.34154700,0.97496700,0.33361800,-1.13104900,-0.26049800,0.17795100,0.58049600,-0.15563700
-0.00509500,-0.05339400,0.77134499,0.01895000,0.00587800,0.04441301,0.99881621,-0.81175500,0.60617500,0.28261900,1.65769300,0.22850400,-0.19044500,-0.09995200,-0.21001900,-0.06519400,0.37119500,0.16370300,0.25006000,-0.18220418,0.03269608,-1.07488100,0.05645400,-0.31159300,0.94911400,0.32641800,-1.03098300,-0.20755800,0.13444200,0.52592400,-0.13588400
-0.00146100,-0.05328000,0.76214402,0.01283000,-0.00027600,0.05358200,0.99848099,-0.75373100,0.49828900,0.23616000,1.50495500,0.23248100,-0.19475900,-0.05760900,-0.20384400,-0.11261000,0.36455000,0.08563400,0.22895500,-0.16480109,0.01807649,-1.03533800,0.05030300,-0.30108900,0.93379100,0.32092100,-0.95922100,-0.17673900,0.12680000,0.48910900,-0.12824800
0.00183100,-0.05266000,0.75028726,0.00754600,-0.00494600,0.06274897,0.99798856,-0.69093500,0.38388800,0.16355300,1.36473600,0.23565200,-0.20062900,-0.02463000,-0.19803600,-0.15244900,0.37270900,-0.01452300,0.21654100,-0.14935334,0.00175752,-1.01572500,0.04409300,-0.30690600,0.92590800,0.31985700,-0.91708700,-0.17109300,0.14193200,0.46861500,-0.12647000
0.00400100,-0.05138600,0.73851800,0.00315300,-0.00748000,0.07055400,0.99747493,-0.63214900,0.28927200,0.08896500,1.25209900,0.28123800,-0.17327800,-0.01042800,-0.19457700,-0.17711000,0.39662500,-0.11053200,0.19621900,-0.13571052,-0.01269965,-1.01844400,0.03432400,-0.33215300,0.92965800,0.32809100,-0.90770800,-0.19558300,0.17645700,0.46407000,-0.13034800
0.00516700,-0.04841300,0.72798767,-0.00312200,-0.00899000,0.07248501,0.99732410,-0.57103700,0.22539600,0.02567200,1.16486900,0.29195400,-0.15311400,-0.01187300,-0.18547100,-0.18124400,0.43088500,-0.19052200,0.17853100,-0.12297477,-0.02514524,-1.03747500,0.02824700,-0.37218800,0.94378400,0.34159400,-0.92933700,-0.24239000,0.23093700,0.46937000,-0.13957500
0.00515700,-0.04211700,0.72088126,-0.01526099,-0.01104300,0.06441197,0.99774558,-0.49653500,0.20907400,-0.01562500,1.11412800,0.14443600,-0.19242800,-0.02261600,-0.15981800,-0.16283800,0.46230800,-0.24030400,0.16876400,-0.10854168,-0.03771493,-1.06755900,0.02893400,-0.42384000,0.96593600,0.35935700,-0.98584600,-0.29387100,0.31370700,0.47604300,-0.15883300
0.00406700,-0.03414900,0.71596397,-0.03183901,-0.01252500,0.04872002,0.99822631,-0.42954200,0.23647500,-0.02249800,1.08370000,-0.04469800,-0.22206800,-0.05700300,-0.12255400,-0.12479400,0.51157800,-0.24643700,0.17033800,-0.09228606,-0.04983160,-1.10589600,0.03760800,-0.47865400,0.98985900,0.37905500,-1.07034100,-0.34654200,0.41120300,0.48569900,-0.17776500
0.00180800,-0.02577200,0.71655596,-0.05132701,-0.01111900,0.02463400,0.99831612,-0.38330100,0.28287600,0.00404900,1.04659000,-0.16932700,-0.20745800,-0.13375900,-0.07428200,-0.05870500,0.60958000,-0.19285300,0.19508900,-0.07819782,-0.06161161,-1.15310900,0.05450300,-0.52526000,1.00645800,0.39578400,-1.18016500,-0.39688800,0.51211300,0.49805000,-0.18746500
-0.00121200,-0.01683300,0.71892443,-0.06925800,-0.00759000,-0.00465200,0.99755906,-0.34456400,0.33025600,0.05392600,0.99934300,-0.24790300,-0.17646000,-0.23674600,-0.03170400,-0.00390900,0.72810200,-0.08859000,0.25012100,-0.06586212,-0.06980680,-1.20278300,0.07981200,-0.57008600,1.01948500,0.41511000,-1.30314000,-0.42547000,0.60749700,0.51153600,-0.18522500
-0.00490200,-0.00722000,0.72512409,-0.08249298,-0.00252300,-0.03625699,0.99592870,-0.30835200,0.36605100,0.11431000,0.93817300,-0.27070500,-0.15149300,-0.36160000,-0.01734400,-0.00843800,0.84472800,0.09614000,0.26168500,-0.05418698,-0.07140296,-1.25558900,0.11347100,-0.62053300,1.02813100,0.44407600,-1.41498200,-0.43569500,0.68167900,0.53910500,-0.15850900
-0.00845700,0.00244100,0.72388390,-0.09044602,0.00245100,-0.06720501,0.99362820,-0.26997100,0.38991200,0.18525200,0.86772000,-0.25797400,-0.13221500,-0.49112500,-0.05244100,-0.05839500,0.95517500,0.25447500,0.26176900,-0.04215988,-0.06905941,-1.30944500,0.13217100,-0.66560900,1.03644300,0.47044000,-1.52276900,-0.43387200,0.74800700,0.57557500,-0.13857500
-0.01099900,0.01162200,0.72978692,-0.09119404,0.00610200,-0.09222704,0.99153446,-0.22560100,0.39535300,0.26097600,0.79012300,-0.23322700,-0.11210200,-0.59613400,-0.14922700,-0.13898300,1.05560800,0.25344600,0.26176900,-0.02587602,-0.06676998,-1.34631600,0.15341600,-0.68650000,1.05514300,0.48653800,-1.62897700,-0.42759700,0.82350700,0.62261900,-0.16087000
-0.01264100,0.02009600,0.73833754,-0.08881501,0.00831100,-0.11082902,0.98982814,-0.18208100,0.38924100,0.33012200,0.71399200,-0.19390600,-0.10143800,-0.68372500,-0.26479600,-0.20481400,1.15975800,0.17890300,0.26176000,-0.00485790,-0.06918877,-1.37489700,0.18174800,-0.68529500,1.07626700,0.49837000,-1.72183000,-0.40569200,0.89050800,0.67976100,-0.20146300
-0.01295800,0.02737200,0.74678828,-0.08609601,0.00794900,-0.12407201,0.98849908,-0.14124300,0.38001900,0.38491200,0.64797300,-0.13972700,-0.11044300,-0.76949700,-0.35981800,-0.22671300,1.27418700,0.09603800,0.26133300,0.02123917,-0.07573165,-1.38614000,0.20447100,-0.66527600,1.10501500,0.50215400,-1.79515900,-0.37173000,0.93358600,0.74432200,-0.25054800
-0.01269700,0.03362000,0.75515352,-0.08372397,0.00673200,-0.13454195,0.98734160,-0.10975900,0.36947400,0.42140200,0.59450900,-0.07510700,-0.13273300,-0.85349200,-0.44220000,-0.22815500,1.38859300,0.02812300,0.24351200,0.05058949,-0.08261487,-1.38262000,0.22724700,-0.63512500,1.13509400,0.50395400,-1.85054000,-0.33308200,0.94496500,0.80661800,-0.29264800
-0.01246100,0.03878400,0.76376596,-0.08224398,0.00606600,-0.14343497,0.98621780,-0.09293300,0.35968200,0.43533700,0.55691000,0.00059900,-0.17399500,-0.93617100,-0.51417300,-0.22226300,1.49475500,0.03913800,0.21739300,0.07954379,-0.08925343,-1.37105300,0.25232500,-0.60417900,1.15677100,0.51185500,-1.88108800,-0.28871200,0.91356800,0.86503500,-0.30142400
-0.01221300,0.04320300,0.77095797,-0.08179804,0.00624800,-0.14936907,0.98537248,-0.09237100,0.35168100,0.42390000,0.53924600,0.07021000,-0.21653300,-1.01457000,-0.56737900,-0.19694500,1.58781000,0.09696900,0.22820000,0.10866885,-0.09602581,-1.35084000,0.27486100,-0.56861900,1.17144800,0.51777800,-1.89279200,-0.25069500,0.85763800,0.91029600,-0.29985700
-0.01224500,0.04720400,0.77503274,-0.08256197,0.00780600,-0.15204294,0.98488859,-0.11287500,0.34975800,0.39092700,0.55257600,0.11716600,-0.23908600,-1.08368700,-0.59879500,-0.16399400,1.66537100,0.16796100,0.25661000,0.13752238,-0.10216206,-1.32752900,0.29114800,-0.52509600,1.17613800,0.51610700,-1.89587100,-0.22588100,0.78989100,0.92757600,-0.30558100
-0.01217400,0.05075200,0.77626353,-0.08412102,0.00899000,-0.15208403,0.98474021,-0.14343300,0.34747700,0.34340700,0.58520300,0.14104500,-0.24320500,-1.13433400,-0.62107900,-0.14328700,1.72582400,0.23159200,0.26156300,0.16380337,-0.10521580,-1.30040800,0.30312200,-0.47533400,1.16925400,0.51076100,-1.88150200,-0.21504200,0.71312200,0.92275900,-0.30908300
-0.01167700,0.05392800,0.77724009,-0.08659898,0.00840100,-0.14871096,0.98504573,-0.17474400,0.33902400,0.28348400,0.62785700,0.13183900,-0.21556000,-1.15986000,-0.63118200,-0.13045900,1.76880100,0.26245200,0.26119800,0.18656138,-0.10259265,-1.26749000,0.30520200,-0.42121000,1.15075900,0.50519500,-1.84074700,-0.21627100,0.63315600,0.90131900,-0.30428100
-0.01090300,0.05662000,0.77919939,-0.08942998,0.00640400,-0.14507597,0.98534980,-0.20072600,0.32453700,0.22328100,0.66903200,0.11464300,-0.18053200,-1.15962300,-0.63670200,-0.13225700,1.79092100,0.28176900,0.25900300,0.20331504,-0.09515872,-1.22821200,0.29890600,-0.36556200,1.12226600,0.49847200,-1.78279700,-0.21930100,0.55366000,0.86598500,-0.29363000
-0.00999600,0.05864300,0.77927104,-0.09185900,0.00246100,-0.14336199,0.98539495,-0.21186900,0.30649900,0.17333600,0.69207100,0.11536100,-0.17389200,-1.13081000,-0.64859700,-0.15447200,1.78674200,0.30195600,0.26145600,0.20982357,-0.08432638,-1.17949400,0.29187200,-0.30948200,1.08404400,0.48954100,-1.71329900,-0.22144400,0.47724300,0.82239200,-0.27822200
-0.00865700,0.06025400,0.77758986,-0.09314699,-0.00384500,-0.14411398,0.98515989,-0.20602600,0.28297800,0.13171000,0.69447000,0.12556500,-0.16948200,-1.07695500,-0.66012700,-0.18958300,1.75583000,0.32770000,0.26122200,0.20794799,-0.07078652,-1.12249900,0.27873800,-0.25942100,1.04714700,0.47867700,-1.63318200,-0.21586600,0.41162900,0.78110900,-0.25999000
-0.00655200,0.06183500,0.77433217,-0.09410701,-0.01290400,-0.14901502,0.98426210,-0.17687800,0.25201800,0.09544600,0.66262200,0.14672100,-0.13992300,-0.99538200,-0.66607500,-0.23328200,1.69318500,0.38208000,0.26154800,0.20091562,-0.05518881,-1.05629200,0.25761300,-0.21962100,1.02333500,0.46157300,-1.54792300,-0.20261900,0.35974100,0.74993500,-0.24129600
-0.00382900,0.06310900,0.77673415,-0.09479303,-0.02336601,-0.15648406,0.98284335,-0.13638300,0.22696200,0.07638700,0.62465600,0.16167200,-0.09807700,-0.89756400,-0.66111100,-0.28031200,1.60832800,0.43777300,0.26162800,0.19036452,-0.03889682,-0.99188300,0.24065800,-0.18800500,1.00367000,0.44637400,-1.46501100,-0.18243700,0.32370600,0.73004800,-0.22370800
-0.00033500,0.06374400,0.77471917,-0.09470098,-0.03310299,-0.16560296,0.98107674,-0.09932700,0.21662700,0.09044200,0.61370900,0.14248100,-0.04980500,-0.80046500,-0.63839500,-0.31678400,1.51148600,0.45983100,0.26162500,0.17903295,-0.02341860,-0.93902200,0.22947900,-0.17123700,0.98683600,0.44193500,-1.39278700,-0.15743300,0.30873500,0.72278200,-0.21114100
0.00321900,0.06394200,0.76900091,-0.09435599,-0.04125400,-0.17573199,0.97903694,-0.06821600,0.21234900,0.11715900,0.62073700,0.09241300,-0.00667500,-0.70502900,-0.60264800,-0.34448200,1.40734500,0.46346100,0.26156800,0.16671350,-0.00767457,-0.90023200,0.22193900,-0.16293500,0.97377100,0.43979600,-1.34084700,-0.13563400,0.30694400,0.72272500,-0.20036400
0.00613300,0.06384100,0.76011748,-0.09392003,-0.04770602,-0.18558006,0.97696633,-0.04662700,0.20868100,0.14144900,0.64445600,0.01821400,0.01186900,-0.61284600,-0.55578200,-0.36251500,1.29962700,0.45798100,0.26126000,0.15337684,0.00678841,-0.87890900,0.22082800,-0.15693100,0.96330000,0.43531700,-1.30985200,-0.11919400,0.31646700,0.72920400,-0.18778100
0.00849000,0.06326700,0.74895583,-0.09319403,-0.05290301,-0.19332305,0.97526527,-0.03317100,0.20520200,0.15792500,0.67963600,-0.07001800,0.02050400,-0.52262200,-0.50565500,-0.37573400,1.19077100,0.45000700,0.26154300,0.13891348,0.01984500,-0.87484700,0.22272000,-0.15506200,0.95938300,0.42893300,-1.29828000,-0.11490200,0.33978600,0.74152700,-0.17758800
0.01012500,0.06218900,0.73623270,-0.09219396,-0.05713997,-0.19716590,0.97435153,-0.02693300,0.19878900,0.15911300,0.72126700,-0.16562600,0.02418200,-0.43294700,-0.45398600,-0.39034600,1.07953100,0.47426300,0.26026600,0.12317777,0.03222105,-0.88893400,0.22391900,-0.15323500,0.96275500,0.41782200,-1.30937900,-0.12817600,0.37794700,0.75708000,-0.17441700
0.01105000,0.06028400,0.72294083,-0.09049002,-0.05943601,-0.19660505,0.97448724,-0.03069200,0.19194700,0.15298600,0.76631900,-0.26109600,0.02864600,-0.34569700,-0.41288000,-0.41807300,0.97886300,0.45543900,0.25095700,0.10634568,0.04234773,-0.92188300,0.22539700,-0.15824300,0.97247600,0.40902400,-1.33674500,-0.15706100,0.42912700,0.77329700,-0.17532400
0.01124000,0.05643900,0.71505952,-0.08790201,-0.05797701,-0.18990603,0.97613913,-0.04894300,0.18904900,0.14233500,0.81054800,-0.34948200,0.04595900,-0.25161800,-0.39481000,-0.49902300,0.90692300,0.25374200,0.20978700,0.08517792,0.04991496,-0.97549300,0.22600900,-0.18025200,0.99014500,0.41195200,-1.38161900,-0.20265400,0.48695900,0.78243100,-0.18082600
0.01078800,0.05326200,0.70224790,-0.08282403,-0.05361002,-0.17847106,0.97898633,-0.07880000,0.18148500,0.12613100,0.85058100,-0.41743800,0.06263600,-0.18307700,-0.39000000,-0.58259800,0.87061100,0.02769800,0.17134100,0.06729161,0.05104723,-1.04362100,0.22449900,-0.20896400,1.00963400,0.42208400,-1.43694600,-0.25008800,0.56131600,0.78792600,-0.18867900
0.00966300,0.05327300,0.69752745,-0.07420700,-0.04679500,-0.16358301,0.98262106,-0.12171100,0.16121700,0.10411500,0.88610800,-0.45051700,0.07036100,-0.17549800,-0.41245400,-0.61984200,0.87774900,-0.04340800,0.16875300,0.06457371,0.04327176,-1.12419900,0.22165600,-0.23499500,1.02093700,0.43688300,-1.50236100,-0.30177400,0.65841800,0.78867000,-0.20234400
0.00806900,0.05543500,0.69928946,-0.06697601,-0.03809000,-0.14967801,0.98572809,-0.16283700,0.14082000,0.08413700,0.90602800,-0.45582000,0.07029700,-0.21012600,-0.44998500,-0.61985800,0.91215500,-0.00720900,0.18703600,0.07446911,0.02965602,-1.20662000,0.21484000,-0.26383700,1.03241200,0.45316400,-1.58398200,-0.34580600,0.75712600,0.78478400,-0.21513000
0.00597300,0.06010900,0.70713649,-0.06303303,-0.03057301,-0.14275607,0.98727546,-0.18339800,0.12788800,0.07603200,0.89657000,-0.43626700,0.06072000,-0.28736200,-0.48864000,-0.56493300,0.96743600,0.14681500,0.22134800,0.09664523,0.01461529,-1.27552100,0.20095100,-0.29709900,1.05232200,0.46410900,-1.65817300,-0.36716100,0.84940700,0.79370900,-0.21358800
0.00381200,0.06494000,0.71180848,-0.06316899,-0.02510699,-0.14211897,0.98751279,-0.18595000,0.12728400,0.07893000,0.86184500,-0.39569700,0.04358700,-0.38490100,-0.50904500,-0.48058600,1.02959000,0.31998600,0.25794300,0.12385336,0.00246899,-1.33466400,0.19054300,-0.33585100,1.07725400,0.47917100,-1.72830000,-0.37202600,0.92610200,0.80727200,-0.20904900
0.00201900,0.06747900,0.71493184,-0.06795600,-0.02030000,-0.14870500,0.98633499,-0.17092500,0.14365800,0.09538400,0.80010900,-0.34085300,0.02144400,-0.47234200,-0.50536600,-0.41161900,1.08448300,0.38760300,0.25897100,0.14153579,-0.00659457,-1.38677200,0.18776500,-0.39638700,1.11024100,0.51545300,-1.79404300,-0.36354200,0.97125800,0.81978300,-0.20322700
0.00067000,0.06865700,0.72795518,-0.07105897,-0.01630399,-0.15672594,0.98494760,-0.14888600,0.15769900,0.11653600,0.72462600,-0.27022800,-0.00466000,-0.55359000,-0.50081100,-0.35089300,1.14621200,0.39359700,0.26032400,0.15273151,-0.01235118,-1.42742300,0.17815200,-0.45101900,1.14611600,0.55220000,-1.84892100,-0.34552700,0.99265800,0.83685700,-0.19893800
0.00030200,0.06843400,0.74185506,-0.06881601,-0.01278700,-0.16035802,0.98457410,-0.13257400,0.15627900,0.12974600,0.64805200,-0.17764100,-0.02943600,-0.62724600,-0.51985800,-0.30937100,1.22279200,0.35698400,0.25808900,0.16288117,-0.01372364,-1.45474800,0.16785400,-0.47108100,1.17699300,0.57123400,-1.88893800,-0.31804500,0.99627200,0.86163100,-0.20058900
-0.00002400,0.06726900,0.75480809,-0.06416701,-0.00756100,-0.16006202,0.98499014,-0.12513300,0.14853200,0.12938000,0.57495100,-0.08105800,-0.06892400,-0.69908700,-0.55482500,-0.28143600,1.30793700,0.29474900,0.24699900,0.17216254,-0.01378116,-1.47296800,0.15906700,-0.46948000,1.19958000,0.57886500,-1.91428600,-0.28961300,0.97960600,0.88888600,-0.20871600
-0.00118800,0.06554800,0.76472695,-0.05812599,-0.00053400,-0.15442696,0.98629275,-0.12819900,0.13641900,0.10437800,0.51240300,-0.00117000,-0.15430000,-0.76901400,-0.60573300,-0.26644500,1.39995700,0.22049500,0.21271900,0.18162845,-0.01309048,-1.48349900,0.14930200,-0.44198500,1.21070000,0.56770000,-1.92694700,-0.26910900,0.94310000,0.91524300,-0.22408800
-0.00280200,0.06357600,0.77245259,-0.05274600,0.00749400,-0.14606100,0.98784001,-0.14021000,0.12351400,0.06105500,0.46693700,0.06342100,-0.25001000,-0.83474900,-0.65935000,-0.25676400,1.48905800,0.15778200,0.17436800,0.19168627,-0.01402693,-1.48722600,0.14554600,-0.40075900,1.21109900,0.54975500,-1.92926300,-0.25560900,0.89132500,0.93163900,-0.24641500
-0.00490200,0.06178900,0.77810819,-0.04930800,0.01614000,-0.13626499,0.98931293,-0.16176900,0.11656500,0.03078300,0.44426300,0.11734900,-0.26154700,-0.89428700,-0.70685500,-0.25190500,1.56598000,0.14363900,0.15198400,0.20196012,-0.02035707,-1.48618300,0.14765400,-0.36391600,1.20464900,0.54075100,-1.92875200,-0.24983900,0.83336300,0.93206700,-0.28446000
-0.00718900,0.05986600,0.78259043,-0.04819300,0.02431400,-0.12700601,0.99043210,-0.18747200,0.11819100,0.00239200,0.44656900,0.15217700,-0.26170000,-0.94250300,-0.73983800,-0.24750000,1.62407900,0.16625100,0.14400000,0.21103997,-0.02940898,-1.47548600,0.15092300,-0.32454200,1.18965500,0.53162800,-1.90798200,-0.24899100,0.76035500,0.92006700,-0.31323800
-0.00940900,0.05763900,0.78622868,-0.05015101,0.03102300,-0.12204502,0.99077115,-0.21450200,0.12944700,-0.02989600,0.48454600,0.14946600,-0.26145000,-0.97937500,-0.74093300,-0.23924700,1.65666100,0.22899900,0.14789000,0.21659865,-0.03768131,-1.44923600,0.15501300,-0.27597800,1.16066400,0.51632000,-1.85837300,-0.23311700,0.66069500,0.89002500,-0.30380700
-0.01147000,0.05503200,0.78746595,-0.05345601,0.03586201,-0.12066303,0.99060426,-0.24001700,0.14603400,-0.05254400,0.53948800,0.13288800,-0.25432700,-0.99891900,-0.71946700,-0.23537500,1.66177900,0.30333600,0.16501000,0.21698080,-0.04414080,-1.40983600,0.15983600,-0.22480400,1.12344600,0.50229500,-1.79715300,-0.20590100,0.55462100,0.84561200,-0.27988800
-0.01320300,0.05191700,0.78709500,-0.05699599,0.03913499,-0.12170998,0.99015483,-0.25988200,0.17024900,-0.03761000,0.59288900,0.11489200,-0.21452100,-0.99346100,-0.68552300,-0.24217800,1.63511800,0.35626300,0.19674900,0.20992830,-0.05131045,-1.35871900,0.16685100,-0.17308400,1.07839200,0.49448200,-1.71981800,-0.17189600,0.45586000,0.79605900,-0.25020300
-0.01456700,0.04839200,0.78502749,-0.05960502,0.03978801,-0.12421204,0.98966435,-0.26945900,0.19165100,-0.01744800,0.63567600,0.10837300,-0.17034200,-0.96523100,-0.63849000,-0.25286300,1.58007500,0.38472800,0.23052800,0.19640383,-0.05695172,-1.29969500,0.17082800,-0.12723500,1.03263400,0.49075400,-1.63438900,-0.12161600,0.38024800,0.75387200,-0.22255000
-0.01569100,0.04455300,0.78090946,-0.06075202,0.03667301,-0.12594105,0.98949640,-0.26631800,0.19649500,-0.01786200,0.65436000,0.14779000,-0.11960600,-0.90875500,-0.58332800,-0.26554400,1.49587900,0.36689600,0.25109300,0.17849806,-0.05859836,-1.23891600,0.16319600,-0.09977100,0.99768200,0.49131300,-1.55406800,-0.08691600,0.34092200,0.73361300,-0.21468100
-0.01590200,0.04024500,0.77566245,-0.06127701,0.03116100,-0.12819802,0.98936312,-0.24640200,0.19837800,-0.01708600,0.64765800,0.18908600,-0.06802600,-0.83664300,-0.52152500,-0.27191400,1.39236300,0.33777600,0.25868600,0.15874352,-0.06005742,-1.17548900,0.15489800,-0.08489700,0.97347300,0.49398600,-1.47846700,-0.06079000,0.32416600,0.72711600,-0.21279200
-0.01437200,0.03528200,0.77647589,-0.06115197,0.02403599,-0.13226994,0.98903355,-0.20159500,0.20337700,0.00135000,0.60821400,0.18268900,-0.01087000,-0.76248400,-0.45161500,-0.25917600,1.27596200,0.34311700,0.26002200,0.13929649,-0.06538075,-1.10656200,0.15658800,-0.07826800,0.96399600,0.49720600,-1.40838300,-0.03030000,0.32853500,0.73371800,-0.21087300
-0.01167700,0.02987500,0.77408963,-0.06037702,0.01686901,-0.13551304,0.98879031,-0.14566400,0.20746200,0.02385700,0.55664900,0.13656600,0.03267600,-0.68603500,-0.37864100,-0.22822400,1.15498100,0.36041200,0.25898200,0.11986758,-0.07287568,-1.04226900,0.16504000,-0.07698300,0.96710700,0.50023500,-1.35133700,-0.00143200,0.34880000,0.74924200,-0.20720900
-0.00770100,0.02414900,0.76647886,-0.05975298,0.01117200,-0.13715494,0.98868260,-0.08819600,0.21168600,0.04197200,0.51326900,0.04604200,0.03063000,-0.61113700,-0.29833900,-0.17862200,1.03780200,0.38667800,0.24844700,0.10022670,-0.08259152,-0.98829900,0.17814300,-0.07713100,0.98316300,0.49943400,-1.31269700,0.01673000,0.37416800,0.76667300,-0.19704500
-0.00369300,0.01815400,0.75555603,-0.05719202,0.00824700,-0.13394705,0.98930240,-0.04245500,0.21351500,0.05188500,0.48024400,-0.06093500,0.01628000,-0.53829300,-0.23740400,-0.13247800,0.93751700,0.37745300,0.22761500,0.08157969,-0.08933827,-0.95579600,0.18805300,-0.08400900,1.00141000,0.50103900,-1.29316000,0.01721900,0.40625600,0.78435600,-0.18449700
-0.00064400,0.01220100,0.74411166,-0.05109700,0.00880400,-0.12257400,0.99110403,-0.01969600,0.20656100,0.04375400,0.46000000,-0.16299700,0.02739600,-0.46921200,-0.21805400,-0.11602800,0.87667800,0.25177000,0.21284900,0.06539896,-0.08568174,-0.95663600,0.18957500,-0.10817300,1.01572800,0.51658700,-1.29995100,-0.00830000,0.44087600,0.79453700,-0.17235200
0.00079000,0.00569700,0.73379856,-0.04111201,0.01268600,-0.10550902,0.99348715,-0.02402400,0.18897600,0.01693500,0.46098800,-0.24847700,0.04169900,-0.41285100,-0.22926100,-0.13091800,0.84028400,0.08132900,0.18997300,0.05287048,-0.07341685,-0.98444400,0.18159600,-0.13865000,1.02879600,0.53364600,-1.32431100,-0.05816600,0.48255300,0.80542600,-0.16416900
-0.00064900,-0.00200700,0.72505864,-0.02551400,0.01991000,-0.08170599,0.99613089,-0.06180900,0.15819700,-0.03244600,0.49082100,-0.30634500,0.03837400,-0.37488500,-0.26817100,-0.18696300,0.81149200,-0.06806300,0.14454600,0.04613029,-0.05388270,-1.03904300,0.16464700,-0.16279800,1.03342100,0.54201900,-1.37476700,-0.12461000,0.53281400,0.81513500,-0.17048000
-0.00418300,-0.01043000,0.72064539,-0.00887600,0.02853601,-0.05252602,0.99817229,-0.13061600,0.11805500,-0.08710300,0.55472000,-0.31487700,0.02259700,-0.34536500,-0.31328300,-0.25965500,0.78492600,-0.18781000,0.09751900,0.04373590,-0.03265964,-1.11040200,0.14286400,-0.18530700,1.03765700,0.54416500,-1.43210400,-0.19044600,0.60010000,0.82626700,-0.17785400
-0.00998600,-0.01925900,0.72432405,0.00672100,0.03830300,-0.01846900,0.99907287,-0.23959000,0.06596900,-0.15015600,0.66415200,-0.23057400,0.00273400,-0.32672800,-0.35665000,-0.32431900,0.75771700,-0.24123600,0.07856200,0.04409585,-0.01501316,-1.18917200,0.11839500,-0.20524300,1.04893300,0.53537300,-1.48837700,-0.27083100,0.68707100,0.84020700,-0.17956800
-0.01647500,-0.02854700,0.72950637,0.01935000,0.04654999,0.01915700,0.99854478,-0.37032000,0.03538400,-0.16133500,0.79073700,-0.09844500,-0.05210000,-0.30376600,-0.39688700,-0.39578700,0.72332000,-0.25066600,0.07417300,0.04377606,-0.00545748,-1.27593300,0.08806100,-0.22849900,1.06234000,0.52544300,-1.56722900,-0.34368200,0.78253200,0.84213400,-0.18943300
-0.02231000,-0.03868000,0.73087875,0.02671501,0.04995702,0.05631702,0.99680439,-0.51182400,0.07432100,-0.06553400,0.92187000,0.05358300,-0.21340700,-0.25887100,-0.42161200,-0.47967500,0.66946900,-0.23550600,0.07169300,0.03975160,-0.00613360,-1.36444200,0.05718600,-0.25877400,1.07910900,0.52353700,-1.63119900,-0.41595400,0.87961600,0.85328600,-0.20636400
-0.02687000,-0.04883800,0.72714092,0.03034500,0.05020500,0.09020401,0.99419408,-0.64284200,0.15756900,0.07568600,1.06312600,0.18213200,-0.26174700,-0.20566100,-0.43238100,-0.56729400,0.60835200,-0.20225600,0.07408600,0.02977038,-0.01092671,-1.44478900,0.03010900,-0.29158400,1.10125000,0.52764900,-1.69131600,-0.48462700,0.95116000,0.87441500,-0.22647200
-0.02852900,-0.05837000,0.73210024,0.03079000,0.04864500,0.11424600,0.99178299,-0.73959200,0.24403400,0.16258900,1.20822100,0.17641500,-0.26173000,-0.15687100,-0.42867200,-0.64158400,0.55025900,-0.16601300,0.07858400,0.00553722,-0.00697262,-1.51566100,-0.01016300,-0.33301400,1.13076700,0.54001000,-1.73535300,-0.53605900,0.98251700,0.91780100,-0.24321800
-0.02891400,-0.06663900,0.73736009,0.03091299,0.04676499,0.12814498,0.99016983,-0.81852900,0.32293900,0.21059700,1.36712300,0.10960600,-0.26016300,-0.12175300,-0.41958500,-0.69160100,0.50125500,-0.12110200,0.09046000,-0.02966961,0.00276443,-1.56914700,-0.04646700,-0.36859900,1.16580800,0.55532000,-1.76149200,-0.57840400,0.98342200,0.96858800,-0.26576400
-0.02909400,-0.07275800,0.74353876,0.03130299,0.04522998,0.13234995,0.98967563,-0.89671400,0.38728200,0.23725900,1.54316800,0.06301700,-0.23916400,-0.10728300,-0.41236600,-0.70942400,0.47198300,-0.06233300,0.11643400,-0.06869489,0.01032379,-1.60146700,-0.07568200,-0.38808700,1.20242200,0.56574800,-1.78427800,-0.60788300,0.96274400,1.00414600,-0.30165600
-0.02911300,-0.07704800,0.75023683,0.03149400,0.04406800,0.13103499,0.98989695,-0.97120400,0.44344600,0.24875600,1.72140100,0.02802700,-0.20574500,-0.10546600,-0.40711000,-0.70339000,0.45433700,0.00581800,0.15388400,-0.10871848,0.01403913,-1.62064600,-0.09878300,-0.39667300,1.23522200,0.57537000,-1.79346600,-0.62759600,0.91906000,1.02505400,-0.33386000
-0.02954400,-0.07916100,0.75831912,0.03096700,0.04242200,0.12555099,0.99069590,-1.03755500,0.50394000,0.25277600,1.89441600,0.00399800,-0.13239100,-0.10852800,-0.40109600,-0.68121700,0.43878300,0.08632700,0.20459400,-0.14625323,0.01093683,-1.62264600,-0.10358900,-0.39590600,1.26736900,0.58702100,-1.79194200,-0.63369900,0.84840100,1.02419200,-0.35058100
-0.02991300,-0.08012700,0.76600307,0.03115700,0.04077900,0.12015301,0.99142805,-1.09370200,0.55678800,0.24733700,2.05304400,-0.01669200,-0.06047000,-0.11775000,-0.39717800,-0.64103700,0.43061100,0.16423800,0.25620700,-0.17965740,0.00471061,-1.61401600,-0.10524400,-0.38927200,1.29283700,0.59411400,-1.77652800,-0.63383000,0.75609600,1.00827700,-0.35532800
-0.02991400,-0.08083600,0.77250574,0.03414899,0.04092699,0.11851298,0.99152080,-1.13469400,0.59593600,0.24015100,2.19067900,-0.03106300,-0.03795300,-0.13665600,-0.40251500,-0.59655800,0.43712800,0.22958400,0.26158400,-0.20743967,0.00335620,-1.60434100,-0.11526400,-0.37894500,1.30235700,0.59413100,-1.74643300,-0.63071800,0.64614400,0.98109700,-0.34752500
-0.02962600,-0.08133700,0.77746505,0.03797699,0.04181399,0.11655397,0.99157678,-1.16175300,0.62722000,0.22727800,2.29551000,-0.03306800,-0.04093800,-0.16024800,-0.40822400,-0.53695900,0.45183900,0.26558600,0.26166900,-0.23076335,0.00587609,-1.58778700,-0.12830600,-0.35977500,1.29871300,0.58597800,-1.70047300,-0.62146900,0.52533300,0.94008100,-0.33055300
-0.02905800,-0.08209100,0.78211100,0.04141000,0.04293800,0.11311901,0.99178910,-1.17436000,0.65576400,0.21500200,2.35312200,-0.02492200,-0.04532100,-0.18581500,-0.40414900,-0.45078900,0.47132500,0.23751100,0.26163000,-0.25031874,0.01081801,-1.55744000,-0.13917300,-0.32223200,1.28005500,0.56407200,-1.63878000,-0.60019700,0.39896200,0.88581600,-0.30485700
-0.02814300,-0.08275100,0.78560101,0.04445999,0.04370799,0.10760697,0.99223670,-1.17194800,0.68555800,0.20818500,2.36190300,0.00461900,-0.05591100,-0.20833600,-0.39127900,-0.35565400,0.48837100,0.18750900,0.26130600,-0.26488396,0.01832243,-1.51510400,-0.14317500,-0.27888600,1.25154500,0.54069600,-1.56885100,-0.55991600,0.28026000,0.82395500,-0.27676100
-0.02683900,-0.08308200,0.78795737,0.04700199,0.04290599,0.09914597,0.99303573,-1.15655200,0.72364500,0.20445800,2.30882000,0.07745900,-0.07481500,-0.21937800,-0.37262600,-0.26969900,0.48707400,0.15172100,0.26116800,-0.27274919,0.02795279,-1.46569100,-0.14021500,-0.23751500,1.21289200,0.52449600,-1.49475700,-0.50453800,0.18199300,0.76083900,-0.25317700
-0.02510500,-0.08307500,0.78847005,0.04696899,0.03993499,0.08970098,0.99405877,-1.13172200,0.75900400,0.20707400,2.21386000,0.16533500,-0.10376000,-0.21543200,-0.34839300,-0.19996400,0.47074000,0.13886500,0.26112600,-0.27277858,0.03723651,-1.41061300,-0.13356600,-0.20062800,1.17423400,0.51267600,-1.42069800,-0.44037100,0.10590300,0.70194100,-0.23078000
-0.02281200,-0.08250200,0.78633398,0.04254002,0.03372101,0.08100503,0.99523436,-1.09429500,0.78350800,0.21503700,2.09524300,0.23469800,-0.15440200,-0.19095200,-0.31932000,-0.16233800,0.43719100,0.17967100,0.26098500,-0.26300173,0.04077388,-1.35347700,-0.12728300,-0.17644600,1.14952300,0.50497900,-1.34364900,-0.36676400,0.05629400,0.65482800,-0.20247000
-0.02010400,-0.08201100,0.78176961,0.03516900,0.02629600,0.07725399,0.99604392,-1.04970000,0.78710900,0.22392600,1.95844400,0.28045200,-0.18820500,-0.15592600,-0.29160400,-0.14527800,0.39986600,0.22711100,0.25984400,-0.24588173,0.03848459,-1.30246600,-0.12452700,-0.16458100,1.13614900,0.50126900,-1.27298000,-0.30269700,0.03498000,0.62001800,-0.17914200
-0.01698100,-0.08247100,0.77626814,0.02699801,0.02012201,0.08097402,0.99614729,-1.00081600,0.75340300,0.23371500,1.81036200,0.30047300,-0.15332900,-0.12363600,-0.26735500,-0.13690000,0.38059400,0.22758600,0.23736100,-0.22816269,0.03392166,-1.26623200,-0.13265900,-0.16988800,1.13623300,0.50254100,-1.21806200,-0.27311500,0.04546800,0.60506900,-0.17479000
-0.01375200,-0.08300300,0.77159232,0.02015401,0.01462201,0.08770304,0.99583542,-0.94550200,0.69776100,0.23551900,1.66024300,0.31582000,-0.09947700,-0.09377900,-0.24909100,-0.14266800,0.37681900,0.18894600,0.19547600,-0.21222019,0.02765847,-1.24361600,-0.14561300,-0.18372100,1.14507000,0.50632300,-1.17757700,-0.26563700,0.08068000,0.60733900,-0.17729900
-0.01060100,-0.08304100,0.76212239,0.01533800,0.00953500,0.09515001,0.99529910,-0.88634100,0.62846400,0.22260600,1.51468000,0.33388400,-0.07248300,-0.06493600,-0.23982100,-0.15809900,0.38847200,0.10348200,0.17513200,-0.19786009,0.01986892,-1.23325900,-0.15561800,-0.19910800,1.15806000,0.51175100,-1.15161600,-0.27462800,0.13644500,0.62267900,-0.18316900
-0.00791700,-0.08240000,0.74982097,0.01199000,0.00524000,0.10274903,0.99462124,-0.82497600,0.55387500,0.19649000,1.38091700,0.34938700,-0.07111900,-0.03945800,-0.23554900,-0.17696700,0.40858700,-0.00500500,0.16426500,-0.18452063,0.01110985,-1.23534800,-0.16580200,-0.21607000,1.17325400,0.51811400,-1.14081800,-0.29558300,0.20690700,0.64692000,-0.18592600
-0.00623700,-0.08106300,0.73676034,0.00994100,0.00183900,0.11044498,0.99383082,-0.76827500,0.48931000,0.16702400,1.27069100,0.37078500,-0.10776000,-0.01683500,-0.23491400,-0.19840900,0.42583700,-0.11561400,0.14891200,-0.17034680,0.00332803,-1.25091200,-0.17676900,-0.23350900,1.18693300,0.52511600,-1.14598300,-0.32285500,0.28353600,0.67542800,-0.17547100
-0.00531000,-0.07792500,0.72468171,0.00635800,-0.00144000,0.11363798,0.99350084,-0.70828800,0.43791800,0.13814700,1.18226100,0.36931400,-0.15009600,-0.00134300,-0.23081800,-0.20949200,0.44413100,-0.21215900,0.13608400,-0.15428290,-0.00472300,-1.27194000,-0.18227300,-0.24820300,1.20221800,0.53212300,-1.16488400,-0.35333000,0.36759200,0.70464900,-0.16468100
-0.00513200,-0.07138100,0.72247490,-0.00174200,-0.00520300,0.10757597,0.99418173,-0.63601200,0.40628300,0.11773000,1.12226400,0.31222700,-0.14816600,0.00350000,-0.21598600,-0.19911100,0.46108500,-0.27383900,0.13086300,-0.13443609,-0.01570096,-1.29092700,-0.17745200,-0.25267500,1.22040500,0.53496100,-1.19995000,-0.37869200,0.45946000,0.72660800,-0.16422400
-0.00553800,-0.06277200,0.72431229,-0.01392099,-0.00907600,0.09467396,0.99536962,-0.56181500,0.40053900,0.11573300,1.07868900,0.20857500,-0.13135500,-0.01101200,-0.19322600,-0.16846800,0.49265600,-0.29667000,0.13512400,-0.11234116,-0.02897849,-1.31278800,-0.16261700,-0.25793000,1.24004500,0.54199500,-1.25046200,-0.40007500,0.55277400,0.74539600,-0.16910300
-0.00613900,-0.05299000,0.71924751,-0.02996799,-0.01220499,0.07427697,0.99671254,-0.48791600,0.43162700,0.14989400,1.03939000,0.03974800,-0.13283900,-0.05621200,-0.16253900,-0.11045300,0.56174400,-0.27934200,0.15544200,-0.09250861,-0.04521682,-1.33993700,-0.13428800,-0.27465800,1.26073900,0.56345600,-1.31832800,-0.41516900,0.64463100,0.76229600,-0.17942500
-0.00751400,-0.04218900,0.71127570,-0.04677399,-0.01273600,0.04838199,0.99765183,-0.41905500,0.47443800,0.21087200,1.00002000,-0.12596400,-0.12122000,-0.13093200,-0.12693500,-0.04391600,0.65624100,-0.21150500,0.19746400,-0.07444087,-0.06052450,-1.36731600,-0.09935900,-0.29929100,1.28045100,0.59253900,-1.39687200,-0.41674100,0.72510800,0.77583500,-0.18883100
-0.01053200,-0.03048900,0.71644817,-0.06298797,-0.00937900,0.01898999,0.99778952,-0.36615900,0.50601800,0.27491400,0.94611300,-0.20491600,-0.08163600,-0.23946300,-0.08222800,0.02897600,0.76760800,-0.05566300,0.26097500,-0.05677657,-0.07231203,-1.39728100,-0.07402600,-0.33758800,1.29889100,0.62892100,-1.47840200,-0.41564600,0.78038900,0.78838000,-0.18983800
-0.01403100,-0.01858800,0.72059510,-0.07575000,-0.00480800,-0.01392300,0.99701804,-0.31547400,0.52808000,0.34967200,0.88145200,-0.23359000,-0.04053500,-0.36051700,-0.06307500,0.04965800,0.87171300,0.10846700,0.26155700,-0.03816417,-0.07548935,-1.42012300,-0.04782200,-0.37131600,1.31326600,0.66139500,-1.56118800,-0.41248800,0.81465700,0.80261800,-0.18929800
-0.01723200,-0.00693100,0.72324377,-0.08021197,-0.00084400,-0.04687598,0.99567463,-0.25963600,0.53041400,0.43116800,0.81194300,-0.23100200,-0.02063700,-0.48318500,-0.11759400,0.00130900,0.96110900,0.22556100,0.26168300,-0.01698828,-0.06953246,-1.43613300,-0.01562000,-0.38151100,1.31488200,0.67442000,-1.63705700,-0.39701600,0.82936900,0.82454900,-0.18588600
-0.01984200,0.00370300,0.73089744,-0.08021603,0.00191200,-0.07601003,0.99387334,-0.20281200,0.52095800,0.51217100,0.73881000,-0.20177000,-0.01442600,-0.59952600,-0.21246400,-0.06641600,1.04879800,0.28291100,0.26169100,0.00543632,-0.06167551,-1.45907300,0.00398000,-0.38188100,1.30820900,0.67895800,-1.70564000,-0.37246000,0.83379900,0.85152200,-0.18774400
-0.02110500,0.01217100,0.73843892,-0.07890597,0.00186500,-0.09772596,0.99207863,-0.14513000,0.50723000,0.58694400,0.66423800,-0.15884000,-0.01302000,-0.69291700,-0.32375000,-0.13280200,1.14015000,0.20536100,0.26163600,0.02983201,-0.05576455,-1.46904700,0.03191200,-0.37006100,1.30096600,0.68091500,-1.76944700,-0.34933600,0.83731800,0.87956900,-0.20796300
-0.02161300,0.01920900,0.74610034,-0.07736796,0.00095800,-0.11354395,0.99051555,-0.09601100,0.49144000,0.64879400,0.59557200,-0.10160600,-0.01945300,-0.77352400,-0.43109300,-0.17708600,1.23901300,0.07747500,0.25900700,0.05771290,-0.05379778,-1.46893100,0.07031100,-0.34259100,1.28791400,0.67651800,-1.82589200,-0.32417800,0.83283900,0.90525800,-0.23199700
-0.02160500,0.02513500,0.75429809,-0.07626803,0.00069500,-0.12602004,0.98909133,-0.06137200,0.47832600,0.69600000,0.53982200,-0.02829800,-0.03306800,-0.85717500,-0.51577000,-0.20394600,1.34262300,-0.00035100,0.17719200,0.08778711,-0.05524789,-1.45955200,0.10576000,-0.30132800,1.27589600,0.66292800,-1.87304100,-0.29500500,0.81717000,0.92649900,-0.24908600
-0.02138800,0.02996000,0.76219924,-0.07607600,0.00161900,-0.13481300,0.98794498,-0.04320100,0.46962500,0.72068900,0.49802700,0.05024300,-0.05863400,-0.94420800,-0.58121800,-0.20795500,1.44576900,-0.04411000,0.09387700,0.11998123,-0.05824986,-1.44115100,0.13770100,-0.24892900,1.26132300,0.64192800,-1.91071100,-0.26690100,0.78959600,0.94094500,-0.26142300
-0.02133900,0.03381400,0.76981015,-0.07756901,0.00514000,-0.13931401,0.98719210,-0.04536400,0.46794100,0.71859600,0.47105500,0.12409100,-0.11175300,-1.03920000,-0.62458300,-0.18115600,1.54926600,-0.03342900,0.06648200,0.15388994,-0.06309514,-1.41878200,0.16490300,-0.18472900,1.23527300,0.61375200,-1.93788200,-0.24066600,0.74847800,0.94507700,-0.26697200
-0.02144600,0.03678900,0.77648333,-0.07952900,0.00916300,-0.14045700,0.98684498,-0.06574500,0.46739800,0.67437200,0.46599200,0.18498000,-0.17498000,-1.13539300,-0.65307300,-0.13665200,1.64957900,0.00624500,0.07352300,0.18751688,-0.06642792,-1.39542300,0.17977200,-0.11770300,1.20458900,0.58262200,-1.95253700,-0.21867000,0.69885200,0.94490800,-0.26858200
-0.02202700,0.03886100,0.78026313,-0.08036202,0.01137900,-0.13842703,0.98704125,-0.10640500,0.45822900,0.56250200,0.49583400,0.22234000,-0.23719100,-1.22627400,-0.67656400,-0.08764700,1.74614100,0.03722200,0.08628900,0.21897245,-0.06334365,-1.37783500,0.17293600,-0.05843700,1.17031300,0.55178600,-1.95363100,-0.20375600,0.64420300,0.94602000,-0.26943200
-0.02251100,0.04040500,0.78074001,-0.08125301,0.01268400,-0.13463301,0.98747710,-0.15062000,0.44158600,0.44189900,0.54665900,0.23187400,-0.26096300,-1.30394400,-0.69795100,-0.04472300,1.83266800,0.05838900,0.10087000,0.24681935,-0.05891709,-1.35941700,0.16028400,-0.00303200,1.13286100,0.52496000,-1.93671100,-0.19374600,0.58632000,0.93964000,-0.26492200
-0.02229900,0.04181800,0.77782247,-0.08296397,0.01277100,-0.13177195,0.98771961,-0.18224400,0.42509800,0.34082400,0.60896500,0.21050100,-0.25799000,-1.35874300,-0.72316400,-0.01978200,1.90154700,0.05349600,0.10690100,0.26881227,-0.05449207,-1.33578100,0.14804900,0.04953000,1.09411100,0.50737200,-1.89817000,-0.18143800,0.52663000,0.91996000,-0.24919100
-0.02183100,0.04287900,0.77684747,-0.08491804,0.01125401,-0.12999506,0.98780745,-0.19806700,0.41346900,0.27336800,0.66606600,0.18161100,-0.22906900,-1.39014700,-0.74450000,-0.00619700,1.95151300,0.05130000,0.12226000,0.28332312,-0.04979073,-1.30570800,0.13143100,0.09503100,1.05587200,0.49678300,-1.84528800,-0.16436300,0.47294400,0.89465700,-0.22681800
-0.02156800,0.04330800,0.77306532,-0.08693700,0.00657900,-0.13068500,0.98758296,-0.18405500,0.42329300,0.26710500,0.69585900,0.16355700,-0.19645400,-1.39696700,-0.75160500,0.00430900,1.98049300,0.08693400,0.17685500,0.28564068,-0.04396453,-1.26124100,0.11519200,0.13230300,1.02312100,0.49341700,-1.78706400,-0.14543500,0.42782900,0.86692000,-0.19963000
-0.02077200,0.04395400,0.76760448,-0.08735100,-0.00097700,-0.13728500,0.98667202,-0.14598600,0.43405000,0.28833800,0.69602400,0.15361500,-0.16078300,-1.37566900,-0.74010500,0.00276800,1.98141900,0.14049800,0.23456000,0.27666675,-0.03587334,-1.20662900,0.09933100,0.16127800,0.99849900,0.49302100,-1.72357000,-0.11611500,0.39993600,0.84896500,-0.17198800
-0.01874700,0.04584000,0.76643467,-0.08601201,-0.00969000,-0.15146201,0.98466608,-0.09686700,0.41875300,0.29810000,0.65621000,0.16678500,-0.12233600,-1.31948100,-0.70711600,-0.02218800,1.94411900,0.20361100,0.24988200,0.26252087,-0.02772016,-1.14485800,0.08382000,0.18166900,0.98834000,0.48954100,-1.65956100,-0.07475100,0.39475200,0.84976200,-0.14926600
-0.01591800,0.04781500,0.76890568,-0.08528803,-0.01831701,-0.16724105,0.98204932,-0.04223800,0.39937800,0.31111100,0.60424300,0.17308300,-0.09110500,-1.23858100,-0.66476600,-0.06020000,1.87941100,0.26872800,0.25104400,0.24605891,-0.02104848,-1.08552800,0.07100400,0.18929100,0.99195400,0.48767600,-1.59918900,-0.03754100,0.40209800,0.85625900,-0.13289600
-0.01227700,0.04903000,0.76553953,-0.08606803,-0.02541001,-0.18022907,0.97952239,0.01073500,0.39210700,0.34275600,0.57319100,0.12734600,-0.07336000,-1.14313400,-0.62475900,-0.10519100,1.79689000,0.32139900,0.25620100,0.22881246,-0.01542598,-1.03738600,0.06052100,0.17911300,1.00939500,0.49036000,-1.53934600,-0.01312200,0.42300800,0.86674600,-0.12890800
-0.00856400,0.04927500,0.75904823,-0.08825700,-0.03059000,-0.19204899,0.97692996,0.05975700,0.39039400,0.37528900,0.55184400,0.05530000,-0.07265400,-1.03863900,-0.57484200,-0.15174000,1.69928100,0.36247700,0.25981900,0.21123863,-0.01303723,-0.99784800,0.05858000,0.15615200,1.03667900,0.49947100,-1.48778300,0.01749800,0.45133800,0.88370600,-0.12703300
-0.00547300,0.04822400,0.75131739,-0.09182596,-0.03520798,-0.20268791,0.97429257,0.10982400,0.39064900,0.39460800,0.53136700,-0.02227500,-0.10962500,-0.92733900,-0.50965600,-0.19025700,1.58928600,0.39268300,0.26107800,0.19229081,-0.01728110,-0.96660700,0.07022500,0.11688700,1.07390100,0.52254000,-1.45051800,0.04950700,0.47736500,0.90944500,-0.11989000
-0.00305400,0.04561600,0.74257882,-0.09511003,-0.03906301,-0.21101407,0.97206030,0.15361800,0.39568500,0.41058700,0.51721400,-0.09876500,-0.15741500,-0.81734400,-0.43250600,-0.20978300,1.47047900,0.40621200,0.26137500,0.17167297,-0.03197477,-0.94254000,0.09356000,0.07526800,1.11670800,0.54729000,-1.42746100,0.09021300,0.50684600,0.94463800,-0.11277000
-0.00170800,0.04073100,0.73397806,-0.09716604,-0.04082202,-0.21961809,0.96987639,0.17989200,0.40449100,0.42545300,0.51682900,-0.16690100,-0.18745800,-0.71986000,-0.33492200,-0.19735700,1.34657300,0.39450900,0.26113600,0.14616875,-0.06564425,-0.92003900,0.13649800,0.04758500,1.15883600,0.56216200,-1.42495900,0.15141600,0.54081200,0.98494100,-0.10760900
-0.00109500,0.03462900,0.72594261,-0.09441804,-0.04130202,-0.21702708,0.97071037,0.18586300,0.40532000,0.42064300,0.52323200,-0.22722100,-0.20189600,-0.62646900,-0.25654800,-0.16647900,1.22513300,0.36291900,0.26080900,0.11886154,-0.10534009,-0.91626200,0.17105100,0.01849500,1.20071600,0.57481300,-1.43713800,0.19499800,0.57555400,1.02888500,-0.10789500
-0.00086700,0.02840800,0.71909600,-0.08410701,-0.03922100,-0.19456802,0.97648912,0.16470700,0.39032200,0.38444300,0.52959000,-0.27904500,-0.19141200,-0.53620000,-0.22449200,-0.13695400,1.11211600,0.32512000,0.26111400,0.09745813,-0.13115304,-0.95025400,0.17192600,-0.02051200,1.23626500,0.59052800,-1.46176200,0.19310500,0.60797500,1.07299600,-0.11809800
-0.00133000,0.02149500,0.71672905,-0.06961602,-0.03507701,-0.16098005,0.98387430,0.11910600,0.36482700,0.31987800,0.54706800,-0.31186400,-0.17366800,-0.44830200,-0.22724200,-0.13241300,1.00804500,0.25522100,0.26133300,0.08145785,-0.13990482,-1.01368700,0.14283800,-0.06495500,1.26893800,0.60470800,-1.48876700,0.15469400,0.64291900,1.11462800,-0.13639200
-0.00271400,0.01369800,0.71799076,-0.05147599,-0.03041900,-0.11682599,0.99135089,0.05245900,0.32838700,0.21932600,0.58436500,-0.32002100,-0.17025800,-0.35167100,-0.27041800,-0.19521200,0.91421300,0.09882100,0.26115900,0.07099978,-0.12547201,-1.10487900,0.07981700,-0.11237400,1.30087100,0.61220100,-1.52269000,0.07039700,0.67916800,1.14495700,-0.16604900
-0.00504000,0.00467500,0.71330808,-0.03255701,-0.02456001,-0.06993703,0.99671744,-0.03301400,0.28062700,0.11235600,0.64376300,-0.28799500,-0.17636900,-0.26126500,-0.32506200,-0.29566900,0.83381900,-0.05828300,0.25914600,0.06370829,-0.09571850,-1.20886500,0.00588700,-0.15401700,1.32250800,0.61269400,-1.55918500,-0.02381600,0.71770100,1.15970200,-0.20282900
-0.00879000,-0.00623200,0.72031522,-0.01354700,-0.01726300,-0.02573800,0.99942785,-0.14189700,0.22475900,0.01081600,0.72671700,-0.18160800,-0.18854300,-0.20748900,-0.37422500,-0.38848500,0.77510600,-0.11954200,0.24497200,0.05421625,-0.05974082,-1.31465300,-0.06338200,-0.18430500,1.32627100,0.60567100,-1.58583000,-0.13112200,0.75831600,1.16331100,-0.24510100
-0.01282000,-0.01793000,0.72828466,0.00437000,-0.00936000,0.01550801,0.99982638,-0.26206900,0.18346400,-0.04515700,0.81331400,-0.03002400,-0.21349400,-0.16833700,-0.41656000,-0.47966900,0.72195600,-0.13025800,0.22891600,0.04084196,-0.02476030,-1.41200600,-0.11957500,-0.20481200,1.31849900,0.59323300,-1.62433200,-0.24301100,0.79247400,1.14773000,-0.28868100
-0.01631900,-0.02989600,0.73507078,0.01709199,-0.00148000,0.05099198,0.99855170,-0.38898500,0.18852800,-0.01604000,0.89461700,0.14897700,-0.26017500,-0.12420500,-0.44126600,-0.57298300,0.66037100,-0.12059500,0.21967100,0.02443037,-0.00182660,-1.49156000,-0.16302000,-0.21821900,1.30718000,0.57850100,-1.65892900,-0.34135200,0.81675100,1.12263000,-0.32263700
-0.01882000,-0.04141600,0.73414013,0.02536901,0.00525000,0.08275203,0.99623338,-0.51463800,0.24432600,0.07185900,0.98448900,0.28423500,-0.26146800,-0.08002200,-0.45207900,-0.66479400,0.59870100,-0.09519200,0.21470100,0.00590135,0.01024594,-1.55357100,-0.19192500,-0.22997800,1.29305600,0.56705600,-1.68420000,-0.43114900,0.82643600,1.09758100,-0.35076500
-0.01913700,-0.05158400,0.73531066,0.02956701,0.01034100,0.10759404,0.99370135,-0.61697700,0.34474800,0.18381100,1.09588400,0.26383000,-0.26159200,-0.03785100,-0.44915300,-0.74729600,0.53868500,-0.06602300,0.21056100,-0.01626157,0.01794415,-1.59877700,-0.21358700,-0.24739200,1.28127400,0.56395800,-1.71190300,-0.51028600,0.81326000,1.07144200,-0.37802200
-0.01860000,-0.06047900,0.74028591,0.03138999,0.01436000,0.12439096,0.99163267,-0.69966800,0.45877500,0.27391900,1.22957300,0.18708200,-0.26167500,-0.00767700,-0.43873000,-0.80712200,0.48770500,-0.03017700,0.21010200,-0.04350684,0.02511488,-1.63041700,-0.22689000,-0.26702400,1.27014900,0.56614500,-1.73008800,-0.57754400,0.77308100,1.04162500,-0.39829800
-0.01813000,-0.06795800,0.74602409,0.03225099,0.01747300,0.13209797,0.99055777,-0.78387000,0.54969900,0.30279600,1.38219600,0.15435800,-0.26152400,0.00290200,-0.42857500,-0.83268600,0.45619500,0.01468700,0.21751800,-0.07805746,0.03369224,-1.64631800,-0.22689000,-0.28881200,1.26149100,0.57481000,-1.73416800,-0.63015500,0.69866400,1.00692300,-0.40508300
-0.01766100,-0.07407700,0.75242367,0.03389099,0.01999699,0.13404495,0.99019365,-0.86887500,0.62175700,0.29463000,1.54192700,0.13705100,-0.26164500,-0.00023000,-0.42248800,-0.82830200,0.43838700,0.06467800,0.22859300,-0.11644892,0.04119686,-1.64862400,-0.22689000,-0.30568600,1.25244000,0.58314400,-1.71822800,-0.66776500,0.59921300,0.96147300,-0.39982200
-0.01763300,-0.07856100,0.75976742,0.03721899,0.02186400,0.13242397,0.99025280,-0.95347500,0.67356500,0.26266600,1.70328700,0.12233400,-0.26064400,-0.01164400,-0.42106600,-0.80328200,0.42799200,0.12258900,0.23504600,-0.15283572,0.04581340,-1.63783000,-0.22689000,-0.30897400,1.24014500,0.58360900,-1.68312700,-0.68415900,0.48347500,0.89726400,-0.38290500
-0.01748400,-0.08208500,0.76638997,0.04053898,0.02305599,0.12965694,0.99046155,-1.03388300,0.71002500,0.22017000,1.85586600,0.11101300,-0.25238200,-0.03260500,-0.41883500,-0.75025400,0.42857900,0.17289200,0.24167500,-0.18555614,0.04564597,-1.61700500,-0.22689000,-0.30242500,1.22446800,0.58046100,-1.63117500,-0.67948300,0.35761300,0.82303300,-0.35572700
-0.01671300,-0.08514800,0.77060526,0.04350900,0.02369400,0.12796199,0.99054091,-1.10402600,0.73542700,0.17841900,1.99106700,0.10349300,-0.24544200,-0.06650600,-0.41319300,-0.65718500,0.45009500,0.19795900,0.25402700,-0.21443396,0.03977311,-1.58644000,-0.22689000,-0.28488600,1.20135900,0.57591200,-1.56657700,-0.64512300,0.22947900,0.74194800,-0.31397500
-0.01561000,-0.08790600,0.77261067,0.04633801,0.02489601,0.12702903,0.99050321,-1.16060400,0.75195000,0.14253700,2.09814300,0.10068200,-0.24167800,-0.11061600,-0.39401900,-0.53214800,0.47806100,0.19297500,0.25922100,-0.23884612,0.03032850,-1.54805400,-0.21961300,-0.26530400,1.17948900,0.57176900,-1.49717800,-0.59193900,0.11863200,0.66484800,-0.27853800
-0.01430200,-0.09065400,0.77141963,0.04857701,0.02777900,0.12710802,0.99030912,-1.19882000,0.76677400,0.11923200,2.16387500,0.10018800,-0.23774400,-0.16005800,-0.34402300,-0.35979400,0.49673700,0.13717100,0.25711900,-0.25704867,0.01952055,-1.50633000,-0.21407600,-0.24979200,1.16630200,0.56375800,-1.42836000,-0.53998800,0.04464900,0.60372200,-0.27189800
-0.01278100,-0.09346100,0.77224458,0.05006399,0.03146699,0.12572098,0.99030180,-1.21901000,0.78085200,0.10901400,2.18721800,0.10932500,-0.23862500,-0.19694700,-0.28195700,-0.19322400,0.50495500,0.08102400,0.25162200,-0.26950894,0.01158771,-1.46198300,-0.20817200,-0.23886300,1.16009500,0.55576200,-1.36820600,-0.48298900,-0.00420100,0.55563400,-0.27176400
-0.01113100,-0.09651300,0.77263092,0.05113199,0.03451800,0.12225198,0.99057987,-1.21962100,0.79369400,0.11161100,2.16090700,0.13922800,-0.25201000,-0.21276900,-0.23946100,-0.09045100,0.48663200,0.08573000,0.25703800,-0.27600793,0.00680749,-1.42022300,-0.20503700,-0.23910800,1.16682100,0.55252700,-1.31436200,-0.42092600,-0.03030100,0.52746000,-0.26032600
-0.00921500,-0.09969900,0.77604822,0.05145802,0.03721201,0.12105604,0.99061232,-1.20393300,0.79568800,0.12893600,2.09259700,0.17802700,-0.25830000,-0.21467100,-0.21251800,-0.03645200,0.45910900,0.10253700,0.25902300,-0.27591714,0.00260010,-1.38439700,-0.20789000,-0.24551500,1.18151400,0.55052100,-1.26700100,-0.36697300,-0.03307200,0.52239200,-0.24371100
-0.00673500,-0.10320300,0.77419556,0.05155399,0.03955799,0.12596797,0.98990374,-1.17533700,0.77326800,0.15420100,1.98547200,0.21694300,-0.24854700,-0.20785900,-0.20366900,-0.03258900,0.44889600,0.07453000,0.23914100,-0.27035236,-0.00150413,-1.35703700,-0.21643600,-0.25370400,1.19736300,0.54825900,-1.22592500,-0.33020900,-0.01825900,0.54156200,-0.22273200
-0.00426600,-0.10638900,0.76877570,0.05129099,0.04105699,0.13527296,0.98862773,-1.13136200,0.73415300,0.18436100,1.85273500,0.25565000,-0.21943200,-0.19810900,-0.20424600,-0.05877700,0.45313700,0.01810000,0.20160400,-0.25896078,-0.00655065,-1.33903400,-0.22689000,-0.26317300,1.21395400,0.54531700,-1.19720300,-0.31352400,0.01551100,0.57800000,-0.20177900
-0.00234100,-0.10879000,0.76111362,0.05053501,0.04185501,0.14872502,0.98669916,-1.07363000,0.67278700,0.21193900,1.70516200,0.29294900,-0.19423700,-0.18984600,-0.20668300,-0.08841400,0.47359500,-0.05328900,0.18629500,-0.24163179,-0.01016931,-1.33177600,-0.22689000,-0.27343900,1.22912400,0.54193900,-1.18564300,-0.32596300,0.06758200,0.63048900,-0.18880300
-0.00074800,-0.11011600,0.75212469,0.04921800,0.03996000,0.16103701,0.98491008,-1.00093900,0.60716200,0.23010800,1.55023900,0.32605100,-0.17340800,-0.18101100,-0.20724000,-0.11513400,0.50548600,-0.12932100,0.17838900,-0.21913275,-0.01338257,-1.32980000,-0.22689000,-0.28081600,1.24170400,0.53632600,-1.18923700,-0.35495200,0.13869800,0.68769900,-0.18262600
0.00038200,-0.10971600,0.74319056,0.04636601,0.03415401,0.16586104,0.98446626,-0.91268500,0.55832100,0.24630200,1.39717300,0.35279400,-0.16286600,-0.17423700,-0.19897900,-0.12417100,0.54385700,-0.19611400,0.16374700,-0.19004687,-0.02121373,-1.32598800,-0.22689000,-0.27802500,1.25107700,0.52377900,-1.21125800,-0.38012000,0.23136700,0.73333200,-0.18369800
0.00144400,-0.10787400,0.73457110,0.04189199,0.02743200,0.16788597,0.98453382,-0.81539000,0.51685100,0.26256400,1.25081200,0.36389900,-0.15800700,-0.17023000,-0.18602100,-0.12719800,0.58405000,-0.25368300,0.14844100,-0.15604513,-0.02681784,-1.32865500,-0.22689000,-0.27522200,1.25748100,0.51265700,-1.24448800,-0.41371400,0.34000500,0.77178700,-0.19363700
0.00280100,-0.10434100,0.72671567,0.03629800,0.02119100,0.17036698,0.98448387,-0.71014100,0.47265100,0.28018400,1.11729400,0.35700300,-0.15412500,-0.16711600,-0.17512000,-0.13483800,0.61918900,-0.30103500,0.13507600,-0.11949432,-0.01778570,-1.34613100,-0.22689000,-0.28227400,1.25943400,0.51129500,-1.28267500,-0.47031300,0.46390600,0.80497800,-0.21723700
0.00438500,-0.10000100,0.72621517,0.02872500,0.01393700,0.16571398,0.98565689,-0.60131000,0.45082400,0.31086100,1.00405300,0.31073200,-0.14912000,-0.16596900,-0.15852800,-0.13163200,0.65129200,-0.33542900,0.12606100,-0.08338584,-0.00180777,-1.36812100,-0.22689000,-0.29255400,1.25804400,0.51456900,-1.33196500,-0.51625900,0.59417400,0.82310800,-0.24627500
0.00647900,-0.09539200,0.72505472,0.01946900,0.00629000,0.14883099,0.98865096,-0.48649700,0.46887700,0.38282900,0.92296300,0.16555700,-0.13525300,-0.16991800,-0.13208300,-0.10543300,0.68416700,-0.35443200,0.12590700,-0.04945634,0.00639879,-1.38762500,-0.22689000,-0.30181700,1.25174300,0.52113200,-1.39981600,-0.52860200,0.72013900,0.82109400,-0.27200400
0.00853700,-0.09176200,0.71786244,0.00905600,0.00043700,0.12837405,0.99168438,-0.39216500,0.49895600,0.46481200,0.87407500,0.01815400,-0.11916600,-0.17740700,-0.10057500,-0.07221100,0.71185500,-0.35905200,0.13233600,-0.02344971,0.00858986,-1.40646400,-0.19143300,-0.31486100,1.24603200,0.53114300,-1.47546500,-0.52742700,0.82897700,0.80665400,-0.29306100
0.01008000,-0.09081800,0.71739094,-0.00231400,-0.00226400,0.10870201,0.99406911,-0.35130800,0.53481900,0.50906900,0.85465200,-0.01288800,-0.11255200,-0.18861000,-0.06455600,-0.03905400,0.73090700,-0.34850800,0.14483600,-0.01452283,0.00461816,-1.42364900,-0.14079700,-0.33666500,1.25053600,0.54484600,-1.55085900,-0.53037600,0.91303800,0.78138600,-0.31502300
0.01113400,-0.09168100,0.72117525,-0.01070000,-0.00243100,0.09561103,0.99535829,-0.34902600,0.57029100,0.52511200,0.85772900,0.03080900,-0.12183300,-0.19463800,-0.03749900,-0.01610000,0.73267700,-0.32450700,0.15839600,-0.02042788,-0.00496005,-1.44355200,-0.09513300,-0.36106700,1.25613000,0.56133500,-1.61344400,-0.53922800,0.95667200,0.75340900,-0.32100900
0.01139900,-0.09465900,0.72843424,-0.01434899,-0.00157100,0.09592796,0.99528361,-0.38430000,0.59717700,0.50813400,0.87941100,0.14100000,-0.16656200,-0.18337000,-0.02938300,-0.01755400,0.70156900,-0.28716900,0.16575200,-0.03990467,-0.01525779,-1.46888200,-0.06622300,-0.38583300,1.25670100,0.57957900,-1.63877600,-0.55535100,0.93302200,0.73788500,-0.27984400
0.01133400,-0.09770900,0.73418150,-0.01254800,-0.00087800,0.10405599,0.99449189,-0.44146900,0.60811400,0.47023700,0.92159100,0.26031500,-0.22056700,-0.16083900,-0.03946900,-0.03351900,0.65036600,-0.23813400,0.17200500,-0.06647253,-0.02712216,-1.49617400,-0.05063600,-0.40308900,1.25086900,0.59265900,-1.64544800,-0.57214500,0.87778100,0.72921200,-0.23324600
0.01135200,-0.09866200,0.73307978,-0.00492200,0.00055800,0.11797502,0.99300421,-0.50004700,0.60759900,0.44328200,0.99066600,0.31724400,-0.25041700,-0.13115500,-0.06793000,-0.06047700,0.58783600,-0.18145500,0.18042200,-0.08851511,-0.03913465,-1.52105300,-0.04409500,-0.40081900,1.23295300,0.59157900,-1.64776900,-0.58866400,0.81927300,0.72331800,-0.21435300
0.01129300,-0.09821800,0.74272977,0.00382000,0.00188800,0.13149705,0.99130740,-0.55774500,0.60710000,0.42599400,1.08378100,0.32960000,-0.25469700,-0.10331600,-0.09932800,-0.08846300,0.52584700,-0.11795000,0.19126100,-0.10636004,-0.04937447,-1.53681500,-0.03840800,-0.38397800,1.20615600,0.58387100,-1.64719600,-0.60001700,0.74794600,0.71443000,-0.21317200
0.01132700,-0.09620800,0.75217639,0.01174900,0.00308200,0.13774195,0.99039367,-0.60762100,0.61024400,0.41919100,1.20035700,0.29550800,-0.21961600,-0.09021800,-0.12535100,-0.09788800,0.47979400,-0.04676400,0.20448900,-0.12142729,-0.05573934,-1.53596900,-0.02629600,-0.35310100,1.17387800,0.57443400,-1.64790000,-0.60406500,0.66891700,0.69776100,-0.23821700
0.01089600,-0.09312200,0.76089182,0.01819000,0.00632400,0.13678199,0.99041396,-0.65123700,0.62335000,0.42248300,1.32548000,0.23976400,-0.17438900,-0.09296200,-0.14607600,-0.09190200,0.44740500,0.02347400,0.22165000,-0.13468384,-0.05706123,-1.52051900,-0.00752500,-0.31076700,1.13801500,0.56486500,-1.64182200,-0.59534300,0.57722500,0.67409000,-0.26633500
0.00919400,-0.08917800,0.76813187,0.02134401,0.01177000,0.12611403,0.99171627,-0.68769000,0.65182400,0.42910100,1.44513400,0.18699600,-0.15690100,-0.11401400,-0.15610800,-0.06494400,0.43010200,0.08710200,0.24447900,-0.14771266,-0.05497311,-1.49414600,0.01836400,-0.26125500,1.10032600,0.55669100,-1.62803600,-0.56279600,0.46983200,0.64290200,-0.27603900
0.00708700,-0.08491300,0.77340294,0.02346799,0.01781699,0.11031597,0.99345971,-0.71619100,0.68175100,0.43369300,1.54660400,0.14511600,-0.15229600,-0.14384500,-0.16489600,-0.04887900,0.42585000,0.13560100,0.25870900,-0.16022141,-0.04625871,-1.46290000,0.04016800,-0.20744300,1.06181500,0.54895600,-1.60310900,-0.51285300,0.35489200,0.60700000,-0.27207000
0.00509500,-0.08091600,0.77574876,0.02572599,0.02341199,0.09383896,0.99497955,-0.73618300,0.70335200,0.43893800,1.61404700,0.13336500,-0.15350400,-0.17578100,-0.18757200,-0.08584900,0.43448200,0.15976600,0.26136300,-0.17182202,-0.02958144,-1.42990800,0.05244800,-0.15263200,1.01936400,0.54292800,-1.56450000,-0.44366600,0.23531200,0.56777700,-0.24848800
0.00341400,-0.07702300,0.77654561,0.02809300,0.02823900,0.07915899,0.99606586,-0.75076700,0.70977700,0.44139700,1.64488400,0.13812500,-0.16106400,-0.20242000,-0.22013300,-0.15493300,0.44794100,0.16289400,0.26149700,-0.18136927,-0.00911419,-1.39682400,0.05145400,-0.10846500,0.98647700,0.53798500,-1.51678300,-0.37151900,0.13429900,0.53474900,-0.21858700
0.00243500,-0.07338100,0.77731215,0.03095200,0.03231000,0.06984400,0.99655399,-0.76492400,0.69262300,0.43873300,1.63359100,0.14422700,-0.17028400,-0.21344700,-0.25953300,-0.24978800,0.45874400,0.13375700,0.26038700,-0.18711528,0.01130007,-1.36558600,0.02987100,-0.08522400,0.97906400,0.52795400,-1.45730100,-0.30926000,0.07609200,0.52088700,-0.18960300
0.00212100,-0.06968100,0.77559918,0.03335801,0.03477801,0.06678002,0.99660331,-0.77669000,0.64964800,0.42484300,1.58265600,0.15313800,-0.18315200,-0.20665700,-0.29731200,-0.35954100,0.46314500,0.10117300,0.25094900,-0.18855055,0.03181580,-1.33634200,-0.00531100,-0.07826700,0.99210300,0.51840200,-1.39011300,-0.26224400,0.04843600,0.52492200,-0.16270900
0.00270500,-0.06559500,0.77147468,0.03483900,0.03478700,0.07190000,0.99619601,-0.78089000,0.57352100,0.38815100,1.48556400,0.16303400,-0.20476800,-0.18355900,-0.32300800,-0.46476500,0.45370500,0.11677900,0.25411700,-0.18459561,0.05609466,-1.31159100,-0.05599900,-0.09137200,1.02818400,0.51682200,-1.31223400,-0.25037500,0.04564300,0.55541700,-0.14827400
0.00377200,-0.06137700,0.77050560,0.03434000,0.03417000,0.08002400,0.99561505,-0.77720800,0.47867600,0.32679800,1.36569000,0.17128000,-0.23277700,-0.15107200,-0.33470500,-0.55566200,0.43239400,0.13600100,0.25650700,-0.17595607,0.08102794,-1.29348100,-0.11290100,-0.11136800,1.07393900,0.51553800,-1.23688600,-0.26051500,0.06378100,0.60473400,-0.13474900
0.00497000,-0.05734000,0.76649460,0.03150701,0.03334701,0.08931503,0.99494629,-0.76354600,0.37574800,0.23984400,1.24172600,0.17456200,-0.25642600,-0.11305200,-0.33101200,-0.61902700,0.39998200,0.10525600,0.22879700,-0.16533771,0.10328019,-1.28201800,-0.16655200,-0.12356000,1.11502700,0.50749900,-1.17798100,-0.28738700,0.09312200,0.66402500,-0.11343400
0.00635100,-0.05307100,0.75914746,0.02693699,0.03039799,0.09593397,0.99455871,-0.73142000,0.28693400,0.14307200,1.12947100,0.17866200,-0.26118000,-0.07601300,-0.31545000,-0.65591000,0.37149500,0.04562100,0.19442500,-0.15334719,0.11974373,-1.27342100,-0.20708600,-0.13444900,1.14942900,0.50128000,-1.13538500,-0.32232600,0.14717000,0.72535800,-0.09124100
0.00798300,-0.04860000,0.74937788,0.02094100,0.02437600,0.09361101,0.99509008,-0.68831800,0.23538900,0.05752300,1.05045500,0.20667700,-0.26141000,-0.04478300,-0.29540600,-0.66133900,0.35980400,-0.03197300,0.19157900,-0.14077635,0.12554701,-1.25778600,-0.21583400,-0.14826900,1.17350800,0.50558300,-1.11704100,-0.35614300,0.23232600,0.77975200,-0.07385700
0.00943700,-0.04268500,0.73879588,0.01289100,0.01755700,0.08596600,0.99605995,-0.63858500,0.20820900,-0.01525400,0.99662800,0.22276600,-0.25999800,-0.02309600,-0.27540100,-0.64612100,0.36361300,-0.11070900,0.20136200,-0.12639503,0.12374821,-1.24082700,-0.20555600,-0.15874200,1.19095400,0.51229600,-1.11266100,-0.39657600,0.33676500,0.81688700,-0.05556800
0.01029600,-0.03362900,0.73510591,0.00103600,0.01092900,0.07541399,0.99709188,-0.58376100,0.19459300,-0.08168300,0.97342500,0.18400700,-0.26154300,-0.01299600,-0.25136700,-0.62392300,0.37803500,-0.17405900,0.20454500,-0.10652203,0.11832453,-1.23583700,-0.19292400,-0.15955100,1.20297200,0.51319500,-1.11414500,-0.44450000,0.45051700,0.81856200,-0.03421000
0.01061100,-0.02282600,0.73291945,-0.01501101,0.00401800,0.05899303,0.99813744,-0.52549100,0.20810600,-0.12510900,0.96263400,0.10149500,-0.26154300,-0.02403600,-0.22643400,-0.58119800,0.41891800,-0.21095300,0.20817300,-0.08203181,0.10571205,-1.23445700,-0.16847900,-0.15816100,1.21384100,0.51545400,-1.12573500,-0.49307600,0.57763700,0.79636300,-0.00972400
0.01044900,-0.01103200,0.72618699,-0.03477099,-0.00257100,0.03273899,0.99885561,-0.45837600,0.25754800,-0.11653200,0.93867200,-0.03929100,-0.24954500,-0.06953500,-0.20285800,-0.50671900,0.51219900,-0.21497100,0.22639100,-0.05653745,0.08311263,-1.22615600,-0.11958100,-0.15729800,1.22340300,0.52494200,-1.15496100,-0.54142200,0.71121100,0.75592400,0.02554500
0.00937600,0.00144400,0.71724725,-0.05520300,-0.00826000,0.00025500,0.99844095,-0.39259100,0.32141200,-0.06292100,0.90980300,-0.18649000,-0.20084300,-0.15127100,-0.18074500,-0.41192600,0.64688800,-0.17211100,0.25659800,-0.03144166,0.05063114,-1.21558600,-0.05212700,-0.16108400,1.23555600,0.53902400,-1.20631300,-0.59474500,0.85544800,0.69985100,0.05532300
0.00654900,0.01431000,0.71635323,-0.07371303,-0.01191600,-0.03907701,0.99644236,-0.33708400,0.38642900,0.02788600,0.87704200,-0.27328900,-0.12798500,-0.27924100,-0.15783200,-0.30334600,0.82065100,-0.03404600,0.26148500,-0.00759687,0.00213377,-1.20557200,0.03496300,-0.17390200,1.25516600,0.55795800,-1.28539300,-0.64917500,1.02292700,0.62895600,0.06282900
0.00322500,0.02674500,0.71178114,-0.08789701,-0.01338500,-0.07431901,0.99326313,-0.29184800,0.43422400,0.12246500,0.84676900,-0.32445400,-0.05961500,-0.41901300,-0.14610200,-0.22393200,0.99257600,0.12061900,0.26171900,0.01336877,-0.04951315,-1.19946600,0.11778600,-0.19576900,1.28067700,0.58216400,-1.38946500,-0.71958600,1.18279400,0.54953800,0.05293900
0.00036600,0.03792100,0.71245215,-0.09673695,-0.01319899,-0.09369195,0.99080249,-0.27284600,0.45401300,0.17111500,0.83548900,-0.34486000,-0.02711700,-0.54562800,-0.15896600,-0.17685600,1.12279900,0.22503900,0.26172100,0.03023115,-0.08652103,-1.20482100,0.17143100,-0.23077500,1.31143600,0.61326000,-1.50245500,-0.82734200,1.31975700,0.48772000,0.01946400
-0.00200300,0.04744700,0.71465263,-0.10164100,-0.01247900,-0.10604700,0.98907402,-0.26527900,0.46251900,0.20129100,0.82872700,-0.33981400,-0.01812300,-0.66075700,-0.19028300,-0.14376400,1.23209700,0.27238800,0.26170100,0.04491615,-0.11475108,-1.22203500,0.20305400,-0.26951200,1.34217300,0.64826900,-1.61186000,-0.94359300,1.43931300,0.43739200,-0.02580000
-0.00344400,0.05430000,0.71817725,-0.10334001,-0.01282900,-0.11418301,0.98798709,-0.25236600,0.46749100,0.23040500,0.81220500,-0.31851700,-0.02718500,-0.75557000,-0.23960400,-0.12520100,1.33063300,0.20469400,0.26174100,0.05949340,-0.13965056,-1.22840300,0.23612600,-0.30244800,1.36625400,0.68279200,-1.68573300,-1.05424600,1.49992500,0.39868200,-0.07895700
-0.00420600,0.05975800,0.72403302,-0.10266896,-0.01290699,-0.11736095,0.98768360,-0.23572700,0.46424000,0.25547000,0.77896400,-0.28049500,-0.04239000,-0.83901400,-0.30390600,-0.11442100,1.42338500,0.09351200,0.26126800,0.07641540,-0.16231337,-1.23348700,0.27352800,-0.32413700,1.37899800,0.71089500,-1.73275900,-1.15848000,1.49995100,0.36888700,-0.14409700
-0.00429700,0.06484300,0.73304106,-0.09995901,-0.01151100,-0.11557701,0.98818908,-0.21091300,0.44785900,0.27961000,0.71419000,-0.22785000,-0.04786200,-0.91542500,-0.38708700,-0.11187600,1.51109900,0.01970700,0.26154100,0.09906309,-0.18444509,-1.23471200,0.30561100,-0.32840200,1.39121500,0.72542200,-1.79855300,-1.24573100,1.49998200,0.34441500,-0.19652800
-0.00399400,0.06927900,0.74411941,-0.09735996,-0.00840500,-0.11063095,0.98904559,-0.18595300,0.42657300,0.29698300,0.63272500,-0.15771000,-0.05039000,-0.98558200,-0.47397600,-0.10918700,1.59167600,-0.03066400,0.25900900,0.12674239,-0.20691822,-1.22827200,0.33261100,-0.32145200,1.40277700,0.72949900,-1.87794000,-1.31847400,1.49998100,0.32478200,-0.23424700
-0.00362400,0.07322700,0.75715290,-0.09645903,-0.00317500,-0.10577703,0.98969530,-0.16745900,0.40674700,0.30598200,0.54688000,-0.06384600,-0.05267600,-1.05349500,-0.54652000,-0.10261600,1.66797300,-0.05433700,0.24842500,0.15779121,-0.23038350,-1.21787600,0.35273900,-0.30374500,1.41193500,0.72158400,-1.97392500,-1.37682600,1.49997100,0.30295500,-0.25582600
-0.00305700,0.07637900,0.76991289,-0.09618701,0.00294500,-0.09938201,0.99038508,-0.15511200,0.38847300,0.30550500,0.46367100,0.03842000,-0.06815600,-1.11573400,-0.61023900,-0.09385200,1.73989600,-0.06378700,0.23573400,0.19074434,-0.25087469,-1.20919200,0.36177100,-0.28414500,1.41835000,0.71001800,-2.07916600,-1.42428000,1.49906900,0.28215100,-0.25692700
-0.00210100,0.07846300,0.78097492,-0.09530203,0.00858300,-0.09097603,0.99124529,-0.15016600,0.37053100,0.28742900,0.39311400,0.13705300,-0.11560400,-1.17104400,-0.66456100,-0.08318800,1.80932400,-0.07229600,0.22604900,0.22407483,-0.26241559,-1.20911900,0.35461900,-0.27213800,1.41862300,0.70375100,-2.13327500,-1.47318300,1.40148700,0.25279800,-0.24638800
-0.00127600,0.07947800,0.78978734,-0.09493299,0.01452700,-0.08316999,0.99189689,-0.15290100,0.35579600,0.25492500,0.33953200,0.22305200,-0.18470000,-1.21899200,-0.70710600,-0.07213700,1.87290700,-0.07924800,0.21586200,0.25427011,-0.26594588,-1.21558900,0.34031300,-0.26517800,1.41503600,0.70127100,-2.16621600,-1.50887300,1.25346100,0.20046500,-0.21323100
-0.00107100,0.07913600,0.79489074,-0.09531504,0.02097101,-0.07593103,0.99232542,-0.16355600,0.35058200,0.21980600,0.30753300,0.27848100,-0.26050400,-1.25875400,-0.73528600,-0.06073800,1.92818500,-0.08763000,0.19893000,0.27571496,-0.26515815,-1.22912100,0.32632100,-0.26602400,1.40743400,0.70624500,-2.18440900,-1.53524200,1.07384000,0.14405100,-0.14855700
-0.00135700,0.07806900,0.79776257,-0.09421297,0.02663099,-0.06797398,0.99287172,-0.17947900,0.34615400,0.20620800,0.29779900,0.30859500,-0.26162600,-1.28854800,-0.75987500,-0.05139600,1.97104700,-0.09385500,0.18250600,0.28813794,-0.26238664,-1.24572800,0.31094200,-0.26823200,1.39733300,0.71196100,-2.19093800,-1.54282700,0.87497100,0.09286700,-0.07666200
-0.00232000,0.07671500,0.80189802,-0.09158102,0.03062801,-0.06144202,0.99342827,-0.19811500,0.33993100,0.17830600,0.31627200,0.31330800,-0.26149800,-1.30671000,-0.78433300,-0.04564000,1.99843100,-0.09916800,0.17307500,0.29171527,-0.25553220,-1.26167500,0.29601700,-0.26548300,1.38657700,0.71247700,-2.18737100,-1.52713600,0.66284900,0.04644600,-0.02114000
-0.00351000,0.07532300,0.80522722,-0.08719001,0.03219800,-0.05541201,0.99412811,-0.21525500,0.33294300,0.15213500,0.35249300,0.30624500,-0.26142700,-1.30757500,-0.80838900,-0.04598000,2.00459600,-0.09188200,0.18069400,0.28853879,-0.24505752,-1.27641800,0.27596100,-0.25927300,1.37887400,0.70843400,-2.17358500,-1.49412500,0.43941000,0.00249400,0.01204000
-0.00456400,0.07440900,0.80644278,-0.08085097,0.03119699,-0.04892698,0.99503569,-0.22501800,0.32900400,0.15367700,0.39610900,0.29279700,-0.25070400,-1.28378000,-0.83457500,-0.05696100,1.98015500,-0.05476000,0.22453700,0.28194930,-0.22980477,-1.28952900,0.24453400,-0.24722900,1.37809600,0.69617000,-2.15185900,-1.44969500,0.21793700,-0.05923300,0.01150400
-0.00538300,0.07368000,0.80555676,-0.07382801,0.02872700,-0.04473000,0.99585311,-0.22676000,0.32771400,0.17636900,0.43837200,0.28417800,-0.20781600,-1.23923200,-0.85917700,-0.08629800,1.93016100,-0.00574600,0.26097000,0.27198979,-0.21004858,-1.29857200,0.20953800,-0.23463300,1.38418000,0.68262300,-2.12133000,-1.39047800,0.00428800,-0.12378400,0.00068700
-0.00582000,0.07297500,0.80213188,-0.06693900,0.02495900,-0.04493900,0.99643199,-0.21821700,0.32909600,0.20964800,0.46991900,0.30390600,-0.14383600,-1.17427800,-0.88103700,-0.13890100,1.85819200,0.04112000,0.26148900,0.25797696,-0.18685047,-1.30077100,0.17579600,-0.22796300,1.39972500,0.67519500,-2.08785800,-1.30810700,-0.18861600,-0.18549800,0.00372700
-0.00565100,0.07244900,0.79667484,-0.06038601,0.02046000,-0.04884901,0.99676913,-0.19931600,0.32874400,0.24167200,0.48661100,0.33057800,-0.08498100,-1.09359200,-0.88798500,-0.19896600,1.76750000,0.09073400,0.26168000,0.24323773,-0.16075716,-1.29999500,0.14348700,-0.22318600,1.41753600,0.66922800,-2.05613700,-1.21350300,-0.35577200,-0.23640700,0.01879000
-0.00445600,0.07244000,0.79060020,-0.05448101,0.01556500,-0.05699701,0.99676521,-0.17226000,0.31904200,0.25017500,0.48207000,0.35663000,-0.05603700,-1.00538300,-0.87268600,-0.25085400,1.65935400,0.14387500,0.26169000,0.23182596,-0.13207684,-1.29883700,0.11394300,-0.21733200,1.43112000,0.66169500,-2.02654000,-1.10786100,-0.49666800,-0.26123100,0.04972800
-0.00267100,0.07226500,0.78962480,-0.05079600,0.00987300,-0.06788900,0.99635003,-0.13642400,0.30500300,0.23804900,0.46729100,0.35550400,-0.05747000,-0.91161700,-0.83783100,-0.29627800,1.54021100,0.19728900,0.26168500,0.22291924,-0.10210051,-1.29852300,0.08949200,-0.21212700,1.44026400,0.65511800,-1.99859000,-1.00938500,-0.61133900,-0.25418000,0.08144500
-0.00045200,0.07136900,0.78361314,-0.05022000,0.00312500,-0.08047300,0.99548595,-0.08779400,0.29177700,0.20505200,0.45158900,0.28230600,-0.09917000,-0.81363800,-0.78452400,-0.33513300,1.41467700,0.24875700,0.26169300,0.21548436,-0.07166055,-1.29708800,0.07394500,-0.20797700,1.44481500,0.65082500,-1.95955800,-0.93502500,-0.70078600,-0.20708000,0.09428800
0.00176800,0.06960600,0.77379621,-0.05206900,-0.00322700,-0.09336800,0.99426396,-0.03677700,0.29057400,0.17445500,0.43900800,0.17513400,-0.15301700,-0.72095800,-0.71402900,-0.35478300,1.28836800,0.29166100,0.26169800,0.20909495,-0.04404253,-1.29475300,0.06766700,-0.20591300,1.44584600,0.64920900,-1.91527500,-0.87932500,-0.76838900,-0.11987800,0.09970400
0.00362600,0.06677900,0.76216593,-0.05559399,-0.00800100,-0.10598897,0.99277975,0.00905300,0.29655500,0.16547300,0.43295100,0.05809900,-0.19649400,-0.64205900,-0.62590200,-0.34369700,1.16835800,0.31329800,0.26170500,0.20160629,-0.02153992,-1.29182800,0.07130500,-0.20798300,1.44314400,0.65185300,-1.86919400,-0.84263400,-0.81767600,0.00668700,0.10410200
0.00474500,0.06239400,0.74948237,-0.05879802,-0.01053500,-0.11724104,0.99130537,0.04617000,0.30865200,0.17604500,0.43025200,-0.05687900,-0.22475700,-0.57515200,-0.53018200,-0.30138900,1.06213900,0.32570800,0.26175600,0.19017399,-0.00469291,-1.28822300,0.08857500,-0.21192400,1.43706200,0.65720700,-1.82504700,-0.83109500,-0.82836400,0.16593300,0.11164900
0.00461000,0.05578700,0.73747663,-0.06084001,-0.01051200,-0.12679003,0.99000620,0.07110700,0.32471000,0.20641800,0.42932300,-0.15684100,-0.21933600,-0.52450900,-0.42797700,-0.21883300,0.98092100,0.36717700,0.26159000,0.17053046,0.00180963,-1.28187000,0.12755100,-0.21621800,1.42896400,0.66497000,-1.78413200,-0.84864500,-0.79631100,0.36066400,0.12306000
0.00325600,0.04723300,0.72711635,-0.05755199,-0.00870900,-0.12992498,0.98981383,0.07736200,0.33002900,0.22832400,0.43578700,-0.23487500,-0.20398900,-0.47390200,-0.35178100,-0.14256400,0.91454700,0.37176300,0.26105400,0.14417411,0.00438147,-1.28221000,0.16927700,-0.22040500,1.41737000,0.67239700,-1.75246600,-0.89241100,-0.66937300,0.55640300,0.14101600
0.00032500,0.03653900,0.72286570,-0.04599202,-0.00481000,-0.12003205,0.99169244,0.05359800,0.32112900,0.21512900,0.45384200,-0.28070400,-0.19683800,-0.40762500,-0.33521500,-0.13933800,0.85310500,0.22378800,0.26158500,0.11612590,0.01129362,-1.30143700,0.19436400,-0.22493600,1.39978100,0.67723900,-1.74511500,-0.96084700,-0.43737600,0.71454000,0.15667700
-0.00350800,0.02452600,0.71694311,-0.03088899,-0.00049800,-0.10216398,0.99428776,0.00536000,0.30421300,0.17708700,0.48844400,-0.28830600,-0.19676700,-0.34434000,-0.35290400,-0.17834900,0.80320200,0.04634600,0.26166300,0.08980762,0.01582872,-1.32753100,0.21008400,-0.22735600,1.38207500,0.67805000,-1.74518000,-1.03859000,-0.16414600,0.81333300,0.15095600
-0.00765200,0.01205100,0.71671082,-0.01347900,0.00417500,-0.07898499,0.99677593,-0.06687100,0.27734100,0.10799000,0.54487000,-0.24814300,-0.20530000,-0.30619900,-0.38350700,-0.22540800,0.76982500,-0.05033500,0.26103200,0.07070330,0.01398382,-1.35109600,0.22171500,-0.22096200,1.36616600,0.66945500,-1.73993300,-1.10101200,0.15107700,0.81027300,0.10662900
-0.01218000,-0.00081700,0.72127840,0.00113300,0.00953500,-0.05181099,0.99861075,-0.15643400,0.25595300,0.04636300,0.61749900,-0.16415000,-0.23590500,-0.27455300,-0.41254200,-0.28674700,0.73843900,-0.09990800,0.25408700,0.05408624,0.00393327,-1.37390000,0.23164500,-0.21509400,1.35391600,0.66171900,-1.72583800,-1.17035800,0.41407700,0.75877300,0.06270100
-0.01734800,-0.01433900,0.73039374,0.00924600,0.01249300,-0.02285100,0.99961806,-0.26092300,0.25916900,0.03780800,0.70093400,-0.01927500,-0.26171200,-0.23687600,-0.42603900,-0.35165400,0.69804800,-0.09830200,0.24347200,0.03110883,-0.01926080,-1.39350300,0.23756400,-0.21961200,1.35279800,0.66516200,-1.71952000,-1.22918700,0.56072600,0.67033500,0.05824800
-0.02213900,-0.02753700,0.73341850,0.01488101,0.01353001,0.00852200,0.99976141,-0.37170800,0.29309600,0.07479800,0.79519800,0.10560500,-0.26176200,-0.19505600,-0.43501200,-0.42071400,0.65306100,-0.06367100,0.24287700,0.00323740,-0.05052177,-1.41243700,0.23381400,-0.23003700,1.36031800,0.67392000,-1.71031400,-1.26992000,0.62362300,0.56164500,0.07221400
-0.02546000,-0.03931000,0.73377435,0.01767300,0.01370700,0.03973400,0.99895996,-0.47277000,0.36669000,0.15530500,0.91177500,0.12041100,-0.26176800,-0.14889400,-0.43880100,-0.49752200,0.60598700,-0.02090700,0.23990100,-0.02649564,-0.07941955,-1.43229000,0.21749100,-0.24589700,1.37527300,0.68642900,-1.69023800,-1.29477800,0.60084700,0.46861100,0.11592700
-0.02774400,-0.05012900,0.74034569,0.01859200,0.01315100,0.06541900,0.99759799,-0.56272000,0.45714700,0.23069300,1.05173000,0.08788400,-0.26176700,-0.10574300,-0.43394900,-0.56683800,0.55771500,0.02703500,0.24132600,-0.05904382,-0.10027755,-1.45084800,0.19546500,-0.26377600,1.39328900,0.70081800,-1.66031300,-1.30925000,0.51695900,0.38291200,0.16055700
-0.02884900,-0.06011800,0.74651003,0.01948800,0.01241900,0.08254801,0.99631913,-0.65034000,0.53230700,0.25705000,1.21209900,0.05873300,-0.26171200,-0.06945100,-0.42377500,-0.62298100,0.50794800,0.07230700,0.25323700,-0.09745303,-0.11009298,-1.46673000,0.17247700,-0.28189400,1.40985500,0.71599400,-1.61889500,-1.31300700,0.40198700,0.29431200,0.18718100
-0.02942800,-0.06894500,0.75246991,0.02109400,0.01308700,0.09375399,0.99528587,-0.73732700,0.59355400,0.25685600,1.38116900,0.02499500,-0.26172500,-0.04668400,-0.41083800,-0.65408500,0.46078800,0.11509500,0.26010200,-0.13939511,-0.11246085,-1.48142200,0.15277200,-0.29592800,1.42069400,0.72821700,-1.56541900,-1.31411400,0.26185100,0.20592100,0.19964700
-0.03017400,-0.07631700,0.75849231,0.02395699,0.01621199,0.10015196,0.99455157,-0.82212200,0.63969900,0.24397900,1.55022700,-0.01473600,-0.26098300,-0.04307100,-0.39760800,-0.64304700,0.42051400,0.15568100,0.26057700,-0.18137790,-0.11095657,-1.49710600,0.14217400,-0.29923500,1.41877600,0.73139200,-1.49950800,-1.32655400,0.10485100,0.11593200,0.19080200
-0.03081900,-0.08236500,0.76424814,0.02715300,0.02125500,0.10401201,0.99397809,-0.90246200,0.67871900,0.23217800,1.71155400,-0.05076100,-0.23694300,-0.05278700,-0.38353700,-0.59886900,0.38872700,0.19082700,0.26086700,-0.22065372,-0.10758590,-1.51244400,0.13568400,-0.29816800,1.40985100,0.73105000,-1.42569700,-1.33822300,-0.06172400,0.01670800,0.17692600
-0.03140600,-0.08692600,0.76967926,0.02974798,0.02803599,0.10716594,0.99340047,-0.97866400,0.71379000,0.22078800,1.85666400,-0.07007000,-0.22423300,-0.07266900,-0.36489800,-0.52372400,0.36737400,0.21796300,0.26157500,-0.25367271,-0.10426322,-1.52817500,0.13211200,-0.29667400,1.39697400,0.73105500,-1.34803400,-1.35785000,-0.23812100,-0.07282300,0.15418800
-0.03173400,-0.09044600,0.77376442,0.03166699,0.03563199,0.10932098,0.99286277,-1.04750100,0.74006500,0.20598900,1.97698400,-0.07003000,-0.22633600,-0.09586800,-0.34380000,-0.43188100,0.35572600,0.23068000,0.26168800,-0.27965619,-0.10070970,-1.54239700,0.13076900,-0.29413100,1.38333600,0.73101100,-1.27210500,-1.36956300,-0.41927800,-0.14875000,0.13071900
-0.03145400,-0.09318500,0.77795507,0.03338001,0.04291701,0.11145303,0.99228127,-1.10360000,0.75485500,0.19562300,2.06287700,-0.04741700,-0.22886000,-0.11747500,-0.32280400,-0.32940500,0.35500700,0.21841300,0.26170100,-0.29707743,-0.09811818,-1.55222100,0.13017600,-0.29216700,1.37405600,0.73238700,-1.20849200,-1.35859500,-0.59213700,-0.21275700,0.12111800
-0.03105200,-0.09554400,0.78069734,0.03395499,0.05049698,0.11345795,0.99167757,-1.14882600,0.76169700,0.19038700,2.11136000,-0.00382000,-0.23436600,-0.13502900,-0.30808100,-0.24590400,0.36093900,0.19638200,0.26168400,-0.30762988,-0.09574564,-1.56034100,0.12897300,-0.28850400,1.36581800,0.73295300,-1.15740100,-1.33606600,-0.74883900,-0.25671200,0.11460800
-0.03089500,-0.09806200,0.78095353,0.03333001,0.05843701,0.11578703,0.99099323,-1.18473900,0.76128300,0.18814900,2.11607000,0.06550100,-0.24095300,-0.14537500,-0.31477800,-0.22111000,0.36783000,0.17730600,0.26133500,-0.31394543,-0.09144276,-1.56979200,0.12440000,-0.28075500,1.35528600,0.73026600,-1.11716200,-1.30409300,-0.88300400,-0.27612100,0.10789100
-0.03093100,-0.10070300,0.77888070,0.03156799,0.06479798,0.11787895,0.99040862,-1.20305500,0.75378500,0.19538100,2.08125200,0.14196400,-0.24810900,-0.14731900,-0.33212200,-0.23580500,0.36890800,0.16422600,0.24972000,-0.31548543,-0.08851575,-1.57626300,0.11983500,-0.27062900,1.34751100,0.72642700,-1.09454800,-1.26769000,-0.98975800,-0.26632300,0.10137200
-0.03133900,-0.10377200,0.77409757,0.02843700,0.06852300,0.11785101,0.99025607,-1.19395600,0.74376400,0.21778800,2.00499900,0.20779300,-0.25465700,-0.13943800,-0.35248800,-0.29067700,0.35571800,0.17103800,0.20046400,-0.31262364,-0.08928113,-1.57516500,0.11977400,-0.25937000,1.34687700,0.72327300,-1.09176000,-1.23007000,-1.06344900,-0.22053700,0.08978600
-0.03180100,-0.10676600,0.76733090,0.02499401,0.06973903,0.11866806,0.99016648,-1.16417700,0.72165200,0.24442900,1.90193000,0.25057700,-0.25564100,-0.12162700,-0.36818300,-0.35224900,0.33573100,0.17601700,0.16555800,-0.30622507,-0.09384487,-1.56973500,0.11734200,-0.24710200,1.35341100,0.71896400,-1.10467700,-1.19916800,-1.09843700,-0.13665600,0.08389000
-0.03201500,-0.10939900,0.75942586,0.02160400,0.06719499,0.12280398,0.98991782,-1.11744300,0.67877000,0.26208300,1.78574900,0.24025400,-0.24913500,-0.09806900,-0.36514600,-0.36779700,0.32042300,0.16913100,0.20442600,-0.29656911,-0.10270587,-1.56043300,0.10658800,-0.23346800,1.37000200,0.71117500,-1.13013400,-1.17807400,-1.08826700,-0.01128400,0.09501800
-0.03211100,-0.11131200,0.75592592,0.01841701,0.06376102,0.12788204,0.98956633,-1.06267100,0.62198500,0.26592100,1.66191300,0.21580200,-0.24297500,-0.07483500,-0.35429500,-0.36281800,0.31190000,0.13772800,0.25699700,-0.28369881,-0.11300639,-1.55153700,0.09269700,-0.22038100,1.38815300,0.70335300,-1.16256100,-1.18099500,-1.03413800,0.15523900,0.11130900
-0.03212300,-0.11195200,0.74813064,0.01534400,0.06240998,0.13331496,0.98898770,-1.01146500,0.55461200,0.25268300,1.53403300,0.22555300,-0.23742200,-0.05726900,-0.34229200,-0.35369700,0.31543800,0.06024100,0.26133000,-0.26548163,-0.12209051,-1.54987800,0.07767800,-0.21088800,1.39928000,0.69913200,-1.19836200,-1.22221600,-0.93630100,0.36081700,0.12877400
-0.03204000,-0.11157300,0.73823487,0.01076500,0.06037599,0.13770497,0.98857281,-0.95479800,0.49127000,0.22622700,1.41021700,0.24876100,-0.23637400,-0.04190300,-0.32686700,-0.34241300,0.32723400,-0.03266500,0.26142600,-0.24237722,-0.13039104,-1.55386400,0.06220600,-0.20186800,1.40445900,0.69531300,-1.22375000,-1.28214500,-0.76828700,0.56072200,0.15291800
-0.03191300,-0.11047500,0.72883697,0.00464900,0.05630601,0.14030403,0.98849522,-0.89050400,0.45207000,0.20210500,1.30686000,0.28768300,-0.25130100,-0.02555200,-0.31111100,-0.34683900,0.33887300,-0.11051600,0.26075500,-0.21522874,-0.13697143,-1.55753600,0.05061900,-0.18851200,1.40371400,0.68785000,-1.22561500,-1.34571600,-0.53064900,0.71856700,0.17754700
-0.03161000,-0.10794700,0.72036994,-0.00522200,0.05058100,0.13789299,0.98914095,-0.81252200,0.43228200,0.18381700,1.21505700,0.29001800,-0.25867600,-0.01239300,-0.28868900,-0.34716100,0.35084500,-0.16969300,0.25895000,-0.18701262,-0.14424069,-1.55559300,0.04505300,-0.17673100,1.40712800,0.68361700,-1.22436000,-1.40201500,-0.30099800,0.81022500,0.18910500
-0.03083900,-0.10337700,0.72161455,-0.02125401,0.04227801,0.12605304,0.99089428,-0.70189200,0.41875800,0.16637900,1.12678900,0.16402800,-0.24768900,-0.00383600,-0.25245700,-0.32725600,0.36205700,-0.20447200,0.25827500,-0.16415848,-0.15535019,-1.54160400,0.05097200,-0.17115500,1.42334300,0.68871100,-1.23393000,-1.42292600,-0.09483500,0.77559500,0.18425300
-0.03017600,-0.09657400,0.72038751,-0.03912501,0.03380801,0.10857802,0.99274220,-0.58942900,0.42461100,0.17330200,1.05308100,-0.00507100,-0.21407100,-0.00962300,-0.21441500,-0.28816300,0.38328900,-0.20587100,0.26019200,-0.14535143,-0.17118357,-1.52252000,0.06734800,-0.17207600,1.44466900,0.70221400,-1.24887000,-1.41101900,0.07790000,0.68417100,0.18273000
-0.03003200,-0.08678300,0.71558019,-0.05819497,0.02735499,0.08514296,0.99429157,-0.50697600,0.46924800,0.22533900,1.00116000,-0.14523900,-0.16876100,-0.04167800,-0.17350900,-0.22245700,0.42784500,-0.16517100,0.26163100,-0.12721810,-0.19334798,-1.49761000,0.09526400,-0.18452000,1.47291900,0.72819400,-1.27991900,-1.38546100,0.18600200,0.59756400,0.21219200
-0.03049200,-0.07560100,0.71534834,-0.07646497,0.02372499,0.05936597,0.99502056,-0.44155100,0.51496200,0.29371700,0.95468300,-0.25004700,-0.11844300,-0.09811200,-0.13388000,-0.15404100,0.49288700,-0.08562500,0.26167700,-0.10868901,-0.21456468,-1.47041500,0.13013900,-0.19924300,1.49196700,0.75641300,-1.32465700,-1.37289600,0.24855800,0.49798300,0.23321600
-0.03201300,-0.06418100,0.72459581,-0.09032098,0.02435699,0.03558199,0.99497878,-0.39176100,0.53476100,0.34568000,0.89912200,-0.27403900,-0.08490100,-0.18238800,-0.10611600,-0.09530600,0.57528600,0.05743900,0.26173200,-0.08985729,-0.22688513,-1.45015800,0.16037600,-0.20737500,1.49372400,0.77781900,-1.36808000,-1.39143700,0.29520000,0.40423100,0.21552000
-0.03393300,-0.05274900,0.72864677,-0.09884997,0.02638699,0.01108500,0.99469067,-0.34691400,0.54081000,0.39770000,0.83805600,-0.24909000,-0.07206900,-0.28017500,-0.10996700,-0.07424600,0.66941400,0.19346200,0.26174900,-0.07004809,-0.22954557,-1.43740200,0.19026100,-0.21001500,1.48728300,0.79360300,-1.41289500,-1.41212500,0.31630000,0.31732600,0.19513000
-0.03593300,-0.04186800,0.73384905,-0.09920897,0.02802099,-0.01340300,0.99458170,-0.29858200,0.52851700,0.45383200,0.77382500,-0.20343700,-0.08609300,-0.38345400,-0.17627900,-0.11516400,0.78453600,0.25093100,0.26177600,-0.04794819,-0.22163016,-1.43192800,0.22148900,-0.20495500,1.46987600,0.80184400,-1.46102000,-1.41536500,0.30273600,0.23184600,0.20358900
-0.03746900,-0.03156800,0.74352417,-0.09514999,0.02794200,-0.03680300,0.99438990,-0.24713700,0.50657700,0.50905900,0.70926100,-0.14134700,-0.11557400,-0.48646500,-0.27511600,-0.16715500,0.91846800,0.25108800,0.26174500,-0.02425055,-0.21003202,-1.42393900,0.25637800,-0.19156700,1.44727100,0.80232400,-1.50899000,-1.39957600,0.27345400,0.14026500,0.22111000
-0.03772800,-0.02200200,0.75202404,-0.08980001,0.02397800,-0.05961001,0.99388513,-0.18713100,0.48354500,0.56848100,0.64624000,-0.08026200,-0.14444700,-0.58065000,-0.37842400,-0.20374000,1.06475400,0.18190300,0.26172100,0.00243249,-0.19989834,-1.40293400,0.30037000,-0.16602300,1.42807800,0.79280500,-1.56178900,-1.36781700,0.22653500,0.05985300,0.22608200
-0.03718300,-0.01334300,0.75933151,-0.08524199,0.01832400,-0.08021599,0.99295691,-0.13191800,0.46180000,0.61602200,0.59216300,-0.01921100,-0.17834200,-0.66937400,-0.47458900,-0.21734800,1.21849000,0.08994300,0.26172000,0.03201733,-0.19181643,-1.37423700,0.34387500,-0.13486400,1.41137400,0.77883600,-1.61908700,-1.31918600,0.16659900,-0.00525800,0.22532400
-0.03584700,-0.00605000,0.76560079,-0.08361597,0.01318100,-0.09763697,0.99161568,-0.09363900,0.44998600,0.64004700,0.55596400,0.04101400,-0.22724500,-0.75533600,-0.54968000,-0.21092800,1.36951700,0.03571100,0.25797700,0.06319704,-0.18839982,-1.34178800,0.38067300,-0.10413100,1.39758900,0.76446500,-1.67983000,-1.25072400,0.10267600,-0.05302500,0.22564500
-0.03432400,0.00016900,0.77052569,-0.08379899,0.00977100,-0.11136598,0.99019184,-0.07588600,0.44103900,0.63351000,0.53649900,0.08981500,-0.25961000,-0.83885600,-0.61240100,-0.19965900,1.51061200,0.01725500,0.22069900,0.09546014,-0.18743659,-1.31039000,0.40940700,-0.07674600,1.38753800,0.75215800,-1.73957000,-1.17464800,0.03199300,-0.08360800,0.22537300
-0.03331300,0.00546400,0.77388416,-0.08584602,0.00946100,-0.11971003,0.98904523,-0.08305200,0.43146300,0.58208400,0.53753800,0.12035900,-0.26151000,-0.92703000,-0.65225400,-0.16526900,1.63922200,0.08243200,0.22144800,0.12842789,-0.18890312,-1.28586300,0.42863000,-0.05844900,1.37993700,0.74714400,-1.79411400,-1.10350900,-0.04523900,-0.10307600,0.22519700
-0.03245800,0.01019100,0.77572559,-0.08851598,0.01022800,-0.12314898,0.98837980,-0.10641600,0.41560600,0.49132400,0.55276300,0.13571300,-0.26138700,-1.00576800,-0.67352200,-0.12366500,1.74707000,0.17196700,0.24904600,0.15971676,-0.18949751,-1.26895800,0.43512300,-0.04620900,1.37589100,0.74595000,-1.84152100,-1.04767100,-0.12813300,-0.10376200,0.21582600
-0.03170800,0.01476700,0.77625157,-0.09022100,0.00999400,-0.12126500,0.98846097,-0.13865000,0.38306700,0.36259400,0.57598500,0.13962200,-0.26102700,-1.05769100,-0.68930300,-0.10125100,1.82776800,0.19826500,0.25334800,0.18654087,-0.18358341,-1.26351200,0.42362000,-0.03901600,1.37641100,0.74710900,-1.87763400,-1.02194400,-0.21447800,-0.07945900,0.17846500
-0.03088500,0.01907300,0.77740668,-0.09146398,0.00902300,-0.11741498,0.98882084,-0.16790200,0.33772900,0.22495300,0.60152500,0.13171700,-0.25487000,-1.08359300,-0.70223100,-0.09935200,1.88078400,0.19674900,0.25100100,0.20777013,-0.17335442,-1.26336800,0.40157700,-0.03528500,1.38029300,0.74970700,-1.90142900,-1.01105600,-0.29685800,-0.03366700,0.14040300
-0.02980500,0.02310100,0.77841726,-0.09217898,0.00680800,-0.11425097,0.98914276,-0.18263900,0.28638300,0.10636700,0.61894600,0.10258800,-0.22537900,-1.08411700,-0.71389000,-0.11648600,1.90028600,0.19106700,0.25734200,0.22109245,-0.16060390,-1.26388400,0.37387100,-0.03323500,1.38733400,0.75232000,-1.91429700,-1.00355900,-0.36831800,0.03447000,0.12538300
-0.02845500,0.02688400,0.77737270,-0.09162800,0.00356600,-0.11224100,0.98944103,-0.18550500,0.23534900,0.01136900,0.62997700,0.07842000,-0.18970500,-1.06014700,-0.72473000,-0.14907200,1.88716300,0.18709700,0.26130800,0.22655134,-0.14531460,-1.26354100,0.34343800,-0.03178000,1.39719700,0.75409100,-1.92162800,-1.00258700,-0.42072400,0.12617600,0.12747500
-0.02675800,0.03053300,0.77363969,-0.09028999,-0.00073100,-0.11284999,0.98950092,-0.17930200,0.19662100,-0.04746400,0.62972900,0.09535900,-0.17240000,-1.00617300,-0.73572700,-0.19656500,1.83808400,0.20504700,0.26170400,0.22467047,-0.12832812,-1.26076300,0.31411100,-0.03028800,1.40958400,0.75467700,-1.92796900,-1.00306500,-0.44613600,0.24425300,0.15409100
-0.02469300,0.03390600,0.77312614,-0.08823799,-0.00581000,-0.11551299,0.98936194,-0.16690100,0.16770600,-0.08124300,0.62665800,0.11489600,-0.16024900,-0.93269000,-0.73903300,-0.24946800,1.76230600,0.23282900,0.26173300,0.21827671,-0.10928655,-1.25657900,0.28656800,-0.02624500,1.42108300,0.75203200,-1.93537500,-1.02356600,-0.44253700,0.38695200,0.18036600
-0.02215500,0.03698900,0.77009956,-0.08582401,-0.01079300,-0.11985401,0.98901606,-0.15192100,0.14489900,-0.09874400,0.63664800,0.09581700,-0.13963300,-0.85180600,-0.72853000,-0.29533200,1.66839900,0.26055000,0.26171100,0.21104812,-0.08878810,-1.25267000,0.25977800,-0.01450700,1.42764400,0.74153900,-1.94325800,-1.07903600,-0.39885100,0.54712800,0.18682300
-0.01932400,0.03949300,0.76381773,-0.08301098,-0.01600400,-0.12501298,0.98854681,-0.13579000,0.12801900,-0.09996900,0.65548600,0.04730200,-0.11501100,-0.76394900,-0.71106500,-0.33986800,1.56336900,0.28445200,0.26159300,0.20257856,-0.06702341,-1.25430500,0.23703000,-0.00270700,1.42658000,0.73109100,-1.94949900,-1.14676300,-0.28944900,0.70551800,0.19367400
-0.01627200,0.04107900,0.75410528,-0.07869301,-0.02117900,-0.12989502,0.98817313,-0.11879000,0.11486500,-0.08201700,0.67931300,-0.03074400,-0.08949000,-0.67094200,-0.69603100,-0.38818800,1.45510900,0.29449300,0.26142700,0.19256025,-0.04442649,-1.25841300,0.22052600,0.00073700,1.42009800,0.72863400,-1.94895900,-1.21604700,-0.11389900,0.85096500,0.19819100
-0.01325500,0.04172500,0.74239461,-0.07350797,-0.02594099,-0.13414095,0.98789162,-0.10273600,0.10201400,-0.05780700,0.70583900,-0.12163600,-0.06129100,-0.57579500,-0.67571700,-0.43764600,1.34475800,0.30074600,0.26117300,0.18025559,-0.02190900,-1.26669400,0.20598700,0.00035900,1.40983800,0.72915700,-1.94162500,-1.27862100,0.09272100,0.95014400,0.19464700
-0.01054200,0.04131300,0.73088875,-0.06789903,-0.03028901,-0.13642605,0.98785638,-0.08980400,0.08691300,-0.03971900,0.73032300,-0.20668300,-0.02635500,-0.48606800,-0.63822200,-0.47625200,1.23250700,0.33526400,0.26078500,0.16630459,-0.00133080,-1.27766200,0.19914500,-0.00029800,1.39340700,0.73012700,-1.92798600,-1.32802200,0.30667700,0.97651200,0.17855300
-0.00820900,0.03970800,0.71997017,-0.06239502,-0.03367301,-0.13694205,0.98803839,-0.08175600,0.07136700,-0.02834600,0.75430100,-0.28343900,0.00565400,-0.39756400,-0.59550300,-0.51352000,1.12436000,0.33728000,0.26051000,0.14937299,0.01652532,-1.28843800,0.19754300,-0.00211300,1.37730400,0.73224500,-1.91211700,-1.37507700,0.50771000,0.95523300,0.16496200
-0.00636300,0.03601100,0.71044204,-0.05749002,-0.03595001,-0.13553005,0.98845035,-0.08045000,0.05864300,-0.02503500,0.78000200,-0.34612300,0.02422900,-0.29229600,-0.55422500,-0.57914500,1.02380000,0.20206400,0.26076000,0.12365766,0.03159191,-1.29916800,0.19659100,-0.00431300,1.36836800,0.73512900,-1.89833500,-1.41954900,0.68095700,0.89036500,0.17323100
-0.00515400,0.03247400,0.70260853,-0.05157301,-0.03710201,-0.13174102,0.98924616,-0.08604000,0.04510000,-0.02747100,0.80494200,-0.39354900,0.03081600,-0.20550200,-0.52626200,-0.64336900,0.95250700,0.04327400,0.26120900,0.09747739,0.03967368,-1.31050800,0.19483500,-0.00717000,1.36394000,0.73917700,-1.89559900,-1.46243000,0.82616100,0.79049600,0.18613900
-0.00500100,0.03111400,0.69738456,-0.04554698,-0.03619598,-0.12479394,0.99047554,-0.10020200,0.03157700,-0.03780400,0.82980200,-0.42415900,0.02203500,-0.17300500,-0.52814700,-0.67412300,0.93680800,-0.02994000,0.26103600,0.08209043,0.03789703,-1.32382100,0.19244200,-0.01150700,1.36066300,0.74521300,-1.91723700,-1.50347600,0.93313500,0.67399100,0.18723700
-0.00516800,0.03187000,0.69711325,-0.04128499,-0.03423099,-0.11795398,0.99156979,-0.11466800,0.02171500,-0.04852500,0.84625800,-0.43724100,0.00773300,-0.18379000,-0.54724600,-0.66880300,0.95808100,-0.01929100,0.26108700,0.07911304,0.02571074,-1.33086000,0.19524800,-0.01408900,1.36020900,0.75184900,-1.95827300,-1.52510200,0.99718300,0.55374300,0.17898000
-0.00492500,0.03631600,0.70510663,-0.03888900,-0.03211400,-0.11564800,0.99200901,-0.12374400,0.01488700,-0.05055100,0.84564100,-0.42969000,0.00067300,-0.24783900,-0.57731300,-0.60741200,1.00650100,0.13708700,0.26078200,0.09444049,0.00031374,-1.32091200,0.21084300,-0.00979600,1.36369900,0.75613200,-2.01148700,-1.50603900,1.02249400,0.43862200,0.17117200
-0.00471200,0.04147600,0.71013189,-0.04074498,-0.02860199,-0.11558295,0.99204957,-0.12660300,0.01773100,-0.05008800,0.82494900,-0.40214800,-0.00365300,-0.34090600,-0.59347100,-0.51986500,1.06518600,0.32120700,0.26158000,0.12019192,-0.03067307,-1.30475600,0.23147000,-0.00670600,1.37013200,0.76333900,-2.06190300,-1.46434500,1.01593600,0.34238300,0.17739100
-0.00484300,0.04461300,0.70993947,-0.04738101,-0.02386401,-0.11870504,0.99151130,-0.11650100,0.03525900,-0.04415200,0.77519300,-0.35523400,-0.00811300,-0.43499300,-0.57272400,-0.42602500,1.11785900,0.39506800,0.26160800,0.14224465,-0.05870536,-1.28853600,0.24882600,-0.01641000,1.38514500,0.78170500,-2.10109900,-1.41654700,0.96592500,0.27340800,0.21461800
-0.00498000,0.04650200,0.72240240,-0.05329401,-0.01841500,-0.12290602,0.99081519,-0.10206400,0.05374800,-0.03555900,0.70883000,-0.28914400,-0.01298800,-0.52344900,-0.54639400,-0.34452600,1.17881500,0.40290000,0.26155900,0.16074813,-0.07860697,-1.27699000,0.26277300,-0.02494800,1.39476200,0.79878300,-2.13513200,-1.36835900,0.88175000,0.21124000,0.25628600
-0.00474400,0.04687500,0.73640468,-0.05583801,-0.01134800,-0.12308402,0.99075914,-0.09301600,0.06263600,-0.03611000,0.63690600,-0.20244800,-0.01678700,-0.59691300,-0.54859000,-0.29955800,1.25429200,0.36024800,0.26156300,0.17696498,-0.08793947,-1.27902500,0.27272400,-0.02077300,1.38256600,0.80493900,-2.17343200,-1.33900200,0.77519000,0.15495400,0.27439800
-0.00453700,0.04627300,0.75047021,-0.05576698,-0.00381800,-0.11934895,0.99127761,-0.08839400,0.06496100,-0.04473400,0.56463800,-0.10386200,-0.02839100,-0.66099000,-0.57348700,-0.27706600,1.33807200,0.28685700,0.26155800,0.19219106,-0.09061433,-1.29071500,0.27170000,-0.00773300,1.36524600,0.80172800,-2.21282100,-1.31698900,0.65579500,0.10223800,0.28187300
-0.00472500,0.04510700,0.76341393,-0.05255701,0.00300000,-0.10986703,0.99255126,-0.08945000,0.05823000,-0.06813900,0.49950600,0.00116900,-0.05959500,-0.71555700,-0.62653300,-0.27313900,1.42915000,0.20224800,0.26151200,0.20957602,-0.08726761,-1.31089400,0.25161700,0.01813500,1.35346600,0.78299000,-2.25030200,-1.29313900,0.54291000,0.04274700,0.28710200
-0.00501900,0.04356100,0.77457860,-0.04924599,0.00950300,-0.09781698,0.99393982,-0.09513300,0.04812500,-0.10250600,0.44428900,0.10284100,-0.10590000,-0.76148600,-0.68571000,-0.27253900,1.51797000,0.12481300,0.26123700,0.22870677,-0.08249442,-1.33304200,0.22396800,0.04593300,1.34667700,0.76126600,-2.28632500,-1.26272500,0.43208800,-0.01117100,0.28668300
-0.00523100,0.04195100,0.78340387,-0.04757102,0.01535701,-0.08626404,0.99501743,-0.10410800,0.04222400,-0.14302100,0.40247400,0.18711700,-0.16905900,-0.80119900,-0.72814400,-0.26464300,1.59524300,0.08127500,0.26147100,0.24817812,-0.08035985,-1.34996700,0.19646200,0.06450800,1.35040300,0.74783000,-2.31943400,-1.21971000,0.31631600,-0.04334900,0.27534200
-0.00545500,0.04013000,0.78976936,-0.04746001,0.02102300,-0.07527101,0.99581115,-0.11759400,0.04013500,-0.18413600,0.37615700,0.25153200,-0.23114400,-0.83307300,-0.75503200,-0.25682900,1.65593100,0.06620200,0.25719100,0.26646832,-0.07984807,-1.36361300,0.17003100,0.07725400,1.35871600,0.73966000,-2.34198600,-1.17154100,0.19320400,-0.05514400,0.26091100
-0.00566500,0.03807000,0.79657025,-0.04945198,0.02659199,-0.06559098,0.99626562,-0.13818600,0.04588100,-0.20742200,0.36953100,0.29423100,-0.25961300,-0.85666700,-0.75743000,-0.25153000,1.69315600,0.09022500,0.24975300,0.28173725,-0.08147852,-1.37364600,0.14653100,0.08266600,1.36819700,0.73873400,-2.34715000,-1.12480300,0.05969400,-0.04982100,0.24684200
-0.00604600,0.03566000,0.80303192,-0.05270698,0.03240998,-0.05825297,0.99638254,-0.16404500,0.06122300,-0.20843200,0.37674800,0.31560900,-0.26131400,-0.87242800,-0.74203300,-0.25187300,1.70667900,0.12592500,0.24825900,0.29214417,-0.08390763,-1.38052300,0.12811900,0.08376400,1.37678100,0.74206700,-2.33612300,-1.08099600,-0.07933700,-0.02961200,0.23680300
-0.00693500,0.03277400,0.80710280,-0.05715997,0.03870598,-0.05542697,0.99607351,-0.19303400,0.08783100,-0.18806400,0.39644600,0.31247700,-0.25202000,-0.88229300,-0.71095100,-0.25999600,1.69735100,0.13346000,0.25308500,0.29524672,-0.08534573,-1.38511300,0.11818300,0.08257800,1.38043900,0.74848000,-2.31286800,-1.03985200,-0.21844800,0.00244000,0.23851100
-0.00785100,0.02938600,0.80924909,-0.06095897,0.04377598,-0.05563697,0.99562653,-0.21737600,0.12083700,-0.14008800,0.41794200,0.29328100,-0.20871100,-0.87993900,-0.67169700,-0.27442400,1.66259200,0.13260100,0.25931000,0.29059331,-0.08606786,-1.38529600,0.11262200,0.08078900,1.38306000,0.75553800,-2.27821000,-1.00617500,-0.34876900,0.05265000,0.24380000
-0.00846800,0.02534100,0.81006486,-0.06274801,0.04658401,-0.05796301,0.99525520,-0.22783500,0.15500400,-0.07814400,0.42698400,0.25917600,-0.17518400,-0.85703800,-0.63261700,-0.29539300,1.59351000,0.14064000,0.26126900,0.27687721,-0.08628164,-1.37901300,0.10873800,0.08053300,1.38715000,0.76065100,-2.23099200,-0.98436800,-0.46068600,0.12759200,0.24789800
-0.00864900,0.02097000,0.80806427,-0.06211501,0.04663501,-0.06232001,0.99502920,-0.22342600,0.18529400,-0.01112100,0.42497800,0.23496000,-0.14349500,-0.81949800,-0.59469400,-0.31716600,1.49931800,0.15720300,0.26075100,0.25674592,-0.08612757,-1.36715700,0.10742300,0.08315200,1.39074800,0.76286100,-2.17850600,-0.97282600,-0.54491700,0.22875000,0.25034300
-0.00817700,0.01656700,0.80262778,-0.05875801,0.04353100,-0.06872301,0.99495211,-0.20264500,0.20970200,0.06124900,0.40471900,0.26785100,-0.09708600,-0.76891100,-0.56725100,-0.34425700,1.38750600,0.18793600,0.26161300,0.23378795,-0.08450684,-1.34954600,0.10895800,0.09216700,1.39180400,0.75893700,-2.12342900,-0.97089300,-0.58649500,0.35747200,0.25100700
-0.00695700,0.01216300,0.79477025,-0.05437102,0.03850101,-0.07596403,0.99488237,-0.17000600,0.22661900,0.12633700,0.37836800,0.30030700,-0.06108000,-0.71197000,-0.53291700,-0.36173600,1.26348000,0.22643400,0.26169900,0.21045745,-0.08236800,-1.32881900,0.11370800,0.10284600,1.39272900,0.75310600,-2.07215300,-0.97940000,-0.57656500,0.50872800,0.25306000
-0.00459800,0.00801200,0.79111152,-0.05053101,0.03183501,-0.08330101,0.99473318,-0.13307800,0.23092700,0.14928600,0.36790700,0.27513100,-0.07026400,-0.65513900,-0.47180300,-0.34239400,1.13229700,0.25976800,0.26169700,0.19012993,-0.07986723,-1.30739800,0.11821800,0.11057000,1.39891300,0.74861800,-2.02776700,-0.99704600,-0.50762000,0.67919600,0.25768700
-0.00178200,0.00363700,0.78363325,-0.04726702,0.02536001,-0.08987703,0.99450732,-0.09935000,0.23015800,0.14660700,0.37261100,0.20698400,-0.09871700,-0.60197000,-0.39890600,-0.29187400,1.01006800,0.29284600,0.26167000,0.17360283,-0.07645359,-1.28639300,0.12675400,0.11778400,1.40431300,0.74432400,-1.98819500,-1.01227300,-0.35839900,0.83896800,0.26353100
0.00108200,-0.00128300,0.77133793,-0.04416898,0.02078499,-0.09492796,0.99428656,-0.07304200,0.22805400,0.13216800,0.39135700,0.09210700,-0.12119400,-0.56059400,-0.31809100,-0.20597100,0.91277700,0.34730200,0.26155000,0.16092723,-0.07185222,-1.26666100,0.14473400,0.12665200,1.40198400,0.73957600,-1.95166600,-1.02644900,-0.13882500,0.97269000,0.25123400
0.00357300,-0.00699400,0.75611547,-0.04040500,0.01803600,-0.09833799,0.99416889,-0.05535800,0.22634100,0.11865500,0.41931300,-0.04046500,-0.13442100,-0.52031200,-0.24684100,-0.11407800,0.84231400,0.37618500,0.26116500,0.15019333,-0.06550049,-1.24958700,0.17018900,0.13433900,1.39585400,0.73572200,-1.92599000,-1.03651100,0.10775800,1.04730500,0.22306300
0.00517600,-0.01369800,0.74792464,-0.03486101,0.01650801,-0.09986204,0.99425337,-0.04399500,0.22289500,0.12122600,0.44707800,-0.16508000,-0.12303100,-0.47654500,-0.20745400,-0.05272500,0.81008400,0.30742800,0.26122700,0.13938464,-0.05824854,-1.23753900,0.20546500,0.13795500,1.38606900,0.73495200,-1.91843000,-1.02916200,0.35891400,1.02180300,0.18427500
0.00576100,-0.02184500,0.74289237,-0.02752600,0.01558200,-0.09698600,0.99478301,-0.04610200,0.21513500,0.11535800,0.48180600,-0.26456900,-0.10897400,-0.43769500,-0.19432900,-0.01782800,0.80403700,0.18963900,0.26127200,0.12728360,-0.05071972,-1.23189300,0.24217600,0.13901200,1.37466000,0.73528300,-1.92177500,-1.02390800,0.58360500,0.94998500,0.15750900
0.00487700,-0.03235500,0.73464965,-0.01782499,0.01552099,-0.08626896,0.99599148,-0.06971900,0.20471200,0.08383700,0.52767800,-0.31576700,-0.12428900,-0.41109700,-0.20252000,-0.01575600,0.81230000,0.05590600,0.26074300,0.11244965,-0.04319091,-1.23299700,0.27194100,0.13809300,1.36720800,0.73564000,-1.94778600,-1.03916600,0.74194400,0.85799000,0.16298000
0.00297100,-0.04399300,0.72643645,-0.00686500,0.01649200,-0.06834300,0.99750194,-0.11928600,0.18943000,0.04171300,0.59312600,-0.31397000,-0.14982200,-0.39062500,-0.22469200,-0.03688300,0.82121400,-0.06178300,0.26092300,0.09549252,-0.03936583,-1.24356800,0.29207700,0.13396100,1.36243400,0.73694400,-1.98376700,-1.06638000,0.85424600,0.74288200,0.18115600
0.00010500,-0.05575000,0.72487382,0.00448900,0.01932199,-0.04291998,0.99888157,-0.20835000,0.16447700,-0.01486900,0.69330900,-0.23068800,-0.15774900,-0.37249600,-0.25375800,-0.07795800,0.81363900,-0.11315400,0.24106600,0.07714868,-0.04205245,-1.26521200,0.29907300,0.12679100,1.35998900,0.73872100,-2.01855300,-1.10434400,0.92792200,0.61391700,0.20728500
-0.00300400,-0.06767600,0.72741049,0.01486000,0.02207401,-0.01063600,0.99958931,-0.31661300,0.15638300,-0.03937100,0.80431000,-0.10241500,-0.18299500,-0.34586200,-0.28806300,-0.14384100,0.78899400,-0.12705400,0.20284100,0.05721106,-0.05294210,-1.29585300,0.29621300,0.11452000,1.35865400,0.74291200,-2.05268100,-1.14958200,0.95884700,0.48753200,0.22709800
-0.00579500,-0.07990300,0.73175529,0.02254400,0.02156300,0.02638800,0.99916489,-0.43095000,0.19744700,0.02043900,0.91706400,0.02813600,-0.26148300,-0.29840500,-0.32153100,-0.22788100,0.74526800,-0.11987900,0.17967700,0.03619410,-0.07049817,-1.33693000,0.28202700,0.09218800,1.35776800,0.75342200,-2.07636200,-1.19407000,0.95462200,0.37563100,0.23406900
-0.00774300,-0.09197000,0.73713439,0.02809400,0.01897300,0.06288101,0.99744510,-0.54028000,0.26917300,0.11873300,1.03828700,0.12506800,-0.26171000,-0.23970100,-0.34717100,-0.32126300,0.69163700,-0.09746500,0.16677900,0.01312951,-0.08864471,-1.38283100,0.25526100,0.06704800,1.36032500,0.76448000,-2.08144500,-1.22838900,0.92148400,0.26769200,0.24195600
-0.00786100,-0.10335500,0.74183314,0.03211500,0.01568500,0.09177601,0.99513807,-0.62781000,0.33077600,0.16768700,1.16543700,0.10508900,-0.26166000,-0.18097400,-0.36179600,-0.40872200,0.63575200,-0.07512800,0.15664100,-0.01659419,-0.09687146,-1.42603800,0.22178100,0.04761000,1.36521700,0.77004200,-2.07131900,-1.25740800,0.84411800,0.18116700,0.25389000
-0.00699600,-0.11365200,0.74699243,0.03506801,0.01221300,0.11340804,0.99285432,-0.70642200,0.38965800,0.19806500,1.30509600,0.03812500,-0.26052000,-0.12903100,-0.36551100,-0.48185000,0.58092600,-0.04357800,0.15570300,-0.05152397,-0.09810256,-1.46375800,0.18722100,0.03040200,1.37337300,0.77508900,-2.04661400,-1.28241900,0.73189900,0.10713700,0.26292300
-0.00559300,-0.12225800,0.75376249,0.03688902,0.00946900,0.12710006,0.99115847,-0.78522600,0.45603200,0.22347000,1.45956800,-0.00501600,-0.25802100,-0.09029200,-0.35996200,-0.53176200,0.52991400,0.00742400,0.17293900,-0.08970814,-0.09595961,-1.49306300,0.15743400,0.01233900,1.38653800,0.78425900,-2.00581200,-1.30749100,0.59752500,0.03785400,0.26280700
-0.00388700,-0.12932000,0.76132859,0.03742799,0.00849100,0.13550697,0.99003278,-0.86117600,0.52728600,0.24410500,1.61532500,-0.03713600,-0.23053500,-0.06625900,-0.34886200,-0.55705400,0.48426000,0.07111500,0.20196900,-0.12891719,-0.09189648,-1.51329200,0.13136100,-0.00270000,1.40022800,0.79316400,-1.95258400,-1.33091100,0.44065600,-0.02134600,0.25942800
-0.00235100,-0.13464200,0.76940173,0.03612500,0.00969000,0.14012698,0.98942686,-0.93364000,0.59892700,0.25510600,1.76234600,-0.06239300,-0.18857700,-0.05676300,-0.33317800,-0.55987200,0.44449900,0.14573800,0.23795800,-0.16610299,-0.08828415,-1.52724100,0.10973400,-0.01180500,1.40847000,0.79839300,-1.89179300,-1.34912400,0.26375200,-0.06397100,0.25730900
-0.00070600,-0.13868800,0.77693817,0.03354098,0.01212099,0.14233694,0.98917556,-1.00439700,0.66469000,0.25161000,1.89860600,-0.07741100,-0.15150700,-0.06153200,-0.31454800,-0.53798700,0.41757500,0.21990000,0.26088200,-0.20033254,-0.08555792,-1.53866300,0.09698900,-0.01684000,1.40863400,0.80200900,-1.82326500,-1.37228700,0.07990500,-0.08894900,0.24898400
0.00130300,-0.14179200,0.78271548,0.03021800,0.01511100,0.14388899,0.98901693,-1.07655200,0.72063400,0.23425000,2.02310300,-0.07327600,-0.13380300,-0.08224900,-0.29503200,-0.48378700,0.41507400,0.28053900,0.26138400,-0.23127163,-0.08436532,-1.54289400,0.08837700,-0.01778500,1.40681700,0.80347900,-1.73926900,-1.41557500,-0.09837000,-0.09070800,0.22222500
0.00325800,-0.14413400,0.78617405,0.02733901,0.01930600,0.14448903,0.98894023,-1.14605600,0.76421300,0.20750000,2.12683000,-0.05236700,-0.13016300,-0.11297400,-0.27727900,-0.40866500,0.43000400,0.32064800,0.26166700,-0.25844847,-0.08443592,-1.54738700,0.07525300,-0.01846700,1.40677000,0.80482900,-1.64455500,-1.45694300,-0.27332700,-0.06780300,0.19014000
0.00477700,-0.14591900,0.79078026,0.02633700,0.02501900,0.14445799,0.98884392,-1.20723100,0.79055900,0.18212300,2.20029700,-0.01559200,-0.13221600,-0.15120800,-0.26158400,-0.31512300,0.45928500,0.33215700,0.26169900,-0.27984177,-0.08591191,-1.55110800,0.06753600,-0.02131100,1.40550800,0.80927200,-1.54836600,-1.47951200,-0.43696300,-0.02765300,0.16773800
0.00602100,-0.14748100,0.79357973,0.02574401,0.03102901,0.14350206,0.98882840,-1.25669000,0.80874500,0.16364200,2.24184700,0.03096700,-0.13855800,-0.18632800,-0.25430300,-0.23546800,0.48993800,0.32348400,0.26170200,-0.29615185,-0.08764665,-1.55090300,0.06348700,-0.02442800,1.40527100,0.81474900,-1.45635200,-1.48792600,-0.58291400,0.02608600,0.14838300
0.00696800,-0.14941500,0.79449772,0.02491799,0.03626299,0.14151596,0.98895770,-1.28912800,0.82607800,0.15653100,2.24618500,0.07869900,-0.13944200,-0.20753300,-0.27321300,-0.21059200,0.50463200,0.29518900,0.26167400,-0.30897809,-0.08798644,-1.54711200,0.05973500,-0.02789000,1.40830600,0.82079500,-1.37334000,-1.48428100,-0.70439600,0.09250500,0.13173600
0.00780200,-0.15117400,0.79319598,0.02439300,0.03986101,0.13944703,0.98912618,-1.30317300,0.83925200,0.16041400,2.21752100,0.12875900,-0.14866900,-0.21578000,-0.30771600,-0.21945200,0.50279000,0.26576100,0.26148200,-0.31628528,-0.08951598,-1.53987200,0.05821500,-0.02957600,1.41190400,0.82569800,-1.30862400,-1.47619100,-0.79234000,0.17418800,0.11752300
0.00854900,-0.15222100,0.78873787,0.02405701,0.04086402,0.13689807,0.98944950,-1.30076000,0.84924600,0.16773000,2.15653200,0.18038000,-0.19538400,-0.20747700,-0.35255000,-0.26304900,0.47917300,0.25534300,0.26126100,-0.31448981,-0.09385386,-1.52930800,0.06051900,-0.02717700,1.41409000,0.82742300,-1.26817100,-1.46980900,-0.83623700,0.27481800,0.10341400
0.00964000,-0.15304700,0.78191360,0.02198000,0.03965201,0.13640503,0.98961521,-1.28338000,0.84751100,0.17817300,2.06946300,0.22377900,-0.23889900,-0.18501200,-0.38828700,-0.32409900,0.43872200,0.25844400,0.23895900,-0.30467528,-0.09977897,-1.51705300,0.06104700,-0.02175900,1.41759600,0.82627500,-1.24950800,-1.47150300,-0.83522400,0.39562900,0.09184800
0.01170500,-0.15404900,0.77467497,0.01722399,0.03712099,0.14128595,0.98912266,-1.24698900,0.82542100,0.19473600,1.96024700,0.26018500,-0.23724700,-0.15887300,-0.39134200,-0.34854200,0.38432600,0.29986400,0.20864700,-0.28930802,-0.10704517,-1.50562800,0.05275600,-0.01329300,1.42484700,0.82130600,-1.25100100,-1.48484800,-0.79286400,0.53540000,0.08534800
0.01420000,-0.15507200,0.76756059,0.01137900,0.03364401,0.14761402,0.98840715,-1.19531000,0.79127300,0.21204700,1.83740200,0.28743300,-0.20525000,-0.13115700,-0.37824400,-0.34412900,0.33537800,0.33142200,0.19793700,-0.27069029,-0.11532490,-1.49448500,0.04203600,-0.00325800,1.43414400,0.81430700,-1.26372100,-1.50491900,-0.69953800,0.68166500,0.08628700
0.01692100,-0.15620600,0.76172717,0.00578600,0.02829699,0.15356197,0.98771682,-1.12884500,0.74514600,0.22515900,1.70939800,0.29627900,-0.14740500,-0.10092100,-0.36070100,-0.31779300,0.32137400,0.27912500,0.23274700,-0.25131465,-0.12539761,-1.48175700,0.03342300,0.00706600,1.44605200,0.80641600,-1.27985200,-1.52355000,-0.55566200,0.82438500,0.09716300
0.01947400,-0.15705500,0.75232529,0.00087600,0.02268201,0.15839206,0.98711535,-1.05486100,0.69237300,0.22902600,1.58253400,0.30421600,-0.09096400,-0.07365200,-0.34346000,-0.29210200,0.32951400,0.18223000,0.26113100,-0.23306008,-0.13538836,-1.47260400,0.02553100,0.01741700,1.45646700,0.79785100,-1.29379600,-1.53873900,-0.37230400,0.93085400,0.10422400
0.02140300,-0.15739800,0.74199176,-0.00346100,0.01851000,0.16163402,0.98667109,-0.98350000,0.64084400,0.22049200,1.46367800,0.31713000,-0.07017500,-0.05393800,-0.32653800,-0.27129200,0.34598800,0.07614900,0.26170200,-0.21573228,-0.14364449,-1.47166700,0.02017700,0.02782800,1.46006000,0.78914100,-1.29827900,-1.56088000,-0.15901500,0.97328700,0.08319600
0.02268500,-0.15674500,0.73095194,-0.00873500,0.01413100,0.16194499,0.98665994,-0.91013200,0.59281900,0.20149100,1.35621500,0.33327500,-0.06729000,-0.03951000,-0.30949000,-0.25133000,0.36796900,-0.02693500,0.26173100,-0.19845990,-0.15125525,-1.47386700,0.01819700,0.03682500,1.46201000,0.78140700,-1.30932600,-1.58157900,0.04341700,0.96484500,0.06093200
0.02296500,-0.15501100,0.72036051,-0.01634300,0.00860700,0.15880097,0.98713782,-0.83530200,0.55245100,0.17405300,1.26776600,0.38942900,-0.06044200,-0.02883500,-0.28994300,-0.24305100,0.39067500,-0.11424100,0.26172600,-0.18105229,-0.15919628,-1.47927200,0.01879800,0.04274900,1.46582100,0.77603400,-1.34392400,-1.58356300,0.20192500,0.90633900,0.07154900
0.02276700,-0.15073500,0.72080735,-0.02620899,0.00209800,0.15090997,0.98819779,-0.74974400,0.52781700,0.15199000,1.19257600,0.39370800,-0.06334600,-0.02523400,-0.26750900,-0.22930600,0.41492900,-0.17509500,0.26171300,-0.16195628,-0.17034036,-1.47879900,0.02548500,0.04660700,1.47089100,0.77318700,-1.38208900,-1.57186800,0.33630000,0.82176100,0.09464900
0.02275300,-0.14168800,0.71966649,-0.03917599,-0.00543600,0.13375596,0.99022474,-0.63932600,0.52705600,0.16283500,1.13406500,0.19348700,-0.07305100,-0.03136000,-0.24004200,-0.19247900,0.43850900,-0.19494800,0.26172400,-0.13938040,-0.18837942,-1.46192500,0.04680800,0.04992600,1.47315800,0.77312100,-1.41376200,-1.54560800,0.45790500,0.72709100,0.12055700
0.02220000,-0.13017800,0.70864726,-0.05427200,-0.01126000,0.11302400,0.99204503,-0.53465700,0.54406400,0.20534300,1.08993900,-0.06036500,-0.04378300,-0.05583100,-0.20917100,-0.14402200,0.47209000,-0.17256400,0.26167400,-0.11538128,-0.20923558,-1.44300100,0.07053900,0.04887500,1.47929900,0.77665800,-1.45230700,-1.52450300,0.55404500,0.62023900,0.14130200
0.02061400,-0.11762900,0.70808218,-0.07067299,-0.01298800,0.09260299,0.99310691,-0.46339100,0.56883300,0.26335000,1.04084500,-0.20724200,0.02023400,-0.10844700,-0.17591700,-0.08666500,0.52931100,-0.10076400,0.26169900,-0.09257068,-0.22867007,-1.42761500,0.08372800,0.03819800,1.49688000,0.78623800,-1.49787200,-1.52315700,0.62566600,0.51390600,0.14572700
0.01799000,-0.10462200,0.71333291,-0.08574702,-0.01201000,0.07108601,0.99370518,-0.40891200,0.58679400,0.32629700,0.98513700,-0.28945800,0.08560000,-0.18463200,-0.14674500,-0.03596700,0.60254400,0.00941400,0.26176200,-0.07061486,-0.24365265,-1.40785200,0.09698100,0.02513300,1.49984900,0.79937800,-1.54532200,-1.52350000,0.66605400,0.41848600,0.15431400
0.01368200,-0.09208600,0.72087860,-0.09624296,-0.00888300,0.04858698,0.99413163,-0.36602100,0.58860200,0.37545200,0.92859200,-0.30647500,0.11673100,-0.28815800,-0.13259300,-0.00080800,0.68796300,0.17805500,0.26177100,-0.05074422,-0.24891674,-1.39914200,0.11796700,0.01111900,1.49989900,0.81390300,-1.59555300,-1.51789100,0.66060400,0.34353400,0.18747600
0.00905000,-0.08013600,0.72175039,-0.10198595,-0.00560600,0.02469299,0.99446352,-0.32446500,0.58397900,0.42747200,0.86997200,-0.28221100,0.12318100,-0.40085700,-0.14446800,0.00669000,0.77817800,0.32035000,0.26174800,-0.03247265,-0.24532990,-1.40308600,0.14351800,0.00238900,1.49968700,0.82260400,-1.64336300,-1.50244000,0.62494900,0.27497400,0.22796900
0.00524000,-0.06926700,0.72757862,-0.10227296,-0.00409700,0.00076100,0.99474764,-0.27581700,0.57248100,0.49007200,0.81024900,-0.24806700,0.11534400,-0.50373300,-0.19391300,-0.02077600,0.87216300,0.31999000,0.26174200,-0.01365037,-0.23533467,-1.40749500,0.17333100,0.01109800,1.49778800,0.81397900,-1.69206900,-1.47453800,0.56107100,0.20576800,0.26341700
0.00223300,-0.05924400,0.73561036,-0.09963999,-0.00382000,-0.02186800,0.99477589,-0.22039100,0.55595200,0.55966200,0.74471000,-0.20425300,0.09831200,-0.60080400,-0.26132200,-0.05767600,0.97746400,0.24549100,0.26172800,0.00705139,-0.22401530,-1.40026200,0.20840400,0.02468300,1.48532100,0.80228200,-1.74048800,-1.43213800,0.47828100,0.13830300,0.29000500
0.00051800,-0.05002400,0.74235037,-0.09617903,-0.00524000,-0.04313101,0.99441533,-0.15219800,0.53528800,0.64052000,0.66435000,-0.16686100,0.08446600,-0.69080500,-0.33445400,-0.09950900,1.09249100,0.14963900,0.26175500,0.03166707,-0.21562008,-1.38069900,0.24844700,0.03080900,1.46583000,0.79959200,-1.78725400,-1.37421300,0.38977600,0.07582300,0.30019200
-0.00029700,-0.04154900,0.74871624,-0.09284495,-0.00709000,-0.06108897,0.99377949,-0.08879500,0.50995700,0.71538400,0.58263000,-0.12240300,0.06370100,-0.77344400,-0.40928400,-0.13488900,1.21197100,0.05591600,0.26156400,0.06034923,-0.21011903,-1.35474100,0.28497500,0.03737100,1.44917200,0.79642900,-1.83518000,-1.30126100,0.29652800,0.02515700,0.30533700
-0.00022400,-0.03366600,0.75648954,-0.09030899,-0.00696300,-0.07417999,0.99312292,-0.04674000,0.48484400,0.77007400,0.51086400,-0.05397200,0.02512300,-0.85265000,-0.47840400,-0.15416800,1.33094800,0.00890800,0.26156500,0.09314027,-0.20925952,-1.32810700,0.30831000,0.04891500,1.44058100,0.78608300,-1.88720900,-1.20818100,0.20230600,-0.00651700,0.31776500
0.00006200,-0.02679800,0.76449224,-0.08896300,-0.00495500,-0.08245200,0.99260400,-0.02682600,0.46319400,0.78976100,0.45290800,0.02494100,-0.02592300,-0.92765800,-0.54203400,-0.16226300,1.44830900,-0.01039100,0.25393700,0.12800741,-0.21054279,-1.30405900,0.32081400,0.05982100,1.43524500,0.77434000,-1.93975500,-1.11632400,0.10814600,-0.01226300,0.32784000
-0.00010600,-0.02133900,0.77315630,-0.08909399,-0.00170400,-0.08524899,0.99236685,-0.02910400,0.44781300,0.76481000,0.41501200,0.10840500,-0.09512500,-0.99858700,-0.59284900,-0.15986700,1.56556000,-0.00902700,0.23767900,0.16136854,-0.21074479,-1.28684400,0.32549900,0.06749200,1.42815400,0.76449900,-1.98660200,-1.04776400,0.01491300,0.01473600,0.32474900
-0.00069000,-0.01691300,0.78147826,-0.08963400,0.00157800,-0.08414100,0.99241299,-0.05074800,0.43221000,0.68803500,0.40071600,0.18026100,-0.16588400,-1.06356400,-0.63624400,-0.14918400,1.67762500,0.00198500,0.22718500,0.19184819,-0.20725938,-1.27680100,0.32027800,0.06941100,1.42246000,0.75797400,-2.03001300,-0.99662600,-0.07398500,0.06760800,0.31757400
-0.00210500,-0.01350700,0.78627688,-0.08959103,0.00309500,-0.07931903,0.99281033,-0.08985300,0.40824400,0.54450200,0.41936700,0.21762500,-0.21753000,-1.12057300,-0.67774200,-0.13576000,1.78125400,0.00277700,0.21675700,0.21759302,-0.19622340,-1.27632100,0.30276000,0.06002400,1.42098600,0.75934000,-2.07062700,-0.96319700,-0.15163600,0.14050100,0.31118400
-0.00370500,-0.01064900,0.78847430,-0.08895702,0.00341800,-0.07296802,0.99335323,-0.13207700,0.37408200,0.38095300,0.46171700,0.23161900,-0.25135600,-1.16713800,-0.71513000,-0.12128100,1.87180400,-0.00135600,0.20992400,0.23875357,-0.18168611,-1.27966200,0.27829700,0.04674700,1.42311800,0.76199600,-2.10602100,-0.94475700,-0.21505300,0.23747500,0.30596200
-0.00486400,-0.00784800,0.79163507,-0.08728799,0.00264500,-0.06772399,0.99387488,-0.16663400,0.33092500,0.23107700,0.51844400,0.24139700,-0.25719200,-1.20079100,-0.74769800,-0.11052600,1.94376900,-0.01603900,0.20273800,0.25483545,-0.16599005,-1.28216800,0.25037600,0.03511700,1.42946600,0.76083700,-2.13576400,-0.93527800,-0.26297700,0.35915600,0.30767800
-0.00595600,-0.00522200,0.79167899,-0.08480498,0.00041700,-0.06336298,0.99438075,-0.18584100,0.29283200,0.11815600,0.57667700,0.24129300,-0.25106900,-1.21994700,-0.77525400,-0.10367400,1.99394400,-0.02082300,0.20094500,0.26470768,-0.15006442,-1.28291700,0.22164800,0.02565400,1.43752600,0.75638500,-2.15542500,-0.94372600,-0.28597900,0.49904800,0.30801300
-0.00735900,-0.00276100,0.78929360,-0.08191803,-0.00431100,-0.06037502,0.99479933,-0.18274000,0.28461300,0.08271000,0.62402800,0.20713900,-0.22212200,-1.22325600,-0.79985300,-0.09839000,2.01795300,0.01179800,0.20930800,0.26666170,-0.13567086,-1.27797900,0.19426500,0.02139200,1.44538800,0.74665500,-2.15859000,-0.97513700,-0.27318600,0.65514300,0.30309400
-0.00843800,-0.00029000,0.78478536,-0.07788600,-0.01062700,-0.06104200,0.99503503,-0.16342300,0.29606800,0.09253600,0.64974400,0.17331400,-0.17395000,-1.20691200,-0.81443700,-0.10178500,2.01219000,0.06469800,0.22092200,0.26134374,-0.12092569,-1.26755800,0.17192700,0.02000900,1.45279200,0.73436900,-2.14205200,-1.01225100,-0.20743700,0.81093100,0.29625300
-0.00852100,0.00259700,0.77849739,-0.07362300,-0.01605100,-0.06579400,0.99498400,-0.12897600,0.32664800,0.14451400,0.63047200,0.19497100,-0.10529700,-1.16116800,-0.81352300,-0.12283200,1.96986600,0.12577600,0.23890700,0.25279347,-0.10708471,-1.25198700,0.15703100,0.02090400,1.45920700,0.72029200,-2.10494600,-1.04598100,-0.08480000,0.95352800,0.27977500
-0.00808800,0.00534800,0.77251240,-0.07017698,-0.02087699,-0.07374698,0.99458571,-0.08366100,0.35675500,0.21018700,0.58776500,0.22024400,-0.04943300,-1.09541900,-0.79958800,-0.15792800,1.90003200,0.18913200,0.24770600,0.24289586,-0.09366497,-1.23436000,0.14728100,0.02003500,1.46501800,0.70778400,-2.05649100,-1.06954000,0.07468100,1.05768200,0.25093600
-0.00732000,0.00746400,0.77145491,-0.06689200,-0.02519900,-0.08568300,0.99375495,-0.04450800,0.35245000,0.21963800,0.55231400,0.21071000,-0.05154700,-1.02283500,-0.77298600,-0.19797500,1.80991000,0.24752300,0.23190400,0.23090245,-0.07947876,-1.21581600,0.14520700,0.01224600,1.47262000,0.70160100,-2.00216300,-1.07635100,0.26398700,1.09452400,0.19644100
-0.00647500,0.00905400,0.76803114,-0.06339800,-0.02832900,-0.09775500,0.99278503,-0.01267500,0.33375100,0.20120600,0.52862200,0.16748200,-0.08554900,-0.94549900,-0.73727100,-0.23668200,1.70323900,0.29944000,0.20757900,0.21665378,-0.06840758,-1.19777100,0.15000000,0.00195800,1.47735500,0.69800700,-1.95608600,-1.06951600,0.44343300,1.08763200,0.14804500
-0.00586800,0.01016800,0.75955798,-0.06030399,-0.03024800,-0.10759699,0.99190291,0.01564900,0.31995200,0.19189600,0.52224100,0.07770900,-0.12489000,-0.86307000,-0.69221100,-0.26700800,1.58198800,0.34614900,0.19643700,0.20091500,-0.06382181,-1.18154000,0.16439400,-0.00911400,1.47421300,0.69603000,-1.93087600,-1.04838100,0.57249000,1.04751000,0.14414200
-0.00552700,0.01046500,0.74804574,-0.05668901,-0.03102901,-0.11376803,0.99140324,0.03667800,0.30881000,0.18846600,0.52724000,-0.03186400,-0.15922300,-0.78156300,-0.64153600,-0.28487000,1.45514300,0.37778700,0.18672500,0.18429960,-0.06341402,-1.16935800,0.18464500,-0.01843800,1.46539600,0.69223100,-1.91726500,-1.02660700,0.67046500,0.98412300,0.16158000
-0.00563500,0.00979400,0.73613100,-0.05209399,-0.03072999,-0.11570297,0.99144072,0.04564200,0.29706600,0.18603200,0.54208400,-0.13605100,-0.17564700,-0.70905700,-0.58488400,-0.28208900,1.33337300,0.38351800,0.16455700,0.16673407,-0.06430248,-1.16361300,0.20832900,-0.02054500,1.45033400,0.68076900,-1.91026500,-1.01315200,0.74209100,0.91276400,0.19815600
-0.00603500,0.00764400,0.72455477,-0.04484502,-0.02977801,-0.11198805,0.99225041,0.04723200,0.28072100,0.18187500,0.55559200,-0.23068400,-0.17755800,-0.63652900,-0.53284600,-0.26729600,1.21944600,0.36155800,0.14516100,0.14846115,-0.06365618,-1.16884600,0.22722800,-0.02345300,1.43621700,0.66782900,-1.92260400,-1.01454500,0.79588900,0.82105000,0.22797900
-0.00655000,0.00341700,0.71432799,-0.03253400,-0.02825500,-0.09865701,0.99418810,0.04688400,0.25451900,0.17398800,0.54954500,-0.31011300,-0.15864700,-0.55531100,-0.49333800,-0.25242600,1.11563600,0.30686400,0.14007500,0.13108160,-0.05853895,-1.19084800,0.22784200,-0.03410800,1.43140900,0.65783600,-1.95378200,-1.03551300,0.85960000,0.70984100,0.21347700
-0.00737800,-0.00270600,0.71598290,-0.01816300,-0.02582200,-0.08055699,0.99624992,0.03751800,0.22447700,0.15607000,0.54111800,-0.36066200,-0.13999500,-0.47464700,-0.47340700,-0.25104400,1.02470500,0.21932000,0.14653100,0.11381392,-0.04966497,-1.22193900,0.21930700,-0.05034400,1.42696100,0.65130800,-1.99392600,-1.06289100,0.89979200,0.59282900,0.19809700
-0.00849300,-0.01102500,0.71544197,-0.00332100,-0.02230501,-0.06077903,0.99789647,0.01481400,0.19696000,0.12142800,0.54372900,-0.37073800,-0.14825300,-0.40043800,-0.48626800,-0.29619700,0.95360600,0.07703800,0.16125500,0.09450916,-0.03664330,-1.25481400,0.21453000,-0.07580300,1.41307900,0.65486700,-2.03323200,-1.08716700,0.88614400,0.47681000,0.22386700
-0.01038100,-0.02059900,0.71266959,0.01142500,-0.01734401,-0.03864001,0.99903734,-0.02827800,0.17029000,0.07957100,0.56260600,-0.33355000,-0.16985600,-0.33388800,-0.51249200,-0.37065800,0.89144200,-0.04862500,0.16212200,0.07480459,-0.02456540,-1.28903700,0.21227800,-0.09681200,1.39333700,0.65455800,-2.06308700,-1.11358000,0.84732800,0.35358200,0.26205600
-0.01392300,-0.03058200,0.71738573,0.02517301,-0.00977700,-0.01421000,0.99953429,-0.10307600,0.14064900,0.01835600,0.60703100,-0.22619800,-0.19152600,-0.28691700,-0.53387000,-0.44065600,0.82749400,-0.07721000,0.14197000,0.05917326,-0.02080664,-1.32444000,0.21574300,-0.09260000,1.36631300,0.63040600,-2.08954800,-1.14513400,0.78805200,0.20953400,0.29246800
-0.01793400,-0.04103900,0.72694633,0.03362599,-0.00272700,0.01496500,0.99931872,-0.19539900,0.12933500,-0.01864900,0.66729200,-0.08204600,-0.22777400,-0.24020800,-0.54666500,-0.52051100,0.76125100,-0.04882600,0.12429200,0.04373094,-0.02723584,-1.35783700,0.21017700,-0.09025600,1.34739900,0.60743400,-2.09753800,-1.18891200,0.70803400,0.06480200,0.31316000
-0.02175900,-0.05214600,0.73702625,0.03306402,0.00021100,0.05097402,0.99815248,-0.30316300,0.17127900,0.02964300,0.74214000,0.07798400,-0.26105900,-0.17543400,-0.54290100,-0.62134700,0.69010800,0.01660500,0.12882200,0.02174640,-0.04632926,-1.38805800,0.18527100,-0.11446500,1.34997400,0.60793400,-2.09130300,-1.26295400,0.58360700,-0.04895900,0.30204400
-0.02472400,-0.06304300,0.74417118,0.02839801,0.00075400,0.09033502,0.99550619,-0.41794800,0.26144600,0.12826900,0.83877100,0.20294200,-0.26170100,-0.10749800,-0.52613100,-0.71800400,0.62015900,0.10239900,0.14526000,-0.00406488,-0.07304510,-1.41620900,0.16224600,-0.14766100,1.35850800,0.61815600,-2.06110300,-1.34397900,0.41725300,-0.12336400,0.29261100
-0.02551300,-0.07292800,0.75129745,0.02132500,-0.00030500,0.12805903,0.99153721,-0.51623700,0.38947600,0.24779400,0.96421500,0.21084700,-0.26167800,-0.04991600,-0.49957400,-0.78665600,0.55901600,0.18356000,0.16346400,-0.03303591,-0.09517393,-1.43987100,0.12607900,-0.18611500,1.37602600,0.63188100,-2.00185500,-1.40575900,0.21658800,-0.12388700,0.30666900
-0.02543600,-0.08157600,0.75719249,0.01445700,-0.00141600,0.15836497,0.98727379,-0.59682300,0.51760500,0.33180500,1.11381100,0.16502900,-0.26118400,-0.01691500,-0.46674600,-0.79782600,0.51016300,0.25546100,0.18758500,-0.06575386,-0.10921137,-1.46438600,0.07918200,-0.22607800,1.39743000,0.64566700,-1.93414500,-1.44193500,0.00209100,-0.07139200,0.32449600
-0.02532500,-0.08840600,0.76290576,0.01097600,-0.00144600,0.17800294,0.98396768,-0.68408300,0.59726800,0.33706600,1.28058700,0.14255200,-0.24706800,-0.01736500,-0.42993500,-0.71238300,0.47795100,0.31030800,0.22592900,-0.10080284,-0.11787549,-1.48408600,0.04384900,-0.25955100,1.41566200,0.65509400,-1.86126300,-1.44859800,-0.19947400,0.00041400,0.35193900
-0.02524000,-0.09376900,0.76681186,0.00942300,-0.00023300,0.19017807,0.98170436,-0.77558100,0.65456700,0.32116100,1.45528400,0.11789000,-0.18197000,-0.03230700,-0.39188800,-0.58139700,0.45877000,0.33568900,0.25866800,-0.13613400,-0.12287352,-1.49766400,0.01805100,-0.28857100,1.43024300,0.66148400,-1.79379200,-1.44325600,-0.38779500,0.09178900,0.36927800
-0.02552100,-0.09764900,0.76803532,0.01027000,0.00259000,0.19433905,0.98087724,-0.86849000,0.69183300,0.28975000,1.63393200,0.08788300,-0.14576000,-0.05351100,-0.35937600,-0.44677900,0.45305100,0.31832200,0.26104300,-0.17048077,-0.12354305,-1.50568800,0.00414900,-0.31209300,1.43844200,0.66393200,-1.73375300,-1.44323700,-0.54964900,0.19964600,0.36003000
-0.02608900,-0.10068900,0.77222907,0.01172800,0.00709500,0.19311007,0.98108135,-0.95871100,0.71954300,0.25220800,1.80584100,0.06103500,-0.13084900,-0.07309800,-0.33444100,-0.32643700,0.45666500,0.27619600,0.26151300,-0.20176301,-0.12165172,-1.50909400,0.00017600,-0.33185800,1.44167900,0.66377200,-1.67972800,-1.44848200,-0.67941900,0.32438100,0.33229300
-0.02712000,-0.10338300,0.77355797,0.01239699,0.01282599,0.18832592,0.98194458,-1.03957500,0.75146500,0.21613100,1.96135500,0.03995500,-0.13016000,-0.08521600,-0.33078600,-0.25735000,0.45996500,0.22471200,0.26160600,-0.22705164,-0.11736009,-1.51025400,0.00401700,-0.34874700,1.43999200,0.66148100,-1.62986200,-1.46277600,-0.77461700,0.46476400,0.28247200
-0.02825600,-0.10603000,0.77239824,0.01103700,0.01763700,0.18107503,0.98324918,-1.10922800,0.78729800,0.17899000,2.08909400,0.02269900,-0.13650900,-0.09310200,-0.33309600,-0.22768700,0.46200100,0.18249900,0.24589000,-0.24623394,-0.11371494,-1.50872400,0.01404600,-0.36389000,1.43645100,0.65802400,-1.58206500,-1.47837900,-0.82202200,0.61644800,0.22954500
-0.02924800,-0.10907200,0.76826580,0.00596200,0.01970201,0.17224906,0.98483834,-1.16597600,0.83525900,0.14024100,2.17660100,0.00485000,-0.13939600,-0.09400700,-0.33167400,-0.23422800,0.46320300,0.19230200,0.22097600,-0.25960793,-0.11327438,-1.50354400,0.02903400,-0.37928300,1.43574300,0.65515400,-1.53914200,-1.48862100,-0.81632300,0.77525200,0.19390900
-0.02999400,-0.11243200,0.76235331,-0.00109300,0.01935200,0.16528198,0.98605587,-1.20970300,0.87708000,0.10112600,2.22031800,-0.00481800,-0.14691000,-0.08796400,-0.32403700,-0.24519100,0.46071000,0.21453200,0.20545400,-0.26803909,-0.11689528,-1.49622900,0.04581500,-0.39303200,1.43636700,0.65058700,-1.49154100,-1.49631900,-0.74809400,0.92617000,0.17205500
-0.03018400,-0.11647800,0.75616974,-0.00834600,0.01719400,0.16280097,0.98647380,-1.23494100,0.89943200,0.06523700,2.21025200,0.00436600,-0.17567300,-0.07999000,-0.29732700,-0.21744600,0.46019700,0.20962100,0.19859800,-0.27565977,-0.12610168,-1.48748600,0.06171500,-0.40329400,1.43679300,0.64217400,-1.43581500,-1.49251800,-0.61918900,1.05733200,0.16413100
-0.03010100,-0.12055900,0.75129554,-0.01422801,0.01485601,0.16417706,0.98621638,-1.24309300,0.90100500,0.04135900,2.15704600,0.02746300,-0.20250800,-0.06863300,-0.26765900,-0.18169900,0.46186000,0.17768700,0.19708500,-0.28000920,-0.13725048,-1.48018000,0.07167900,-0.41250400,1.43816300,0.63128100,-1.37699300,-1.48670000,-0.44278300,1.14180000,0.14951000
-0.02987000,-0.12418200,0.74449079,-0.01782500,0.01434400,0.17092700,0.98501801,-1.23995400,0.87298400,0.02835600,2.06560800,0.06140100,-0.19489100,-0.05106100,-0.24997400,-0.16818400,0.46063100,0.10260600,0.19320300,-0.27589779,-0.14622007,-1.47811900,0.06789600,-0.42313800,1.44065000,0.61920100,-1.30704800,-1.50764000,-0.21522600,1.15172600,0.09059400
-0.02968500,-0.12715000,0.73519704,-0.02171501,0.01463701,0.17977309,0.98335947,-1.21900600,0.82953900,0.02133400,1.94662700,0.10523400,-0.17056000,-0.03284500,-0.23594100,-0.16927300,0.46049800,0.00932200,0.18816100,-0.26357269,-0.15493259,-1.47693000,0.05788400,-0.43305300,1.44361900,0.60482200,-1.25913100,-1.54294000,0.00662300,1.10520200,0.03393400
-0.02982300,-0.12923000,0.72555179,-0.02683700,0.01529000,0.18810502,0.98166313,-1.17731500,0.77929100,0.02140900,1.80950600,0.15568500,-0.14746000,-0.02058500,-0.22331400,-0.18359900,0.46572200,-0.07745400,0.18131700,-0.24434507,-0.16344562,-1.47355500,0.04597100,-0.44060100,1.44624600,0.58713300,-1.26276000,-1.56966800,0.16950100,1.01872500,0.03287800
-0.03019700,-0.12998500,0.71632881,-0.03255202,0.01572601,0.19461409,0.98021345,-1.11364900,0.72779200,0.02541800,1.65924800,0.20845700,-0.12246000,-0.00994200,-0.21153100,-0.20295100,0.46930400,-0.15556500,0.17211800,-0.21981258,-0.17227876,-1.46728800,0.03488200,-0.44624600,1.44936300,0.56708600,-1.28446400,-1.59105500,0.30063700,0.90532300,0.05539000
-0.03086600,-0.12918000,0.70832514,-0.03934601,0.01493900,0.19775703,0.97934717,-1.02679800,0.68377500,0.03691900,1.49840000,0.27656700,-0.08874800,0.00334200,-0.19752700,-0.22234500,0.46409600,-0.21815400,0.15883700,-0.19185310,-0.18258675,-1.45608600,0.02773100,-0.44860800,1.45456200,0.54374400,-1.30670400,-1.60797800,0.41228600,0.77333500,0.08534100
-0.03167800,-0.12594100,0.70208705,-0.04497401,0.01258200,0.19696204,0.97929821,-0.91485400,0.64429000,0.05666300,1.34185800,0.30416200,-0.07413500,0.01821800,-0.18746400,-0.23408200,0.45410500,-0.26370300,0.14853200,-0.16009062,-0.19366847,-1.44078000,0.02738200,-0.45145100,1.45889800,0.52141800,-1.34199500,-1.62356700,0.49395900,0.61842400,0.10610500
-0.03245300,-0.11852100,0.70474118,-0.04712700,0.00802100,0.18965198,0.98068692,-0.76441600,0.60864400,0.09249900,1.21144500,0.19942000,-0.12451700,0.03489000,-0.18834000,-0.22707200,0.44259000,-0.28917900,0.15054400,-0.12020684,-0.20577357,-1.42125500,0.03979500,-0.45693700,1.46161500,0.50286200,-1.39072800,-1.62883200,0.55067900,0.44525300,0.09060300
-0.03332900,-0.10928200,0.70649878,-0.05008802,0.00293100,0.17901406,0.98256632,-0.61757100,0.59307200,0.14447500,1.10832700,0.04394700,-0.17092000,0.04742100,-0.19082000,-0.21017200,0.43212200,-0.29508600,0.15920900,-0.07970237,-0.21636138,-1.39959200,0.05713800,-0.46935300,1.45833700,0.49139100,-1.44144800,-1.61400600,0.57730700,0.28603700,0.07770200
-0.03435600,-0.09990100,0.70330919,-0.05677700,-0.00074500,0.16738501,0.98425509,-0.51522400,0.59727400,0.21212600,1.03806900,-0.10291900,-0.15586600,0.05093400,-0.18786300,-0.18615500,0.42513900,-0.28254000,0.17278600,-0.04798358,-0.22531375,-1.37892600,0.07670200,-0.49804900,1.44587300,0.49579600,-1.48821500,-1.57838800,0.56079700,0.15133600,0.11141900
-0.03551100,-0.09097700,0.70095243,-0.06322699,-0.00247600,0.15590797,0.98574283,-0.43896800,0.59579700,0.27870400,0.97993600,-0.21797000,-0.11381000,0.04341000,-0.18615000,-0.16224300,0.42442800,-0.24848000,0.18287500,-0.02509627,-0.23042969,-1.35971900,0.10178500,-0.52960500,1.42063600,0.50279400,-1.52103400,-1.53711800,0.51236300,0.02959900,0.16365900
-0.03669900,-0.08386200,0.70748682,-0.06760098,-0.00137300,0.14632096,0.98692371,-0.38320200,0.57779400,0.32241600,0.90784100,-0.23884100,-0.07645400,0.01990400,-0.18874300,-0.14482700,0.43298300,-0.18338000,0.17797700,-0.01329478,-0.22702741,-1.34474400,0.13186600,-0.55355400,1.37652800,0.50187500,-1.54159800,-1.50607800,0.42352900,-0.06882100,0.21317600
-0.03818600,-0.07798800,0.71816955,-0.06896801,0.00192400,0.13786402,0.98804515,-0.34257400,0.55317000,0.35622800,0.83235800,-0.20288300,-0.05720600,-0.01496000,-0.19901400,-0.14193800,0.45046100,-0.10156700,0.16739400,-0.00990756,-0.21653439,-1.33253500,0.16416600,-0.57242300,1.31201800,0.49537000,-1.55389400,-1.47786600,0.30303600,-0.15280600,0.25457200
-0.04051600,-0.07332800,0.72925658,-0.06700901,0.00629500,0.13103703,0.98909022,-0.31676500,0.52635800,0.37525800,0.76802300,-0.13468600,-0.07526200,-0.06052900,-0.22330100,-0.17315700,0.48478800,-0.01297900,0.15328100,-0.01039186,-0.19833351,-1.32089500,0.19915200,-0.58631200,1.22444800,0.48325300,-1.56519700,-1.45675600,0.15731000,-0.21625000,0.27122600
-0.04283500,-0.06930900,0.74037491,-0.06364599,0.00975100,0.12409599,0.99017892,-0.29399400,0.50061200,0.38890200,0.70735300,-0.05007100,-0.10920200,-0.10486500,-0.24958700,-0.20802800,0.51865500,0.06354500,0.15205900,-0.01183680,-0.17727157,-1.30767200,0.24471500,-0.58708200,1.11969600,0.46425800,-1.57393500,-1.42608300,-0.00157500,-0.25953200,0.28523700
-0.04444800,-0.06524300,0.74934600,-0.05960502,0.01081600,0.11527003,0.99148529,-0.25753300,0.48024300,0.41708800,0.64019400,0.01960500,-0.13532300,-0.13631900,-0.25999700,-0.21718900,0.53363600,0.10006700,0.18575400,-0.00994118,-0.15820353,-1.28073800,0.29683700,-0.56425300,1.00782200,0.43593500,-1.57879900,-1.36797000,-0.14964100,-0.29038500,0.32020500
-0.04538300,-0.06151800,0.75667956,-0.05689501,0.01025000,0.10467102,0.99282520,-0.21634500,0.46749300,0.45207100,0.57470100,0.08256600,-0.15739800,-0.15904700,-0.25180000,-0.20492000,0.53265800,0.11491500,0.23629300,-0.00607824,-0.14104846,-1.23889700,0.34806900,-0.51976100,0.89826200,0.39983900,-1.58206400,-1.29748600,-0.28755000,-0.30044600,0.35551700
-0.04518800,-0.05828500,0.76281373,-0.05677701,0.00821700,0.09101002,0.99419617,-0.17310100,0.46466000,0.49179300,0.51579600,0.14182500,-0.17687000,-0.17190200,-0.21747000,-0.17005700,0.50831100,0.11478400,0.26153200,-0.00278173,-0.12745654,-1.18295800,0.39619400,-0.44778700,0.80119800,0.35115300,-1.57876300,-1.22061600,-0.41822600,-0.28029600,0.37463800
-0.04460100,-0.05561500,0.76746353,-0.05817201,0.00640800,0.07644001,0.99535515,-0.13797800,0.46651900,0.52408200,0.47054800,0.19210400,-0.19213500,-0.17660500,-0.17233800,-0.12868400,0.46895700,0.11444300,0.26156500,-0.00097381,-0.11539799,-1.11896600,0.43442600,-0.36046000,0.71065400,0.30059200,-1.56134500,-1.14417500,-0.53693000,-0.23795200,0.38604300
-0.04423900,-0.05367600,0.77090800,-0.06048998,0.00610300,0.06324297,0.99614459,-0.12284300,0.47159400,0.53417500,0.44998600,0.23103400,-0.20296400,-0.17568200,-0.13303300,-0.09312900,0.42124000,0.14555300,0.26163100,-0.00318295,-0.10507834,-1.05291700,0.45976800,-0.26743500,0.62318400,0.25844500,-1.52377300,-1.07438400,-0.63875900,-0.18345400,0.39694000
-0.04402200,-0.05227700,0.77297474,-0.06214199,0.00673300,0.05336599,0.99661683,-0.12241900,0.47496400,0.52246000,0.44695000,0.25509100,-0.20567400,-0.17136900,-0.09962400,-0.06014000,0.37395500,0.19057500,0.26162500,-0.00869193,-0.09733159,-0.98638800,0.47284500,-0.17221500,0.53877800,0.22762600,-1.46018600,-1.01832200,-0.72444300,-0.12254700,0.40130600
-0.04412000,-0.05123000,0.77363884,-0.06223197,0.00789000,0.04847598,0.99685255,-0.13366200,0.47059900,0.48628600,0.45667600,0.26063400,-0.19568600,-0.16786200,-0.07325600,-0.02833100,0.34142100,0.23428000,0.26174000,-0.01546922,-0.09073255,-0.92208700,0.47988100,-0.08094700,0.45493500,0.21853800,-1.36148600,-0.97966800,-0.79269700,-0.05961300,0.39600100
-0.04440800,-0.05065800,0.77310625,-0.06141901,0.00894100,0.04822601,0.99690622,-0.15377900,0.46110400,0.43359900,0.47752700,0.25173300,-0.17729200,-0.16308800,-0.05284100,0.00093600,0.32236100,0.26856000,0.26173400,-0.02396512,-0.08590877,-0.85903900,0.47674600,0.00625200,0.37798500,0.22164300,-1.23434300,-0.95580700,-0.84086400,-0.00084600,0.38126500
-0.04483000,-0.05082900,0.77178707,-0.05965702,0.00947800,0.05325302,0.99675239,-0.18163200,0.44476700,0.36679100,0.50732200,0.23367000,-0.15251900,-0.15551200,-0.03626900,0.03138700,0.31885400,0.28794600,0.26170000,-0.03551504,-0.08300672,-0.80046700,0.46151000,0.08315800,0.30932000,0.22807300,-1.07868700,-0.95043400,-0.87057700,0.05076800,0.34948600
-0.04534600,-0.05118300,0.76938167,-0.05660202,0.00939200,0.06193903,0.99642940,-0.21190200,0.42412300,0.29717000,0.54366100,0.19482800,-0.13170900,-0.14592900,-0.02986200,0.05168500,0.32596100,0.28079600,0.26068600,-0.04881480,-0.08180806,-0.74538600,0.43979800,0.14585900,0.25071300,0.23405400,-0.90552100,-0.95085200,-0.87897400,0.09047000,0.31286800
-0.04584300,-0.05129500,0.76727302,-0.05256899,0.00838500,0.07253999,0.99594385,-0.23748600,0.40798700,0.24011900,0.58364400,0.11512100,-0.12874100,-0.13242500,-0.03982700,0.03484200,0.33784400,0.21988100,0.21477800,-0.06145602,-0.08069154,-0.69260300,0.41269000,0.18977000,0.20505800,0.23072600,-0.72870500,-0.95668800,-0.86018200,0.10939100,0.28118200
-0.04646100,-0.05112700,0.76057345,-0.04847300,0.00655700,0.08404100,0.99526101,-0.26079500,0.39588200,0.18987700,0.62602500,0.01460300,-0.13182900,-0.11818300,-0.05446700,0.00374300,0.35793100,0.12647000,0.15094100,-0.07201376,-0.07987934,-0.64349200,0.38832900,0.21436700,0.17062500,0.22526600,-0.55125100,-0.96258400,-0.82386300,0.11017000,0.24847900
-0.04733200,-0.05046400,0.74864956,-0.04447898,0.00410400,0.09515696,0.99445962,-0.28237900,0.38529700,0.14348900,0.66766800,-0.08875500,-0.13688300,-0.10659100,-0.07091000,-0.02309200,0.38719200,0.02216700,0.11942300,-0.07880608,-0.08001707,-0.59854000,0.37489600,0.22163300,0.14525900,0.22356800,-0.38085000,-0.96624700,-0.77098800,0.08981100,0.21133600
-0.04838600,-0.04927700,0.73608664,-0.04232602,0.00157600,0.10604904,0.99345842,-0.30530200,0.38109600,0.10065600,0.70784800,-0.18944900,-0.13448000,-0.10029000,-0.08427200,-0.04750600,0.42377700,-0.08103300,0.10185400,-0.08216247,-0.08012602,-0.55648100,0.37214100,0.21120800,0.13187100,0.22485300,-0.22535900,-0.95981100,-0.71253500,0.06192100,0.17057200
-0.04959000,-0.04740700,0.72545276,-0.04370098,0.00016400,0.11652695,0.99222561,-0.33617700,0.38478200,0.05629000,0.74799800,-0.27974500,-0.10552700,-0.10549200,-0.08724400,-0.06669300,0.46786500,-0.16612200,0.07949700,-0.08155624,-0.07856461,-0.51806500,0.38095800,0.18059900,0.13171600,0.23089800,-0.09610100,-0.93655600,-0.65686600,0.03249800,0.13147200
-0.05100800,-0.04489400,0.71647395,-0.04919802,-0.00003800,0.12507005,0.99092736,-0.37172400,0.39402000,0.01049300,0.78315000,-0.35663400,-0.07085200,-0.11869700,-0.07983400,-0.08025800,0.51272400,-0.23579200,0.05398600,-0.07833362,-0.07629689,-0.48045600,0.39976200,0.13823200,0.13862600,0.23820700,0.01258600,-0.89683900,-0.59633300,0.01170800,0.09048600
-0.05276300,-0.04179100,0.70891756,-0.05943301,0.00141800,0.13013701,0.98971211,-0.40777200,0.41104500,-0.03044200,0.80313200,-0.41682500,-0.04333600,-0.13754700,-0.05998500,-0.08868800,0.54923700,-0.28687700,0.02104200,-0.07656417,-0.07559505,-0.43821500,0.42887500,0.09033500,0.14973700,0.24558900,0.10232000,-0.83677200,-0.52159200,0.00651200,0.05139800
-0.05463100,-0.03795600,0.70206374,-0.07146703,0.00335100,0.13416905,0.98837235,-0.44614800,0.42848100,-0.07379500,0.81905400,-0.45070200,-0.04189500,-0.15926300,-0.03495000,-0.09358500,0.58313800,-0.32667400,-0.00753600,-0.07589086,-0.07630054,-0.40155400,0.46049000,0.04222000,0.16279100,0.24979900,0.17241300,-0.77578600,-0.44552300,0.01558400,0.00805900
-0.05627900,-0.03335000,0.69462267,-0.08403004,0.00437700,0.13891907,0.98672250,-0.48642000,0.44039500,-0.12958600,0.84100600,-0.43463200,-0.11189100,-0.18141900,-0.01229200,-0.09710500,0.62390300,-0.36077200,-0.01342600,-0.07557378,-0.07911946,-0.37565600,0.48782900,-0.00789000,0.18574300,0.24912900,0.23185000,-0.72796600,-0.36701600,0.03914400,-0.04604700
-0.05815600,-0.02768900,0.69514323,-0.09612205,0.00594600,0.14578607,0.98461750,-0.53088900,0.44050600,-0.19151400,0.87134000,-0.40781300,-0.19291800,-0.20311700,0.00321000,-0.10405100,0.66549000,-0.38939400,-0.00371700,-0.07375638,-0.08457476,-0.35890900,0.51020900,-0.06796700,0.22088400,0.24515200,0.27371600,-0.68523900,-0.28314400,0.06086200,-0.09577600
-0.06068700,-0.02057000,0.69364301,-0.10628305,0.00841400,0.15765207,0.98172244,-0.58402000,0.42434400,-0.24896800,0.92169900,-0.41732800,-0.21326300,-0.21992000,0.00644200,-0.11884600,0.70224800,-0.41449900,0.01690400,-0.06711221,-0.09385141,-0.35135300,0.52363700,-0.13739500,0.26799100,0.23658100,0.30445900,-0.64147500,-0.22638400,0.09727700,-0.13095100
-0.06354500,-0.01250600,0.69018513,-0.11490800,0.01116400,0.17237799,0.97824197,-0.63635800,0.39329900,-0.30227200,0.98292400,-0.44069200,-0.20497500,-0.23129900,0.00007400,-0.13851800,0.73332900,-0.43593200,0.04452200,-0.05604467,-0.10638352,-0.35286400,0.53283000,-0.21504200,0.32236000,0.22788600,0.33136500,-0.60311600,-0.17491800,0.14231000,-0.15651800
-0.06673500,-0.00384600,0.68724578,-0.12118404,0.01341800,0.18735906,0.97469532,-0.67803200,0.34785200,-0.35008600,1.04240700,-0.45596400,-0.18898700,-0.23645100,-0.01399700,-0.15665800,0.75643500,-0.45431600,0.07233500,-0.04153957,-0.11869489,-0.36417100,0.53770700,-0.30172300,0.37831600,0.21851300,0.35337200,-0.57615600,-0.12228800,0.18588300,-0.17285900
-0.06974900,0.00549800,0.68363495,-0.12577500,0.01479100,0.20158200,0.97125001,-0.70866500,0.29905000,-0.38651100,1.09820400,-0.47117200,-0.16896100,-0.23652000,-0.03173200,-0.17207700,0.77345600,-0.46813100,0.10037800,-0.02530468,-0.12955285,-0.38166500,0.54414500,-0.39387400,0.43335200,0.21879000,0.37137000,-0.55717400,-0.07846400,0.23104600,-0.18094200
-0.07207400,0.01554400,0.67877773,-0.12946104,0.01571900,0.21430707,0.96802130,-0.72979600,0.25796600,-0.40745200,1.14664400,-0.49365300,-0.15460800,-0.23449200,-0.05010000,-0.18326900,0.78648100,-0.47548500,0.12659600,-0.00943890,-0.13763798,-0.40530800,0.56026200,-0.49119000,0.48218000,0.24335500,0.38427900,-0.54160500,-0.04135900,0.27574000,-0.17925800
-0.07386900,0.02640400,0.67339379,-0.13169804,0.01585600,0.22289106,0.96577626,-0.74215800,0.22635700,-0.41254000,1.18835600,-0.51817600,-0.14228200,-0.23014000,-0.06863200,-0.18562700,0.79381600,-0.47658300,0.15220600,0.00562177,-0.14329575,-0.43002400,0.57804100,-0.59024500,0.52952500,0.27616400,0.39278400,-0.53787300,-0.00159800,0.31977900,-0.17693100
-0.07497200,0.03825800,0.66800016,-0.13224706,0.01480201,0.22463211,0.96531447,-0.74494100,0.20820900,-0.39943400,1.22376900,-0.54111100,-0.12979800,-0.22296900,-0.08560300,-0.17422900,0.79289300,-0.47085000,0.18310400,0.01974038,-0.14823475,-0.45032900,0.59568500,-0.68881100,0.58146200,0.30864700,0.39719300,-0.55423500,0.04893300,0.36265800,-0.18598700
-0.07575700,0.05078000,0.66315944,-0.13141098,0.01406500,0.22168397,0.96612088,-0.74165800,0.19794500,-0.37339700,1.25120400,-0.56123300,-0.11652700,-0.21601900,-0.10286100,-0.15476000,0.78653400,-0.45968500,0.20619900,0.03244729,-0.15247364,-0.46055500,0.61348100,-0.78836400,0.63133200,0.33752200,0.39677500,-0.58353100,0.10861100,0.39926100,-0.19721900
-0.07667400,0.06386400,0.65920980,-0.12945198,0.01468600,0.21567497,0.96773489,-0.73642000,0.18971100,-0.34010800,1.27090200,-0.57747100,-0.10129800,-0.21149200,-0.12126400,-0.13089700,0.77590000,-0.44748200,0.20556200,0.04431353,-0.15784844,-0.45252300,0.63260600,-0.88248400,0.67342300,0.35309700,0.39131300,-0.62207700,0.17524200,0.42605200,-0.20615100
-0.07733600,0.07703500,0.65667675,-0.12621604,0.01584000,0.20800306,0.96982129,-0.72607900,0.18121500,-0.30121600,1.28012800,-0.58860700,-0.08292600,-0.20972900,-0.14325600,-0.11127700,0.76642800,-0.42985400,0.18958100,0.05412368,-0.16476449,-0.43149000,0.65723800,-0.97858000,0.70020100,0.36708300,0.38401900,-0.66828100,0.24518000,0.43967600,-0.21280500
-0.07739200,0.08968000,0.65634257,-0.12128402,0.01733600,0.20020204,0.97206419,-0.70827000,0.16817700,-0.25810400,1.27447900,-0.59236700,-0.05919700,-0.21140300,-0.17460300,-0.10562100,0.76345900,-0.40251500,0.17557200,0.05838492,-0.17348197,-0.40157000,0.69135700,-1.08647400,0.70874500,0.39125300,0.37720300,-0.71900300,0.31674000,0.43588800,-0.21535900
-0.07719200,0.10207800,0.65761361,-0.11346396,0.01968599,0.19252393,0.97451164,-0.68489900,0.14984700,-0.21063200,1.25588900,-0.59052900,-0.03227400,-0.21890300,-0.21284100,-0.11172700,0.76619100,-0.36540000,0.13238700,0.05870913,-0.18384051,-0.36685300,0.73352200,-1.19043900,0.69634900,0.42223100,0.37184900,-0.77478000,0.38499800,0.41663800,-0.21386600
-0.07711300,0.11445500,0.66006093,-0.10275898,0.02289399,0.18456296,0.97716579,-0.65675000,0.12731400,-0.16058700,1.22586100,-0.58471100,-0.00419300,-0.23212400,-0.26302000,-0.14699700,0.77093800,-0.31629500,0.00741100,0.05940411,-0.19315802,-0.33586300,0.77942200,-1.27599200,0.65921900,0.45907200,0.36869800,-0.83476500,0.44212900,0.38389200,-0.20421400
-0.07672700,0.12642600,0.66377818,-0.09102798,0.02551899,0.17546695,0.97993573,-0.62243500,0.10514000,-0.10903700,1.18421100,-0.57485600,0.02383000,-0.24751000,-0.30805900,-0.19117400,0.78151000,-0.29188600,-0.12763400,0.06096789,-0.20191540,-0.29719500,0.83006600,-1.33872300,0.60313900,0.48949400,0.36566500,-0.90204000,0.49653600,0.33469000,-0.19527600
-0.07571500,0.13767300,0.66872153,-0.07987101,0.02623400,0.16491101,0.98271906,-0.57883400,0.08696700,-0.05727100,1.13148600,-0.56229700,0.05214300,-0.27581600,-0.31195200,-0.18652000,0.82107200,-0.30141900,-0.21717300,0.06392057,-0.21170513,-0.24160800,0.88687000,-1.36591900,0.52546300,0.49652500,0.35795400,-0.98042900,0.54894600,0.26495600,-0.19656500
-0.07413200,0.14819800,0.67524627,-0.06834698,0.02541699,0.15175495,0.98572466,-0.52650900,0.07298400,-0.00139700,1.06621200,-0.54252200,0.07419000,-0.31201100,-0.29142900,-0.15487000,0.87871800,-0.31750600,-0.25764600,0.06848415,-0.21845147,-0.17244900,0.94641300,-1.36431200,0.43656700,0.48577300,0.34863500,-1.06396700,0.59854000,0.18735800,-0.19877000
-0.07179900,0.15799500,0.68363287,-0.05492500,0.02354600,0.13461000,0.98909503,-0.46364300,0.06203500,0.06576700,0.98449600,-0.51245900,0.08676700,-0.34835300,-0.25447000,-0.11878100,0.94088300,-0.33577100,-0.24415700,0.07427910,-0.21934771,-0.08964400,0.99981800,-1.34319500,0.34279800,0.45779000,0.34045600,-1.14834700,0.65273200,0.10682100,-0.19922200
-0.06909000,0.16670100,0.69400799,-0.04049500,0.02134000,0.11477899,0.99233590,-0.39587700,0.05078800,0.13694100,0.89315000,-0.46373300,0.08121900,-0.37891900,-0.20998000,-0.08545500,0.99373600,-0.35726100,-0.19387800,0.07893126,-0.21334580,-0.00627800,1.04629300,-1.30480900,0.24940500,0.42090000,0.32667800,-1.22512800,0.70179300,0.02660100,-0.19742000
-0.06617000,0.17388200,0.70681233,-0.02454301,0.01920101,0.09412803,0.99507230,-0.32841900,0.03718800,0.21214100,0.79533900,-0.38658000,0.04816100,-0.39726500,-0.16598800,-0.06201200,1.02306000,-0.37762600,-0.16018500,0.07934071,-0.19989709,0.07181200,1.08372700,-1.26857100,0.16396300,0.38838300,0.30947600,-1.28489800,0.75105100,-0.03983300,-0.19011100
-0.06349400,0.17984400,0.72023337,-0.00762700,0.01785600,0.07220200,0.99720101,-0.27123500,0.00992300,0.25655200,0.70381500,-0.28634100,-0.00494500,-0.40525500,-0.12646300,-0.04602400,1.02918100,-0.38957900,-0.12532500,0.07415683,-0.18000593,0.14002100,1.11087200,-1.23335400,0.08338000,0.36171600,0.29030300,-1.32707700,0.80233000,-0.09370800,-0.18195800
-0.06165600,0.18468500,0.73298458,0.00925200,0.01760600,0.04934199,0.99858390,-0.24094900,-0.04238600,0.21663500,0.63591600,-0.16829500,-0.06818500,-0.40340700,-0.10065300,-0.04045200,1.00977000,-0.38117600,-0.06888000,0.06222627,-0.15554823,0.19758600,1.13355200,-1.20186900,0.01866700,0.34225200,0.26897500,-1.35084300,0.85354700,-0.13622800,-0.17591500
-0.06036400,0.18861900,0.74393123,0.02590100,0.01858900,0.02977900,0.99904795,-0.22528300,-0.10530500,0.11296500,0.58088900,-0.05253600,-0.14026500,-0.39119800,-0.08455700,-0.04037200,0.96537400,-0.36205800,-0.01112800,0.04477039,-0.13205098,0.24214500,1.15121200,-1.17531000,-0.03724300,0.32782900,0.25060700,-1.35751500,0.90404000,-0.16475300,-0.17122800
-0.05962200,0.19177700,0.75262657,0.04080198,0.02073199,0.01615499,0.99882151,-0.21314900,-0.17553100,-0.06655300,0.53372800,0.04780400,-0.25478700,-0.36735100,-0.07167000,-0.04054500,0.89445400,-0.34338400,0.02493900,0.02316914,-0.11288876,0.27016200,1.16533700,-1.15045300,-0.08806500,0.31531700,0.23946800,-1.34753700,0.95224700,-0.17858800,-0.16691500
-0.05912900,0.19446500,0.75824678,0.05464097,0.02329699,0.01154199,0.99816752,-0.19340900,-0.21662600,-0.20534800,0.50080000,0.11335400,-0.26174500,-0.33512800,-0.07035500,-0.05138100,0.80325100,-0.32218900,0.05012600,0.00002688,-0.10304122,0.28431600,1.17901000,-1.13094800,-0.13756800,0.30708000,0.23449300,-1.32693500,0.99509600,-0.18163800,-0.16388800
-0.05864600,0.19698000,0.76606246,0.06714701,0.02486700,0.01659400,0.99729512,-0.19075600,-0.15928100,-0.18077300,0.48813000,0.15293700,-0.26173600,-0.29514800,-0.08235800,-0.07844800,0.69377300,-0.30032100,0.07855700,-0.02173304,-0.09963648,0.28291100,1.19520900,-1.11565300,-0.19319000,0.30638900,0.23527700,-1.30142600,1.02802000,-0.17511900,-0.16268600
-0.05801100,0.19945100,0.77307115,0.07738099,0.02574300,0.02151700,0.99643690,-0.19244900,-0.04968600,-0.08822000,0.47891800,0.16334600,-0.26149200,-0.25154800,-0.09706100,-0.11199400,0.57778300,-0.26740300,0.09499600,-0.04247517,-0.09206684,0.27525400,1.21275200,-1.10468300,-0.24693300,0.30628400,0.23937100,-1.27394100,1.05177500,-0.16591300,-0.16205600
-0.05683200,0.20218500,0.76779220,0.08599600,0.02578700,0.02153000,0.99572897,-0.18448000,0.07025600,0.01510300,0.46704100,0.14028300,-0.21287500,-0.20620400,-0.11703600,-0.15524900,0.46238500,-0.20096900,0.08745800,-0.06418869,-0.07844811,0.26911400,1.22995900,-1.09699600,-0.29741500,0.30343200,0.24296600,-1.24851900,1.06527900,-0.16124100,-0.16129400
-0.05556000,0.20495500,0.76528624,0.09439199,0.02609700,0.01888200,0.99501385,-0.17362000,0.18348000,0.10856300,0.45877700,0.10237700,-0.14823800,-0.16702800,-0.13521500,-0.19770600,0.36296700,-0.14162700,0.04684000,-0.08683990,-0.06070045,0.26363900,1.25041400,-1.09001500,-0.34958500,0.29909100,0.24830100,-1.22570000,1.06981900,-0.16091800,-0.15988500
-0.05426800,0.20746300,0.75976493,0.10373895,0.02725899,0.01377299,0.99413555,-0.16952000,0.26694300,0.14152600,0.45973700,0.09187300,-0.11635900,-0.13965200,-0.14316700,-0.21766600,0.29548300,-0.13428900,-0.06585000,-0.11070211,-0.04013678,0.26150200,1.27748200,-1.08072800,-0.40568900,0.29062000,0.25556300,-1.20459300,1.06809600,-0.16577200,-0.15789400
-0.05368900,0.21020200,0.75671360,0.11409602,0.02988600,0.00868200,0.99298215,-0.17823500,0.32682400,0.13165700,0.47212500,0.09402600,-0.10105900,-0.13569000,-0.15474900,-0.22167400,0.27506800,-0.16041900,-0.19389600,-0.13407993,-0.01899169,0.25485500,1.30588100,-1.06641700,-0.46261300,0.28386000,0.26588400,-1.18847500,1.05752300,-0.17442600,-0.15505900
-0.05456400,0.21336600,0.75249105,0.12569597,0.03519399,0.00622700,0.99142480,-0.20638600,0.35938200,0.08105700,0.50145300,0.08811000,-0.08927100,-0.17665500,-0.18060200,-0.20060200,0.33441100,-0.22526600,-0.26092900,-0.15413861,0.00140356,0.23647000,1.33097700,-1.04758600,-0.51534400,0.28611700,0.28152400,-1.17928400,1.03534700,-0.18513000,-0.14937900
-0.05695000,0.21755700,0.74626799,0.13697105,0.04195901,0.00591100,0.98966835,-0.24692200,0.37428600,0.01278500,0.54220200,0.07870000,-0.07834900,-0.24561700,-0.21431400,-0.16069200,0.43985800,-0.29602700,-0.26169300,-0.17038647,0.01808486,0.21223400,1.34614700,-1.02506200,-0.55647800,0.29204200,0.29399500,-1.17403100,1.00735100,-0.19505600,-0.14609100
-0.06185800,0.22388400,0.74159370,0.14616307,0.04963002,0.00633200,0.98799450,-0.29578100,0.38107500,-0.04743100,0.59095200,0.06415800,-0.05505800,-0.33063000,-0.23848700,-0.11834300,0.55662500,-0.32800400,-0.26161400,-0.18096682,0.03088543,0.18660100,1.34335100,-1.00127200,-0.57520200,0.29962700,0.29625500,-1.17444800,0.97771000,-0.19630600,-0.14986100
-0.06716500,0.23099400,0.73668750,0.15197604,0.05474202,0.00670600,0.98684428,-0.33918500,0.39097200,-0.08948900,0.64028800,0.05073000,-0.03965100,-0.40822500,-0.25638500,-0.08389500,0.66614300,-0.34286500,-0.25045200,-0.18626468,0.04010821,0.15846700,1.33127500,-0.98172600,-0.58450300,0.30871500,0.28840100,-1.17835500,0.95409400,-0.19780600,-0.15598200
-0.07104600,0.23780800,0.73223693,0.15346603,0.05372001,0.00665100,0.98667021,-0.36219400,0.42374900,-0.09106400,0.67673700,0.04977200,-0.06162100,-0.44833200,-0.27202300,-0.06788700,0.73921400,-0.35179300,-0.22398000,-0.18772228,0.04434981,0.12379600,1.31719300,-0.96710800,-0.59944300,0.31934600,0.26786200,-1.18216800,0.94376200,-0.21044700,-0.16270300
-0.07361800,0.24458000,0.72819249,0.15228294,0.04896098,0.00593100,0.98710564,-0.37254500,0.46752300,-0.07056700,0.70660900,0.05529700,-0.09368300,-0.46601200,-0.28269600,-0.06298100,0.78996600,-0.35951000,-0.20101700,-0.18574269,0.04572817,0.09118700,1.30339100,-0.95817100,-0.61489800,0.32400600,0.23956400,-1.18759100,0.94663400,-0.22814200,-0.16812900
-0.07394800,0.25106900,0.72326782,0.14962306,0.04295202,0.00325100,0.98780438,-0.37773100,0.51466800,-0.03856400,0.73739000,0.05868600,-0.10689800,-0.47565400,-0.28755900,-0.05779000,0.83153600,-0.37739800,-0.19055100,-0.18187647,0.04456620,0.06996000,1.29493500,-0.96005200,-0.63025600,0.31412400,0.20770200,-1.19333400,0.96602300,-0.25139700,-0.17055200
-0.07333300,0.25780800,0.71822570,0.14611698,0.03869100,0.00101000,0.98850990,-0.38695300,0.55940100,-0.00493800,0.77177500,0.05715200,-0.11784600,-0.48354100,-0.28936000,-0.05316700,0.86500800,-0.40069900,-0.18737600,-0.17589871,0.04278901,0.05068800,1.28907500,-0.97015100,-0.64280200,0.30021000,0.17618300,-1.20099600,0.99241300,-0.27554900,-0.17136400
-0.07269000,0.26533200,0.71316169,0.14257006,0.03739702,0.00224500,0.98907543,-0.41068400,0.59191500,0.01225100,0.81687700,0.04481700,-0.14442200,-0.49284500,-0.29016600,-0.05056000,0.89214100,-0.42864600,-0.18848100,-0.16588129,0.04389191,0.02711700,1.28362000,-0.98694900,-0.64779000,0.28959700,0.15167100,-1.21385200,1.01608000,-0.29548300,-0.17136500
-0.07223800,0.27340700,0.70849740,0.13682603,0.03814101,0.00381300,0.98985320,-0.44009100,0.61972100,0.02128100,0.86296500,0.02533100,-0.17498200,-0.50344700,-0.28595100,-0.04938000,0.91520200,-0.45386600,-0.18875000,-0.15201746,0.04495134,0.00028600,1.27551200,-1.00812400,-0.64447500,0.28182900,0.12629600,-1.22665600,1.03861100,-0.31496800,-0.17202400
-0.07268400,0.28213400,0.70502248,0.12735703,0.04020501,0.00359200,0.99103524,-0.46454100,0.64395200,0.02888500,0.89849000,0.00689500,-0.19751100,-0.51600800,-0.27399800,-0.04875400,0.93566900,-0.46566600,-0.17918400,-0.13483184,0.04310912,-0.03213100,1.26186400,-1.03026400,-0.63182500,0.28056600,0.09298400,-1.23470000,1.05907300,-0.33495800,-0.17468500
-0.07347500,0.29096900,0.70208267,0.11538000,0.04193200,0.00313400,0.99243103,-0.48211700,0.66316400,0.03696400,0.92398400,-0.01449700,-0.21153000,-0.52737800,-0.25937800,-0.05129600,0.95497400,-0.46961600,-0.16400400,-0.11635200,0.03931842,-0.06597500,1.24444700,-1.05280100,-0.61264600,0.28068000,0.05627800,-1.23643300,1.07845300,-0.35384500,-0.17878800
-0.07444100,0.29921500,0.69898222,0.10175501,0.04262001,0.00197700,0.99389413,-0.48803700,0.67776500,0.05120600,0.93819700,-0.04370200,-0.21222100,-0.53797400,-0.24606500,-0.05819200,0.97657400,-0.46980500,-0.14526300,-0.10057060,0.03419125,-0.09714000,1.22587000,-1.07382700,-0.59175300,0.27843900,0.01761100,-1.22987300,1.09836500,-0.37238700,-0.18473100
-0.07514600,0.30740200,0.69576735,0.08842497,0.04214798,0.00205000,0.99518861,-0.48749300,0.68288500,0.06688900,0.94376700,-0.07856700,-0.20739100,-0.54527900,-0.23701500,-0.06821600,0.99765600,-0.46926500,-0.12431600,-0.08776162,0.02922037,-0.12795400,1.20390200,-1.09652100,-0.56459200,0.27302300,-0.01684800,-1.21875700,1.11364300,-0.38947300,-0.19021600
-0.07494000,0.31577300,0.69245251,0.07637698,0.04093599,0.00591600,0.99622076,-0.48920400,0.67582300,0.07682700,0.94268400,-0.11877500,-0.20710500,-0.54693700,-0.23588700,-0.08343800,1.01593500,-0.47166400,-0.10361100,-0.07675264,0.02577300,-0.15919800,1.17523800,-1.12009400,-0.52596900,0.25933800,-0.04066200,-1.20681500,1.11869600,-0.40577400,-0.19331300
-0.07429300,0.32451000,0.68905474,0.06470600,0.03984100,0.01253200,0.99702998,-0.49388100,0.66051900,0.07925300,0.93715100,-0.16267200,-0.20625800,-0.54507500,-0.23828300,-0.10151600,1.03109300,-0.47634100,-0.08245200,-0.06632227,0.02280183,-0.19277600,1.14426200,-1.14742600,-0.48233500,0.24444500,-0.05368500,-1.19865100,1.11586400,-0.42287200,-0.19431200
-0.07330800,0.33390700,0.68557602,0.05287300,0.03901100,0.02206500,0.99759497,-0.50300000,0.63747900,0.06875100,0.92973000,-0.20892100,-0.20080800,-0.53914000,-0.24052700,-0.12087200,1.04201900,-0.48362200,-0.06136600,-0.05452069,0.02009196,-0.22972000,1.11447400,-1.18463100,-0.43697000,0.23412500,-0.05415800,-1.19857900,1.10677700,-0.44108800,-0.19214700
-0.07244000,0.34387000,0.68197981,0.03986802,0.03887802,0.03328202,0.99789346,-0.51559500,0.61308400,0.05213800,0.91995200,-0.25524000,-0.18972700,-0.53156600,-0.24029700,-0.14100400,1.05019400,-0.49125500,-0.03910000,-0.04036330,0.01651389,-0.26854400,1.08421100,-1.22730500,-0.39217500,0.22689500,-0.04730300,-1.20537900,1.09267700,-0.46193900,-0.18823200
-0.07228500,0.35435300,0.67831761,0.02507599,0.03936299,0.04478599,0.99790579,-0.52914700,0.59454000,0.03571500,0.90699200,-0.30067700,-0.16980500,-0.52468800,-0.23391700,-0.15905100,1.05669100,-0.49639800,-0.01407800,-0.02324590,0.01157334,-0.30972300,1.05334600,-1.27639300,-0.35184300,0.22674100,-0.03779700,-1.21945800,1.07574300,-0.48518200,-0.18311700
-0.07250100,0.36532800,0.67449770,0.00862400,0.03933800,0.05639600,0.99759593,-0.54117800,0.58063900,0.02138300,0.89127000,-0.34124500,-0.14168700,-0.51602300,-0.22346900,-0.17605000,1.06190100,-0.49941700,0.01298800,-0.00374082,0.00531695,-0.34821300,1.01921100,-1.32765300,-0.30954800,0.22588800,-0.02826000,-1.23814300,1.05695800,-0.51228100,-0.17743700
-0.07290800,0.37671000,0.67020206,-0.00920100,0.03811802,0.06785303,0.99692443,-0.54545000,0.57576700,0.02742700,0.86725100,-0.37354400,-0.09659500,-0.50466700,-0.21142800,-0.19272000,1.06720200,-0.50119200,0.04235800,0.01685845,-0.00396761,-0.37857400,0.98038600,-1.37216000,-0.26058900,0.21464800,-0.02224500,-1.25867900,1.03816500,-0.54542900,-0.17225600
-0.07360300,0.38866000,0.66592336,-0.02689500,0.03604000,0.07896099,0.99586291,-0.55454500,0.56639900,0.01497200,0.85002300,-0.39498500,-0.06133900,-0.49145600,-0.19940800,-0.20762500,1.07024800,-0.50103300,0.07275600,0.03681407,-0.01402331,-0.40606800,0.93983300,-1.41334500,-0.20785500,0.20376800,-0.01887100,-1.28085900,1.01963800,-0.58232100,-0.16682600
-0.07463200,0.40140100,0.67165762,-0.04398601,0.03412801,0.08961502,0.99441926,-0.58514800,0.53043000,-0.07261200,0.86474900,-0.39384000,-0.06897100,-0.47746300,-0.18862900,-0.22351100,1.06883300,-0.49887500,0.10226800,0.05569770,-0.02358773,-0.43358000,0.89931500,-1.45565800,-0.15160900,0.20158600,-0.01819800,-1.30389900,1.00108300,-0.62222100,-0.16167800
-0.07599500,0.41477400,0.67833576,-0.06148903,0.03329002,0.10220905,0.99230247,-0.62694600,0.48311300,-0.18783200,0.90186300,-0.38548300,-0.10841100,-0.46315800,-0.17915900,-0.24017000,1.06350300,-0.49414000,0.13344500,0.07680450,-0.03691392,-0.45853300,0.85577900,-1.49347000,-0.09367900,0.20299600,-0.01785900,-1.32718800,0.98080500,-0.66187400,-0.15420700
-0.07779400,0.42871700,0.68133665,-0.07943902,0.03322801,0.11740203,0.98934428,-0.67762200,0.44623800,-0.29456800,0.95153700,-0.37971300,-0.18786000,-0.44909200,-0.17050500,-0.25388600,1.05480000,-0.48547000,0.16952100,0.10127035,-0.05460363,-0.47007900,0.80851800,-1.49968000,-0.03844300,0.21067800,-0.01546800,-1.34966100,0.95744100,-0.69745700,-0.14069600
-0.07973600,0.44307500,0.68261402,-0.09700895,0.03385098,0.13355094,0.98570154,-0.72406000,0.40795700,-0.38562000,1.00809200,-0.38126200,-0.25635100,-0.43395800,-0.16179000,-0.26150500,1.04091200,-0.47518500,0.20756200,0.12776097,-0.07337057,-0.47986300,0.75728600,-1.49993800,0.01513800,0.21947900,-0.01248000,-1.36964700,0.93459300,-0.72985800,-0.12769100
-0.08167400,0.45766200,0.68251162,-0.11235197,0.03389699,0.14959895,0.98175770,-0.75664000,0.36639800,-0.44509100,1.06306000,-0.40283000,-0.25901800,-0.41575900,-0.15456600,-0.25548100,1.02101000,-0.46688100,0.24423700,0.15288934,-0.08888015,-0.49047300,0.70124100,-1.49997700,0.06521100,0.22408000,-0.00905800,-1.38684000,0.91504300,-0.76024500,-0.12174800
-0.08330600,0.47279400,0.67992949,-0.12450596,0.03246999,0.16217094,0.97833765,-0.77719600,0.33045800,-0.47964000,1.11509100,-0.43312900,-0.24439500,-0.39289700,-0.14631300,-0.23877400,0.99249300,-0.46059100,0.26107600,0.17415037,-0.10023833,-0.50178300,0.64866300,-1.49998000,0.10927800,0.22988800,-0.00688200,-1.39964400,0.90004900,-0.78561700,-0.11807400
-0.08415700,0.48879300,0.67646374,-0.13367895,0.02996199,0.16912194,0.97602766,-0.78718000,0.30596700,-0.48911400,1.16169100,-0.46024300,-0.23353600,-0.36386200,-0.13558700,-0.21275500,0.95133300,-0.45585000,0.26169700,0.19141966,-0.10976824,-0.50789400,0.60493800,-1.49998200,0.14063100,0.24125300,-0.00791000,-1.40619200,0.89131400,-0.80404900,-0.11283900
-0.08463300,0.50545100,0.67284449,-0.13952099,0.02703500,0.17251399,0.97470094,-0.78769300,0.28847600,-0.47843900,1.19906900,-0.48501400,-0.21877100,-0.32920600,-0.13046100,-0.18124300,0.90000200,-0.44573700,0.26159500,0.20517680,-0.11681588,-0.50985100,0.57126600,-1.49996600,0.16507500,0.25322900,-0.01004900,-1.40743000,0.88774500,-0.81437800,-0.10909100
-0.08497500,0.52271000,0.66929771,-0.14186496,0.02377699,0.17343095,0.97428471,-0.77759900,0.27319300,-0.45255700,1.22633400,-0.51009600,-0.19260800,-0.28775300,-0.13490900,-0.15191500,0.83649200,-0.42513800,0.26168700,0.21643332,-0.12126084,-0.50912400,0.55121200,-1.49996800,0.19099600,0.26219700,-0.01130200,-1.40414800,0.88931100,-0.81500500,-0.10864500
-0.08516700,0.54031200,0.66722147,-0.14070197,0.02075700,0.17258897,0.97467182,-0.75629200,0.25662200,-0.41388200,1.23852200,-0.52949300,-0.15875700,-0.24606900,-0.15242600,-0.12833500,0.76982000,-0.38797400,0.26170600,0.22566157,-0.12330252,-0.50659500,0.54043100,-1.49996800,0.21396700,0.27005100,-0.01291000,-1.39682300,0.89392400,-0.80652000,-0.11053600
-0.08521000,0.55803600,0.66822050,-0.13495507,0.01867101,0.17132809,0.97574854,-0.72141600,0.23246000,-0.36457700,1.22802800,-0.53695500,-0.12042100,-0.21019600,-0.18749800,-0.11333000,0.70829500,-0.32709000,0.26169600,0.23279710,-0.12216994,-0.50421400,0.53587000,-1.49996800,0.23151900,0.27807100,-0.01633000,-1.38562400,0.89734900,-0.78805200,-0.11550800
-0.08527700,0.57565200,0.67171815,-0.12607400,0.01732100,0.16810101,0.97752104,-0.67800100,0.20503800,-0.30898000,1.19826900,-0.53359500,-0.07963800,-0.18317200,-0.23625300,-0.11848200,0.65542700,-0.24731500,0.26155000,0.23735396,-0.11907311,-0.50033200,0.53844300,-1.49996500,0.24106200,0.28487100,-0.02180200,-1.37545200,0.90658300,-0.76627700,-0.11893200
-0.08567300,0.59314700,0.67744110,-0.11563602,0.01714300,0.16156903,0.97991320,-0.63144700,0.17895300,-0.25074800,1.15186800,-0.51884100,-0.04010300,-0.16792300,-0.30335400,-0.17473500,0.61429100,-0.14494600,0.25023200,0.24084375,-0.11474994,-0.49529100,0.54733300,-1.49998000,0.23868700,0.28862600,-0.02895700,-1.37158400,0.92792800,-0.74742500,-0.11458700
-0.08599800,0.60970900,0.68527305,-0.10496397,0.01722399,0.15247495,0.98256668,-0.58036800,0.15642700,-0.19056800,1.08822300,-0.49395900,-0.00289000,-0.15923500,-0.35277200,-0.25477400,0.58590100,-0.07247100,0.15253700,0.24240402,-0.11009133,-0.48564600,0.56651600,-1.49994700,0.22923200,0.29238700,-0.04312400,-1.36616800,0.95810300,-0.72644100,-0.10839100
-0.08586800,0.62448200,0.69487295,-0.09548805,0.01671601,0.14224907,0.98507249,-0.52209900,0.13801000,-0.13119700,1.00684400,-0.46119200,0.03248100,-0.16734100,-0.35669800,-0.28099800,0.59006300,-0.07210600,0.02080700,0.23999851,-0.10940729,-0.46745900,0.60131700,-1.49991200,0.21951200,0.30117100,-0.06971900,-1.35113600,0.99564200,-0.70047800,-0.10483800
-0.08555500,0.63758400,0.70615226,-0.08575504,0.01575201,0.13089707,0.98755451,-0.45730400,0.12375800,-0.06812600,0.90887400,-0.41565800,0.05985700,-0.19044100,-0.33089900,-0.26901200,0.62507100,-0.09850400,-0.09089500,0.23424531,-0.11022042,-0.44454500,0.64589400,-1.49946500,0.20264300,0.30712700,-0.10330600,-1.32620300,1.04037400,-0.66437200,-0.10566000
-0.08511700,0.64884500,0.71900653,-0.07491497,0.01437399,0.11865095,0.99000156,-0.38402000,0.11223800,0.00437900,0.79020900,-0.35470800,0.08357000,-0.22233100,-0.27840600,-0.22953100,0.68663900,-0.11925800,-0.10695800,0.22611545,-0.11143804,-0.41560700,0.69724600,-1.48498500,0.17259400,0.30372400,-0.14019700,-1.29178900,1.08783300,-0.61274200,-0.11631900
-0.08483500,0.65834500,0.73288830,-0.06321898,0.01270000,0.10546996,0.99232966,-0.31085000,0.09908900,0.07708400,0.66822200,-0.26882500,0.08267200,-0.25379700,-0.21064000,-0.18575200,0.75098600,-0.13682400,-0.06778300,0.21324971,-0.11074933,-0.37126000,0.75462700,-1.43693300,0.13142700,0.30413100,-0.17570200,-1.25113100,1.13541100,-0.55267900,-0.12765700
-0.08498000,0.66583800,0.74840004,-0.04951800,0.01054100,0.09180601,0.99448907,-0.24861900,0.07769400,0.13556300,0.55894300,-0.14276500,0.03416900,-0.27325300,-0.14362500,-0.16085100,0.79457800,-0.14822900,-0.01198700,0.19132894,-0.10627500,-0.32561200,0.81075200,-1.39067800,0.08465500,0.30516500,-0.20484600,-1.20723900,1.18123600,-0.49077300,-0.13096600
-0.08563600,0.67214300,0.76218632,-0.03386899,0.00906800,0.07817797,0.99632267,-0.20560500,0.04008400,0.14396500,0.47188800,-0.00310000,-0.04446400,-0.28306300,-0.08111800,-0.14292200,0.81319100,-0.15111200,0.05859400,0.16077435,-0.09886296,-0.28382400,0.86511400,-1.34696800,0.03233000,0.30579800,-0.22557000,-1.16468200,1.21739400,-0.43089300,-0.12895700
-0.08698900,0.67784500,0.77289117,-0.01779400,0.00944000,0.06553101,0.99764721,-0.19420500,-0.02096100,0.04173700,0.42198700,0.12862200,-0.17072200,-0.28387500,-0.02388900,-0.11900000,0.79728000,-0.13890200,0.14836900,0.12313327,-0.08998436,-0.24966900,0.91693900,-1.30722800,-0.02394700,0.30548900,-0.23568600,-1.12708600,1.24038700,-0.37745200,-0.12209200
-0.08898300,0.68329500,0.77728919,-0.00105400,0.01161300,0.05931999,0.99817091,-0.19694600,-0.07979300,-0.07898400,0.40765800,0.20938100,-0.26136700,-0.27741400,0.01694100,-0.10526800,0.75606300,-0.11331700,0.21938500,0.08229167,-0.08467951,-0.22633200,0.96526000,-1.27628200,-0.08342400,0.30533300,-0.23271700,-1.09811800,1.24831400,-0.33212700,-0.11140000
-0.09181900,0.68900500,0.77695687,0.01578700,0.01441400,0.06404500,0.99771802,-0.21584200,-0.09070500,-0.09091800,0.44021300,0.24187500,-0.26173700,-0.26512500,0.02832800,-0.12404300,0.69548700,-0.06590800,0.21440800,0.04312802,-0.08503337,-0.21985800,1.00747000,-1.26151600,-0.14983100,0.30908900,-0.21259300,-1.08183800,1.23819000,-0.29337300,-0.09601900
-0.09491600,0.69514600,0.77993661,0.03210399,0.01655299,0.07173397,0.99676957,-0.24771300,-0.06886500,-0.06096900,0.50792800,0.23952500,-0.26174000,-0.24447300,0.02087300,-0.16529200,0.61909400,-0.00744400,0.17719100,0.00630236,-0.08393801,-0.22208900,1.04509100,-1.25542700,-0.21620400,0.31053900,-0.18363800,-1.07462700,1.21870900,-0.26148800,-0.08063200
-0.09775000,0.70218300,0.77962400,0.04828200,0.01775900,0.07819201,0.99561010,-0.28546400,-0.02434500,-0.01684800,0.60501700,0.18883400,-0.26174000,-0.21208000,-0.00273000,-0.22509300,0.52777300,0.05071900,0.15710600,-0.02693186,-0.07748532,-0.22503600,1.07787800,-1.25383700,-0.27804300,0.30331300,-0.15039500,-1.07374700,1.19986300,-0.23827800,-0.06759900
-0.10032900,0.70964500,0.78061269,0.06335898,0.01877699,0.08152998,0.99447772,-0.32361400,0.03057400,0.01103800,0.70933100,0.12131500,-0.26172600,-0.17809700,-0.02515100,-0.28488600,0.43812100,0.10305800,0.13223800,-0.05813311,-0.06481756,-0.22952800,1.10957400,-1.25539300,-0.33646900,0.29581400,-0.11714800,-1.07457500,1.18338800,-0.22016300,-0.05945400
-0.10241300,0.71721500,0.77818526,0.07734300,0.02016200,0.08067100,0.99353095,-0.35625500,0.06878100,-0.00542400,0.79287900,0.07838300,-0.26163600,-0.15675000,-0.03311400,-0.31037700,0.37000300,0.14659400,0.07553800,-0.08951943,-0.04893219,-0.23473700,1.14538000,-1.25726400,-0.39120700,0.29711600,-0.09155800,-1.07275200,1.17234400,-0.20675500,-0.06207000
-0.10423500,0.72493400,0.78034213,0.09076201,0.02173500,0.07778601,0.99259215,-0.38318800,0.10530900,-0.02882100,0.85837400,0.04994200,-0.25890500,-0.14221100,-0.04350800,-0.33010100,0.32356200,0.16082300,0.00415000,-0.12107572,-0.03175906,-0.23825900,1.18256200,-1.25701100,-0.44248500,0.30009000,-0.06946100,-1.06976800,1.16474700,-0.19882300,-0.07058000
-0.10588000,0.73261300,0.77672596,0.10341598,0.02312400,0.07389598,0.99161979,-0.40333700,0.15557000,-0.03330500,0.90555300,0.02068200,-0.24455700,-0.13086700,-0.06276700,-0.36298000,0.30676900,0.10982900,-0.06261100,-0.15298926,-0.01438938,-0.23804800,1.22033500,-1.25269500,-0.48785200,0.30017200,-0.04893100,-1.06661000,1.15945200,-0.19746200,-0.08436400
-0.10756500,0.74060400,0.76911881,0.11590098,0.02518500,0.06910399,0.99053385,-0.42033100,0.21026900,-0.03026000,0.93833100,-0.00479800,-0.22552100,-0.12733400,-0.08781500,-0.38911500,0.31389700,0.01602900,-0.11979200,-0.18364353,0.00212917,-0.23456900,1.25590900,-1.24317600,-0.52631000,0.29768600,-0.02989000,-1.06514400,1.15533700,-0.19994300,-0.09611900
-0.10946900,0.74918400,0.75801494,0.12863802,0.02819000,0.06337201,0.98926315,-0.43514200,0.26388800,-0.02424100,0.95874700,-0.02156400,-0.21041500,-0.13142500,-0.12027600,-0.40304700,0.33551100,-0.10814400,-0.15375800,-0.21096756,0.01741591,-0.22740200,1.28578300,-1.22809000,-0.55584100,0.28958800,-0.01005900,-1.06668400,1.14944200,-0.20348100,-0.09507800
-0.11179800,0.75841100,0.74521167,0.14000695,0.03168099,0.05698398,0.98800162,-0.44983500,0.31613000,-0.01974300,0.97149000,-0.03319100,-0.19902700,-0.14686600,-0.15330000,-0.40125400,0.37462200,-0.23750100,-0.18558600,-0.23352269,0.03011858,-0.21794800,1.30824500,-1.20956700,-0.57436300,0.28098100,0.00418000,-1.06909600,1.14475600,-0.20811300,-0.09146200
-0.11488300,0.76855100,0.73465723,0.14865392,0.03552098,0.05037297,0.98696648,-0.46965200,0.36425700,-0.02414700,0.98370900,-0.04226100,-0.18794600,-0.18021500,-0.17724900,-0.37325800,0.43227800,-0.34476500,-0.24546200,-0.24821581,0.03800975,-0.20841800,1.32092700,-1.18804400,-0.58099000,0.27569800,0.00849300,-1.07133400,1.14244900,-0.21154500,-0.09041600
-0.11853600,0.77922800,0.72594253,0.15280005,0.03875501,0.04431001,0.98650231,-0.49150100,0.41140700,-0.03593600,0.99208600,-0.05019400,-0.18188300,-0.22497700,-0.19675400,-0.33343500,0.50757000,-0.42294500,-0.26067900,-0.25487141,0.04017660,-0.19799400,1.32459600,-1.16727600,-0.57294600,0.27401400,0.00037200,-1.07095500,1.14632100,-0.21313000,-0.09666600
-0.12284600,0.79037400,0.71928320,0.15006097,0.04021799,0.03888499,0.98709279,-0.51104300,0.46231500,-0.05286300,0.99363900,-0.05910900,-0.18887800,-0.28543700,-0.19889000,-0.29165300,0.60882400,-0.45151000,-0.26031600,-0.25301036,0.03604961,-0.18625600,1.32047300,-1.14820200,-0.54493800,0.27704800,-0.02656600,-1.06588200,1.16174200,-0.21223000,-0.12227900
-0.12731100,0.80140700,0.71307855,0.14260296,0.03970999,0.03459799,0.98837771,-0.52765400,0.51203800,-0.07195600,0.98922300,-0.06833100,-0.19942400,-0.34428300,-0.18902900,-0.25658400,0.71074500,-0.45851600,-0.25984200,-0.24449170,0.02821867,-0.17582100,1.31239500,-1.13363900,-0.51260500,0.28251700,-0.06036800,-1.05593800,1.18145000,-0.21559500,-0.15076400
-0.13153300,0.81147500,0.70705766,0.13298604,0.03741401,0.03093401,0.98992828,-0.53805100,0.55581200,-0.08517500,0.97833000,-0.07860000,-0.20109100,-0.38168100,-0.17970300,-0.23680200,0.78363200,-0.46961200,-0.24649000,-0.23529408,0.02008070,-0.16810100,1.30552300,-1.13079200,-0.49294400,0.29334600,-0.09143100,-1.04060000,1.20188800,-0.23303800,-0.16888500
-0.13528600,0.82117000,0.70175441,0.12371999,0.03411100,0.02874900,0.99131393,-0.54381200,0.58951500,-0.09148700,0.96415000,-0.08650500,-0.20157500,-0.40455000,-0.17597700,-0.22721600,0.83690600,-0.48294500,-0.22355700,-0.22642076,0.01238023,-0.16206500,1.29579000,-1.13600900,-0.47698600,0.29968000,-0.11395200,-1.02931000,1.21754900,-0.25323200,-0.17855700
-0.13805300,0.83072500,0.69658099,0.11675305,0.03062201,0.02929401,0.99225646,-0.54754600,0.60957300,-0.09113400,0.94994400,-0.08784000,-0.20795900,-0.41728700,-0.17766800,-0.22363100,0.87515600,-0.50702800,-0.22002500,-0.21762385,0.00609496,-0.15539300,1.27697100,-1.14605900,-0.45830900,0.28582400,-0.11741700,-1.03042500,1.22102100,-0.26680700,-0.17521700
-0.14028200,0.84034700,0.69205176,0.11141997,0.02794599,0.03209699,0.99286172,-0.55140200,0.61573600,-0.08860100,0.93635000,-0.08472900,-0.22057500,-0.42645100,-0.18254400,-0.22146700,0.90443200,-0.53246200,-0.22403900,-0.20833681,0.00069661,-0.15459400,1.25530700,-1.16128700,-0.43811200,0.27203200,-0.11006800,-1.04118700,1.21600200,-0.28081400,-0.16988600
-0.14216700,0.85030000,0.68857236,0.10742797,0.02691199,0.03865099,0.99309671,-0.56133900,0.60495400,-0.09082000,0.92543200,-0.07891900,-0.23937000,-0.43894200,-0.18996300,-0.21728600,0.93163200,-0.54935100,-0.22248900,-0.19632979,-0.00460734,-0.16765200,1.23582300,-1.18296200,-0.41599300,0.27808000,-0.09793700,-1.06221300,1.20432200,-0.29752200,-0.17275800
-0.14394700,0.86073200,0.68595792,0.10355004,0.02674401,0.04644302,0.99317934,-0.57070500,0.58188800,-0.09564800,0.91652100,-0.07236300,-0.25805500,-0.45166500,-0.19854000,-0.21234900,0.95604300,-0.55988900,-0.21655300,-0.18092637,-0.01185880,-0.18505900,1.21467700,-1.20560100,-0.39220100,0.29018900,-0.08482500,-1.08780900,1.19112500,-0.31773200,-0.17850700
-0.14599700,0.87190100,0.68409833,0.09922499,0.02613900,0.05312699,0.99330191,-0.57118400,0.54851800,-0.09988100,0.90786700,-0.06590300,-0.26163100,-0.46141800,-0.20889600,-0.20687600,0.97836500,-0.56394700,-0.20140500,-0.16165895,-0.02323823,-0.19900800,1.19085700,-1.22372900,-0.36789600,0.30178700,-0.07717800,-1.11310900,1.18180800,-0.34398000,-0.18562600
-0.14809000,0.88358400,0.68263431,0.09440003,0.02461701,0.05959002,0.99344434,-0.56460200,0.50730000,-0.10449500,0.90023300,-0.06390700,-0.26172800,-0.46782400,-0.22087000,-0.20257200,0.99868100,-0.56412600,-0.18170000,-0.13962146,-0.03755733,-0.21006100,1.16391900,-1.23952300,-0.34085700,0.31022900,-0.07429200,-1.13734100,1.17615700,-0.37365900,-0.19265400
-0.15015100,0.89577300,0.68114824,0.08860997,0.02203399,0.06463798,0.99372265,-0.55082700,0.46452800,-0.10502300,0.89541600,-0.07496500,-0.26174900,-0.47082100,-0.23270000,-0.20038600,1.01682000,-0.56359100,-0.16212100,-0.11595409,-0.05355246,-0.21545300,1.13250600,-1.25128300,-0.30891100,0.30674100,-0.07657500,-1.15789100,1.17591200,-0.40553800,-0.19794400
-0.15211000,0.90821900,0.67930643,0.08237101,0.01890400,0.06935101,0.99400608,-0.53269100,0.41508100,-0.10902900,0.89209300,-0.08925600,-0.26172200,-0.47248700,-0.24456600,-0.19871400,1.03478100,-0.56376600,-0.14207200,-0.09214934,-0.06895535,-0.22094200,1.09948800,-1.26223200,-0.27468800,0.30230900,-0.08234600,-1.17560900,1.17907800,-0.43699800,-0.20134900
-0.15387000,0.92058400,0.67676810,0.07599903,0.01584601,0.07527203,0.99413640,-0.51273800,0.35111500,-0.12691200,0.88839400,-0.09342000,-0.26174400,-0.47495700,-0.25684500,-0.19711200,1.05425300,-0.56667500,-0.12231900,-0.07042947,-0.08168115,-0.23328800,1.06710600,-1.27766000,-0.23989200,0.30758000,-0.08916600,-1.19046300,1.18554000,-0.46625500,-0.20300300
-0.15543100,0.93308000,0.67347826,0.07023500,0.01313200,0.08077500,0.99416799,-0.49023100,0.28361800,-0.14818800,0.88566400,-0.10254200,-0.26175500,-0.48000200,-0.26998200,-0.19236800,1.07699700,-0.57195800,-0.10241100,-0.05082430,-0.09220290,-0.24693300,1.03663500,-1.29229200,-0.20635000,0.31504700,-0.09672500,-1.20268900,1.19190100,-0.49221800,-0.20190600
-0.15660700,0.94580100,0.67971513,0.06561299,0.01070200,0.08449299,0.99420387,-0.46555400,0.21807900,-0.16551700,0.88526700,-0.11656400,-0.26177800,-0.48947400,-0.28361900,-0.18078100,1.10570600,-0.57998500,-0.08188000,-0.03324617,-0.09990376,-0.25729100,1.00940200,-1.30377200,-0.17664600,0.32092100,-0.10312800,-1.21261800,1.19413600,-0.51252400,-0.19553400
-0.15785200,0.95872900,0.68524502,0.06158403,0.00942900,0.08656204,0.99429649,-0.44443800,0.16993100,-0.17040900,0.88881800,-0.15620600,-0.26177500,-0.50427500,-0.29649100,-0.16373900,1.13893100,-0.58972800,-0.06090700,-0.01691620,-0.10474222,-0.26551700,0.98636600,-1.31138300,-0.15055000,0.32525300,-0.10973900,-1.22164000,1.19424000,-0.53146500,-0.18796900
-0.15960000,0.97237200,0.67683517,0.05724098,0.00963500,0.08656696,0.99455357,-0.42792600,0.16776600,-0.14541700,0.89543200,-0.27766100,-0.26176400,-0.52431000,-0.30703900,-0.14254200,1.17586500,-0.59990100,-0.03814500,0.00174425,-0.10747801,-0.27060700,0.96837900,-1.31140600,-0.12750300,0.32469200,-0.11855100,-1.23189600,1.19239000,-0.55322300,-0.18223400
-0.16171700,0.98532300,0.66240213,0.05158499,0.01035700,0.08487198,0.99500174,-0.42082000,0.18092200,-0.12111700,0.91653100,-0.42267200,-0.26165000,-0.54853200,-0.31224800,-0.11953400,1.21568800,-0.61043300,-0.01775800,0.02054403,-0.10492028,-0.27653000,0.95597000,-1.31060500,-0.10741600,0.32469900,-0.12747300,-1.23844700,1.18891500,-0.57255300,-0.17973500
-0.16440700,0.99648000,0.65323915,0.04519899,0.01138800,0.08352599,0.99541488,-0.44002800,0.17615000,-0.12647700,0.97308800,-0.50172700,-0.26156500,-0.57665400,-0.31341200,-0.09676600,1.25762800,-0.62040300,-0.00360500,0.03440070,-0.09602055,-0.28814900,0.95017300,-1.31611000,-0.08977400,0.33178300,-0.13557900,-1.23646400,1.18374500,-0.58554700,-0.18386000
-0.16709700,1.00546000,0.64688934,0.03996901,0.01264400,0.08147702,0.99579320,-0.46907000,0.16373000,-0.13943700,1.03856800,-0.54271400,-0.26153600,-0.60782800,-0.31247400,-0.07225800,1.30008700,-0.63015500,0.00205600,0.04120706,-0.08412213,-0.30151200,0.94970000,-1.32289000,-0.07641100,0.33985900,-0.14313100,-1.22537400,1.18184000,-0.58689400,-0.19219400
-0.16925300,1.01096200,0.64307207,0.03709302,0.01447601,0.07670503,0.99625845,-0.49222400,0.14793800,-0.14713900,1.08849000,-0.56202900,-0.26139700,-0.64332800,-0.30718700,-0.04321200,1.34241500,-0.64085500,-0.00828300,0.03642984,-0.06951993,-0.31454600,0.95485900,-1.32775700,-0.06901800,0.34571700,-0.15061300,-1.20342000,1.18989600,-0.56991800,-0.20399300
-0.17096900,1.01470100,0.64018901,0.03855500,0.01686400,0.07068099,0.99661091,-0.51040700,0.13045900,-0.14432000,1.12697800,-0.56860600,-0.26116300,-0.67900100,-0.30270300,-0.00879400,1.38128600,-0.65062200,-0.02337500,0.02230981,-0.05321732,-0.32596700,0.96180300,-1.33139600,-0.06944200,0.34809300,-0.15758000,-1.17814500,1.20021200,-0.54503700,-0.21489200
-0.17213900,1.01804000,0.63621460,0.04492101,0.01893701,0.06569402,0.99664828,-0.52239100,0.11777200,-0.12358400,1.15280400,-0.57942000,-0.26105800,-0.70967800,-0.30550000,0.02900200,1.41204800,-0.65633500,-0.03059700,0.00530076,-0.03848135,-0.33346900,0.96577900,-1.33252600,-0.08037100,0.34208800,-0.16201900,-1.15802600,1.20596600,-0.52234500,-0.22004500
-0.17282200,1.02073200,0.63222832,0.05320702,0.02099601,0.06073803,0.99651346,-0.53075500,0.10927200,-0.09499800,1.17047000,-0.58976600,-0.26084800,-0.73654400,-0.31008600,0.06679700,1.43552600,-0.65822300,-0.03139300,-0.01274481,-0.02668434,-0.33862000,0.97078900,-1.33326500,-0.09891200,0.33468500,-0.16670300,-1.14082800,1.21226600,-0.50027200,-0.22121200
-0.17302100,1.02313200,0.62844370,0.06130500,0.02319400,0.05437400,0.99636700,-0.53773700,0.10531100,-0.06561200,1.18492600,-0.59865400,-0.26135200,-0.75991900,-0.31195500,0.10204800,1.45190100,-0.65665900,-0.02445000,-0.02943149,-0.01904430,-0.34265800,0.97924100,-1.33567900,-0.12288700,0.33234500,-0.17407600,-1.12447200,1.22373400,-0.47815700,-0.21754800
-0.17280100,1.02477800,0.62553735,0.06856800,0.02616300,0.04824000,0.99613595,-0.54435400,0.10458200,-0.03822500,1.19386400,-0.60435000,-0.26123900,-0.78034000,-0.31192600,0.13260900,1.46190100,-0.65222700,-0.01268700,-0.04392627,-0.01546116,-0.34571800,0.99193700,-1.33665600,-0.15044100,0.33177300,-0.18245700,-1.10904800,1.23709400,-0.45515300,-0.21381400
-0.17221300,1.02541400,0.62400847,0.07471701,0.03037000,0.04328001,0.99580213,-0.55198500,0.10375100,-0.01627700,1.19664100,-0.60475900,-0.25979000,-0.79826200,-0.31039900,0.15773300,1.46694200,-0.64593700,0.00138800,-0.05632002,-0.01585665,-0.34813700,1.00989200,-1.33480400,-0.17978300,0.33223300,-0.19066000,-1.09452500,1.24869500,-0.43042500,-0.21528300
-0.17129200,1.02474400,0.62417659,0.07938397,0.03512299,0.03927599,0.99545063,-0.55713400,0.10528800,0.00083500,1.19042800,-0.59921800,-0.25998200,-0.81188700,-0.30741100,0.17536500,1.46518900,-0.63747700,0.01617300,-0.06781254,-0.01919275,-0.34996900,1.03057300,-1.33183800,-0.21183600,0.33211600,-0.19865100,-1.07949100,1.25982000,-0.40605200,-0.21888700
-0.17014100,1.02226400,0.62641026,0.08267400,0.04016900,0.03538200,0.99513797,-0.55604200,0.11091100,0.01598700,1.17149200,-0.58638500,-0.26059900,-0.82070900,-0.30144000,0.18596400,1.45517400,-0.62592000,0.03019300,-0.08075019,-0.02354078,-0.35060600,1.05218900,-1.32862600,-0.24758800,0.32859200,-0.20761400,-1.06291200,1.27246700,-0.38431900,-0.22506000
-0.16860800,1.01830500,0.63048356,0.08454000,0.04444500,0.03211900,0.99491005,-0.54748100,0.11899300,0.02671500,1.14027000,-0.56652700,-0.26115700,-0.82053100,-0.29521500,0.18565500,1.43551700,-0.61234800,0.04082700,-0.09528541,-0.02708318,-0.35268500,1.07198500,-1.32593300,-0.28181000,0.32462100,-0.21168200,-1.04784600,1.28074500,-0.36606500,-0.22844100
-0.16658100,1.01296800,0.63644659,0.08399501,0.04671301,0.03066700,0.99489812,-0.52988200,0.12915700,0.02880700,1.09666200,-0.54037700,-0.26170200,-0.80667700,-0.29143700,0.16739400,1.40499500,-0.59878400,0.04423100,-0.11083749,-0.02810737,-0.35874500,1.08601500,-1.32701700,-0.30780500,0.32333000,-0.20350500,-1.03616300,1.27930500,-0.35194400,-0.21941900
-0.16404100,1.00656400,0.64424077,0.08087998,0.04805599,0.02999599,0.99511270,-0.50571900,0.14295300,0.02383100,1.04061900,-0.50641000,-0.26162400,-0.78101600,-0.28692900,0.13420300,1.36134000,-0.58377800,0.04086100,-0.12560242,-0.02736191,-0.36551100,1.09575100,-1.33094300,-0.32421800,0.32149200,-0.18819200,-1.03096900,1.27212000,-0.34451100,-0.21120900
-0.16080600,0.99940900,0.65361851,0.07498398,0.04943199,0.02987099,0.99551073,-0.47589700,0.16280300,0.01366100,0.97022400,-0.46462800,-0.26166300,-0.74339500,-0.27854700,0.08699600,1.30202600,-0.56708500,0.02973800,-0.13703949,-0.02610198,-0.37065700,1.10263000,-1.33628600,-0.33070900,0.31729400,-0.17060200,-1.03682600,1.26122600,-0.34458000,-0.21825100
-0.15725800,0.99161100,0.66482937,0.06533398,0.05018198,0.03028199,0.99614067,-0.44279600,0.19042900,-0.00291400,0.89049800,-0.40826100,-0.26173900,-0.69447300,-0.26551300,0.02594900,1.22760800,-0.54510300,0.01423500,-0.14557810,-0.02364664,-0.37494300,1.10459100,-1.34512900,-0.32248100,0.31161000,-0.14804900,-1.05061000,1.24876500,-0.35642800,-0.22638600
-0.15369100,0.98310900,0.67812525,0.05138501,0.04989701,0.03063300,0.99696113,-0.40654700,0.22732100,-0.02749900,0.80177000,-0.33225000,-0.26173000,-0.63369800,-0.24538900,-0.04862900,1.13617600,-0.51601500,-0.00907100,-0.15317716,-0.01857087,-0.37872000,1.10070700,-1.35675200,-0.29476300,0.30284800,-0.11937500,-1.06928100,1.23660000,-0.38670300,-0.22556800
-0.15018100,0.97455600,0.69252221,0.03431099,0.04897099,0.03145999,0.99771482,-0.37458800,0.27710700,-0.04259100,0.71470300,-0.23426200,-0.26109500,-0.56610300,-0.21827100,-0.12973500,1.03322100,-0.47276300,-0.02485600,-0.15852887,-0.01225003,-0.38279900,1.09034800,-1.37138600,-0.25198400,0.29397200,-0.08829100,-1.09193100,1.21992200,-0.42828000,-0.21801500
-0.14688400,0.96630900,0.70950530,0.01398000,0.04773602,0.03469501,0.99815935,-0.35471400,0.34492100,-0.00298000,0.63324600,-0.11170100,-0.16554000,-0.49460100,-0.18491000,-0.21487400,0.92221000,-0.40820400,-0.02039900,-0.16085357,-0.00932958,-0.38729800,1.07551100,-1.38853100,-0.19502100,0.28777600,-0.05732400,-1.11532800,1.19796000,-0.47408400,-0.20087800
-0.14387000,0.95914600,0.72276919,-0.00644400,0.04565300,0.04087500,0.99809995,-0.33619500,0.40252900,0.07454300,0.56612400,-0.03435800,-0.02897100,-0.42321600,-0.14810500,-0.28989300,0.81160800,-0.32209300,0.00873000,-0.15739982,-0.00952871,-0.39488800,1.04738900,-1.41038700,-0.12875900,0.28333000,-0.02471800,-1.14283200,1.16868800,-0.52205500,-0.18009300
-0.14102900,0.95423400,0.73246524,-0.02344299,0.04195898,0.04805698,0.99768752,-0.33023300,0.40813600,0.10192600,0.55822100,-0.02678700,0.07825400,-0.36015200,-0.11370900,-0.33773900,0.71174300,-0.21628300,0.06977300,-0.14551870,-0.00710765,-0.40878300,0.99733200,-1.43910500,-0.05805000,0.28101700,0.01119500,-1.17855800,1.13011700,-0.56733400,-0.16027200
-0.13903500,0.95077200,0.74122890,-0.03833501,0.03829101,0.05678201,0.99691526,-0.34231200,0.37355300,0.07610500,0.59927800,-0.04492100,0.14347700,-0.30968000,-0.07329800,-0.33369100,0.62200900,-0.10359200,0.16902700,-0.12666891,-0.00459571,-0.42593400,0.93366500,-1.46931700,0.01606000,0.27992500,0.04635200,-1.21711300,1.08645100,-0.61147300,-0.14135800
-0.13885000,0.94845100,0.74830508,-0.05100601,0.03523500,0.06718001,0.99581310,-0.36653700,0.29470400,0.00535400,0.67882400,-0.07020500,0.11630900,-0.27440000,-0.01239200,-0.24644900,0.54119800,-0.00127100,0.26174500,-0.10187698,-0.00206048,-0.44107900,0.86115300,-1.49843500,0.09145300,0.28165300,0.07824600,-1.25356900,1.03927300,-0.65657300,-0.12454000
-0.13947400,0.94690700,0.75358653,-0.06219999,0.03179299,0.07657499,0.99461381,-0.38741700,0.19741500,-0.06803600,0.76304800,-0.10832100,0.03360400,-0.23937600,0.04582900,-0.13899900,0.47730100,0.06227800,0.26176100,-0.07184493,0.00192881,-0.44419200,0.79102500,-1.49983600,0.16164100,0.28808300,0.10100800,-1.28885200,0.99665000,-0.70100900,-0.11226300
-0.14038900,0.94589800,0.75689375,-0.07157902,0.02796901,0.08423302,0.99347822,-0.39185100,0.10503400,-0.12235400,0.81553700,-0.14775400,-0.05694300,-0.20704900,0.06313800,-0.05387900,0.44348900,0.12105500,0.26176900,-0.03755983,0.00562726,-0.44343500,0.72682600,-1.49989900,0.22368200,0.28947200,0.10762700,-1.32738600,0.96689600,-0.74369500,-0.10981700
-0.14117200,0.94510600,0.75714922,-0.08056302,0.02403501,0.08898802,0.99247824,-0.38444400,0.02877500,-0.15999700,0.83555200,-0.18953000,-0.14893400,-0.18343900,0.04526100,-0.00942100,0.43721400,0.17096900,0.26178600,-0.00187699,0.00761510,-0.43803200,0.67331900,-1.49995900,0.27886300,0.28872900,0.10323600,-1.36147900,0.94247800,-0.78393500,-0.10864200
-0.14109300,0.94405300,0.75868121,-0.09095401,0.02044800,0.08900301,0.99165907,-0.37001700,-0.01422000,-0.17978000,0.81688200,-0.22727500,-0.23497200,-0.17276500,-0.00865600,-0.02919600,0.46140000,0.17930000,0.26178400,0.03281883,0.00442916,-0.42797300,0.63590000,-1.49996400,0.32824100,0.28681600,0.09227700,-1.37865000,0.91914900,-0.82205500,-0.09927300
-0.14053700,0.94274200,0.75236215,-0.10239896,0.01781699,0.08915697,0.99057965,-0.34829800,-0.03894600,-0.19183000,0.76726900,-0.25655300,-0.26154600,-0.16771100,-0.08066000,-0.07001200,0.49770800,0.14922800,0.26178100,0.06707720,-0.00593149,-0.41526600,0.61058700,-1.49996600,0.36988800,0.28418800,0.07496400,-1.38978600,0.90600700,-0.85819000,-0.09124400
-0.13954100,0.94094100,0.74387836,-0.11616394,0.01571499,0.09118695,0.98891047,-0.31713800,-0.04062500,-0.20992800,0.68415200,-0.27180900,-0.26167800,-0.16105500,-0.14650800,-0.10996400,0.53263300,0.09128200,0.26177700,0.10150402,-0.02035374,-0.40362400,0.59594900,-1.49996600,0.40406800,0.28009100,0.05161200,-1.40745200,0.90865800,-0.89266500,-0.09409200
-0.13840000,0.93874900,0.73776588,-0.13152295,0.01407200,0.09237297,0.98689965,-0.28362800,-0.02282800,-0.23077500,0.59255900,-0.26196800,-0.24366900,-0.15659100,-0.21022600,-0.14803100,0.57003600,0.02442200,0.26177100,0.13660118,-0.03546725,-0.39269400,0.59136300,-1.49996400,0.42880900,0.27744600,0.02502300,-1.42215100,0.91764900,-0.92193500,-0.09783000
-0.13722400,0.93640600,0.73777205,-0.14646404,0.01289500,0.09245802,0.98480126,-0.24562100,-0.01131900,-0.23359000,0.50924800,-0.21216500,-0.01541900,-0.15511100,-0.27854500,-0.17569300,0.60773400,-0.03591100,0.26175700,0.17185472,-0.05147454,-0.38093200,0.59560900,-1.49996000,0.44037200,0.27965500,-0.00099300,-1.42445000,0.92921200,-0.94333800,-0.09275700
-0.13662200,0.93341000,0.73709878,-0.16078997,0.01236600,0.09165599,0.98264584,-0.22493300,0.00804200,-0.21353600,0.46260600,-0.18478500,0.23670100,-0.16246900,-0.34488900,-0.19439800,0.64682900,-0.07578800,0.26164700,0.20242856,-0.06705052,-0.37178800,0.60761800,-1.49990800,0.44502800,0.28535900,-0.02546700,-1.42226700,0.94318500,-0.95740500,-0.08525100
-0.13734200,0.92935300,0.73345233,-0.17493805,0.01287000,0.08681302,0.98066026,-0.25475800,0.03659400,-0.22165100,0.51730500,-0.22706400,0.26166900,-0.19032000,-0.40279400,-0.19620000,0.68897300,-0.06399000,0.26160900,0.22374404,-0.07675539,-0.36967200,0.62699700,-1.49987900,0.45055900,0.29324800,-0.04646500,-1.42244000,0.95553200,-0.96583900,-0.07770200
-0.13905300,0.92402000,0.72533602,-0.18613808,0.01380501,0.08077403,0.97910040,-0.30485800,0.04947200,-0.24384000,0.61911000,-0.28881500,0.26168700,-0.23032300,-0.45069100,-0.17498700,0.72749000,-0.03977900,0.26153800,0.23591300,-0.08057021,-0.37337700,0.65001200,-1.49982000,0.45549600,0.30501500,-0.06347900,-1.41747600,0.96938100,-0.95903100,-0.07626800
-0.14211400,0.91666000,0.71839272,-0.19218400,0.01416100,0.07664300,0.97825898,-0.34890400,0.04801000,-0.25703700,0.71068200,-0.32028500,0.26161200,-0.27324400,-0.48206700,-0.12629100,0.75837000,-0.05379900,0.24378600,0.23660911,-0.07780615,-0.38365900,0.67493200,-1.49979400,0.46168800,0.32684000,-0.07845100,-1.40003400,0.98945200,-0.91880200,-0.09015300
-0.14528200,0.90873300,0.71277099,-0.19214097,0.01179500,0.07109199,0.97871786,-0.37946400,0.04458800,-0.25118000,0.78532400,-0.33673300,0.25775400,-0.31201700,-0.50346000,-0.07486600,0.78352400,-0.07499800,0.18489300,0.22790252,-0.06813397,-0.39434100,0.69692500,-1.49979500,0.45806500,0.34696700,-0.09104400,-1.37434300,1.01054600,-0.86773500,-0.10559400
-0.14725500,0.90133900,0.70974856,-0.18524904,0.00530900,0.06489401,0.98053219,-0.38432700,0.04822400,-0.22790700,0.82291000,-0.35087600,0.24376100,-0.33925200,-0.52352400,-0.02571500,0.80018800,-0.07117700,0.16097100,0.21552120,-0.05385303,-0.40043100,0.70919500,-1.49974700,0.43161800,0.35229400,-0.09919300,-1.34678800,1.03150200,-0.83156900,-0.11328500
-0.14850500,0.89447900,0.70793633,-0.17540600,-0.00227300,0.05705300,0.98283901,-0.37607600,0.05382100,-0.19369100,0.84005800,-0.36310800,0.23264400,-0.36020700,-0.53893700,0.01762300,0.80910100,-0.05925700,0.16129300,0.20163924,-0.03841970,-0.40451000,0.71833700,-1.49962400,0.39320700,0.35061000,-0.10306700,-1.32699500,1.05296100,-0.80586800,-0.11557100
-0.14897100,0.88876900,0.70589025,-0.16472199,-0.00929700,0.04589300,0.98522793,-0.36598400,0.06103000,-0.15460800,0.85181300,-0.37931200,0.23124200,-0.37812400,-0.55057700,0.04676200,0.81152300,-0.05415100,0.18195000,0.18945488,-0.02685699,-0.40731900,0.72744700,-1.49866300,0.34812400,0.34214000,-0.10374100,-1.32162700,1.07752200,-0.79203200,-0.11039900
-0.14894500,0.88330900,0.70359304,-0.15460693,-0.01460099,0.03581898,0.98721857,-0.35912500,0.06574100,-0.12106400,0.86257900,-0.39617100,0.23164900,-0.39445800,-0.55733200,0.06225200,0.81569600,-0.05402400,0.20874200,0.17870546,-0.02004979,-0.40807900,0.74163200,-1.49711300,0.30309300,0.33653500,-0.10132900,-1.32516700,1.09638300,-0.78392200,-0.10315600
-0.14852300,0.87747800,0.70058740,-0.14625895,-0.01685199,0.02960499,0.98865964,-0.36453200,0.06364300,-0.10344400,0.88140800,-0.41188700,0.22196600,-0.41267100,-0.55948900,0.06336600,0.83205800,-0.06123800,0.22466400,0.16692034,-0.01791951,-0.40856100,0.76767400,-1.49829900,0.26743200,0.34897700,-0.09665000,-1.33445400,1.09966800,-0.77396100,-0.09827300
-0.14823700,0.87119500,0.69747657,-0.13858806,-0.01628301,0.02661901,0.98985840,-0.37709900,0.05710100,-0.09607500,0.90224700,-0.42681400,0.20527000,-0.43111700,-0.55686200,0.05841900,0.85479100,-0.07580400,0.23158700,0.15331402,-0.02034515,-0.40887200,0.80010900,-1.49934600,0.23304900,0.36478900,-0.09278200,-1.34195400,1.09722700,-0.76279000,-0.09592100
-0.14884000,0.86391600,0.69501399,-0.13111202,-0.01417100,0.02634400,0.99091615,-0.38864700,0.04868300,-0.09452500,0.91807200,-0.43979500,0.18131400,-0.44632800,-0.54403700,0.05881900,0.88117000,-0.09819700,0.22724200,0.13533056,-0.02545466,-0.40900100,0.83607400,-1.49975400,0.19583100,0.37291000,-0.09371200,-1.34053800,1.09552500,-0.74978700,-0.09997100
-0.14975500,0.85625600,0.69276667,-0.12194505,-0.01304101,0.02683001,0.99208845,-0.39745700,0.03738400,-0.09278400,0.93245400,-0.45087300,0.15329500,-0.45805400,-0.52464500,0.06672300,0.90590700,-0.12145600,0.21640800,0.11452318,-0.03189456,-0.40839700,0.87101500,-1.49980800,0.15658600,0.37576700,-0.09805000,-1.33148900,1.09657800,-0.73214600,-0.10413900
-0.15071400,0.84873400,0.69042728,-0.11002398,-0.01291000,0.02683299,0.99348279,-0.40539200,0.02334900,-0.08572900,0.94836800,-0.45960100,0.12382900,-0.46820600,-0.49969200,0.08850700,0.92156300,-0.13785200,0.20389100,0.09435921,-0.03814034,-0.40466400,0.89961300,-1.49986800,0.11680700,0.36922700,-0.10457700,-1.31292400,1.10296500,-0.70931700,-0.10126700
-0.15154100,0.84125700,0.68772773,-0.09711904,-0.01317501,0.02539901,0.99486140,-0.41295600,0.01032300,-0.07382200,0.96515700,-0.46869500,0.09603100,-0.47804500,-0.47216400,0.11521700,0.93134500,-0.15142500,0.19113000,0.07463702,-0.04312971,-0.39986000,0.92251300,-1.49991100,0.07799500,0.35968800,-0.11331000,-1.29192200,1.11490900,-0.68416400,-0.09879900
-0.15188700,0.83403900,0.68430357,-0.08407901,-0.01365000,0.02152400,0.99613308,-0.42014900,0.00110100,-0.05571200,0.98289400,-0.48108600,0.07550600,-0.48903800,-0.44751200,0.13843600,0.93592600,-0.16597900,0.18129200,0.05557938,-0.04711962,-0.39422700,0.93829600,-1.49993800,0.03953500,0.35143300,-0.12355400,-1.27555600,1.13526600,-0.65861600,-0.10239300
-0.15199800,0.82668500,0.68038156,-0.07104298,-0.01372600,0.01659400,0.99724076,-0.42833300,-0.00547000,-0.03484200,1.00182700,-0.49578000,0.05731700,-0.50133500,-0.42588700,0.15700000,0.93871800,-0.18268300,0.17117100,0.03682105,-0.05010909,-0.39039000,0.94929900,-1.49995600,0.00426300,0.34565500,-0.13227900,-1.26124900,1.15858100,-0.63216100,-0.10812900
-0.15191900,0.81891900,0.67586596,-0.05822900,-0.01366600,0.01145500,0.99814398,-0.43755000,-0.01002300,-0.01367600,1.02275400,-0.51362300,0.03642300,-0.51479100,-0.41022100,0.16849200,0.94332600,-0.20427300,0.15873000,0.01753199,-0.05252204,-0.39196700,0.95770900,-1.49996700,-0.02434200,0.34739400,-0.13662200,-1.24896600,1.18015400,-0.60442400,-0.11340800
-0.15190200,0.81071900,0.67121626,-0.04528500,-0.01270800,0.00709800,0.99886806,-0.44878500,-0.01459900,0.00605500,1.04404000,-0.53113500,0.01476200,-0.53052500,-0.40054100,0.17404200,0.95044000,-0.22828000,0.14200800,-0.00246135,-0.05428496,-0.39731600,0.96424800,-1.49997400,-0.04881500,0.35135400,-0.13726600,-1.23681100,1.19897900,-0.57417800,-0.11985400
-0.15230100,0.80194200,0.66702761,-0.03214100,-0.01086900,0.00492600,0.99941210,-0.46209100,-0.02215900,0.02144400,1.06397800,-0.54324800,-0.00580900,-0.54814700,-0.39743400,0.17407600,0.96186900,-0.25183600,0.11744600,-0.02366293,-0.05446685,-0.40685300,0.96965400,-1.49997800,-0.07275800,0.35421000,-0.13397700,-1.22328600,1.21149200,-0.53957400,-0.12799100
-0.15284300,0.79270800,0.66307806,-0.01839601,-0.00816200,0.00347200,0.99979144,-0.47680700,-0.03182600,0.03494800,1.08200100,-0.55236400,-0.02613900,-0.56890400,-0.39949100,0.17121400,0.97669900,-0.27671900,0.08808800,-0.04554528,-0.05410641,-0.41940800,0.97597700,-1.49998000,-0.09886500,0.35509500,-0.13045900,-1.20609600,1.21979500,-0.49981500,-0.13743300
-0.15341500,0.78298100,0.66085601,-0.00356400,-0.00383000,0.00147000,0.99998523,-0.49360500,-0.04281500,0.04875100,1.09735700,-0.56043500,-0.04769000,-0.59546800,-0.40599900,0.16679000,0.99496200,-0.30647900,0.05631900,-0.06727685,-0.05475257,-0.43466000,0.98798700,-1.49998200,-0.12987300,0.35031000,-0.13273300,-1.18172400,1.22528300,-0.45587500,-0.15023300
-0.15389600,0.77293500,0.66401765,0.01152200,0.00051700,0.00044400,0.99993339,-0.50970400,-0.05558800,0.05999100,1.11059500,-0.56740900,-0.06808100,-0.62302100,-0.41400200,0.16336800,1.01628100,-0.33535300,0.02221100,-0.08873963,-0.05517680,-0.45249700,1.00063500,-1.49998200,-0.16322000,0.34411300,-0.13585300,-1.15548100,1.22875900,-0.41083200,-0.16268800
-0.15411900,0.76287000,0.66754673,0.02615300,0.00425300,0.00147400,0.99964782,-0.52403800,-0.07079200,0.06630400,1.12216400,-0.57385800,-0.08398800,-0.64785900,-0.42033900,0.16062400,1.03795600,-0.35391000,-0.01660400,-0.10928211,-0.05256719,-0.47258200,1.00777300,-1.49998400,-0.19593400,0.34141500,-0.13342400,-1.13217500,1.23166800,-0.36637200,-0.16961400
-0.15410700,0.75231700,0.66998557,0.03966998,0.00810800,0.00219800,0.99917752,-0.53732500,-0.08399500,0.07006900,1.13071200,-0.57848000,-0.09852000,-0.67451600,-0.42190200,0.16647900,1.06331600,-0.37011600,-0.04943600,-0.12887273,-0.04851574,-0.49304100,1.01247400,-1.49998500,-0.22730100,0.33826700,-0.13019300,-1.10991400,1.23450600,-0.32440700,-0.17395200
-0.15380800,0.74083800,0.66935791,0.05188500,0.01230100,0.00075800,0.99857702,-0.54935100,-0.09181700,0.07357200,1.13492600,-0.57979800,-0.11455700,-0.70813600,-0.41258100,0.19633400,1.10059700,-0.39335800,-0.06487200,-0.14834845,-0.04631023,-0.51094100,1.01757100,-1.49998600,-0.25692500,0.33172500,-0.12969200,-1.08733600,1.23945400,-0.28638800,-0.17702700
-0.15329100,0.72866100,0.66770121,0.06345901,0.01689600,-0.00061900,0.99784122,-0.55979000,-0.09739700,0.07485700,1.13503000,-0.57842900,-0.13232900,-0.74261900,-0.39912600,0.23145700,1.14210200,-0.41431400,-0.06386100,-0.16907163,-0.04337212,-0.52862900,1.01970900,-1.49998700,-0.28269300,0.32454500,-0.12927000,-1.06664000,1.24423300,-0.25331600,-0.18010400
-0.15268300,0.71590100,0.66705186,0.07436801,0.02136000,-0.00007900,0.99700208,-0.56704400,-0.10315400,0.07079600,1.13075900,-0.57501000,-0.15269900,-0.77271200,-0.39282400,0.25377000,1.17773100,-0.42062900,-0.04311800,-0.19163628,-0.03641335,-0.54776700,1.01507300,-1.49998900,-0.30214000,0.31998900,-0.12592600,-1.04959300,1.24759000,-0.22697400,-0.18513800
-0.15174700,0.70250400,0.66710013,0.08365698,0.02539900,0.00034500,0.99617081,-0.57078500,-0.10397700,0.06338800,1.12262300,-0.56948400,-0.17539900,-0.79539600,-0.38636000,0.26890400,1.20551000,-0.41876400,-0.00616000,-0.21460685,-0.02851283,-0.56447100,1.00644400,-1.49999000,-0.31508000,0.31397600,-0.12332400,-1.03434000,1.25140700,-0.20514200,-0.19204800
-0.15031200,0.68837300,0.66754560,0.09036604,0.02913001,-0.00044400,0.99548241,-0.57181400,-0.09513900,0.05385900,1.11262000,-0.56303500,-0.20111200,-0.80760900,-0.37343600,0.27945900,1.22389800,-0.41398500,0.05120600,-0.23649716,-0.02331659,-0.57511700,0.99738800,-1.49998100,-0.32152500,0.30162600,-0.12570500,-1.01890300,1.25631000,-0.18633000,-0.20159000
-0.14830800,0.67372300,0.66887739,0.09407202,0.03162001,-0.00132700,0.99506224,-0.56701600,-0.07850500,0.03962000,1.09707800,-0.55356700,-0.22709300,-0.80669000,-0.35836400,0.27636400,1.23169500,-0.41265900,0.10618500,-0.25599203,-0.02075874,-0.57841400,0.98741300,-1.49999100,-0.31802300,0.29054900,-0.12928900,-1.00702500,1.26002800,-0.17127100,-0.21269100
-0.14553200,0.65864600,0.67006431,0.09403799,0.03206900,-0.00204700,0.99504987,-0.55315100,-0.05261400,0.02015900,1.07282800,-0.53798500,-0.25016900,-0.78773400,-0.34045400,0.25086500,1.22817600,-0.42707800,0.13185500,-0.27091913,-0.02167414,-0.57546000,0.97619900,-1.49999100,-0.30415900,0.28752000,-0.13140400,-1.00304300,1.26035500,-0.16133400,-0.22485100
-0.14221200,0.64344600,0.67165479,0.08915401,0.03122200,-0.00160600,0.99552708,-0.53097100,-0.02128200,-0.00768800,1.03696500,-0.51631800,-0.25986300,-0.75355700,-0.32097100,0.20194100,1.20966900,-0.44495300,0.13091500,-0.28034210,-0.02496283,-0.56395800,0.96320000,-1.49999200,-0.27694400,0.28853900,-0.13088500,-1.00634300,1.25952100,-0.15982700,-0.23712100
-0.13847500,0.62830300,0.67514446,0.07815101,0.02937800,0.00095500,0.99650812,-0.49847500,0.01569700,-0.04983100,0.98304200,-0.49038800,-0.26157500,-0.70394800,-0.29849400,0.12389100,1.17046900,-0.45500000,0.09196800,-0.28488440,-0.02824409,-0.54365700,0.94886500,-1.49999200,-0.23281800,0.29103400,-0.12637800,-1.01715300,1.25908200,-0.17009200,-0.25006300
-0.13442600,0.61364600,0.68050653,0.06291199,0.02693700,0.00414400,0.99764688,-0.46076500,0.06348600,-0.09327600,0.91804400,-0.45013700,-0.26124300,-0.64340400,-0.27045400,0.03175300,1.11275200,-0.45253200,0.04263200,-0.28279959,-0.03138734,-0.51870500,0.93060800,-1.49999200,-0.17813800,0.29301900,-0.11980100,-1.03488700,1.25757100,-0.19149300,-0.25855800
-0.13014400,0.59991200,0.68851266,0.04488098,0.02434999,0.00647300,0.99867456,-0.42139300,0.11984500,-0.11768400,0.84226600,-0.39863900,-0.20086300,-0.57675200,-0.23845200,-0.06165600,1.03667300,-0.42710800,0.00950400,-0.27267389,-0.03499614,-0.48915600,0.90632400,-1.49999200,-0.11735100,0.29013500,-0.11231700,-1.05808100,1.25416300,-0.22415900,-0.25500400
-0.12583700,0.58714900,0.69816654,0.02537199,0.02144200,0.01061000,0.99939178,-0.38229500,0.17842100,-0.10392300,0.76350900,-0.34499500,-0.06521800,-0.50525900,-0.20306700,-0.15332000,0.94863500,-0.38198500,-0.00653000,-0.25510926,-0.03957772,-0.46297600,0.87810300,-1.49999300,-0.05711700,0.28759300,-0.10264600,-1.08662100,1.24628400,-0.26505600,-0.24662900
-0.12157400,0.57564900,0.70927210,0.00629700,0.01796700,0.01863100,0.99964515,-0.34430500,0.24238800,-0.01619400,0.68540700,-0.28726000,0.15579900,-0.43240200,-0.16779100,-0.23694600,0.85338400,-0.32233600,0.00300500,-0.23057559,-0.04534455,-0.44257600,0.84794900,-1.49999300,-0.00202500,0.29414900,-0.08967600,-1.11960100,1.22958200,-0.31126700,-0.23808100
-0.11783500,0.56515800,0.71902936,-0.01166400,0.01501200,0.02764000,0.99943715,-0.30603000,0.29998900,0.09769900,0.62824600,-0.27775700,0.26162400,-0.36598400,-0.12890800,-0.30266600,0.75891300,-0.24887300,0.03528200,-0.20178129,-0.04867089,-0.42484700,0.81618500,-1.49998700,0.05293600,0.30476100,-0.07351300,-1.15745200,1.20833700,-0.35809500,-0.22833200
-0.11514200,0.55550400,0.72929110,-0.02657000,0.01212800,0.03602800,0.99892389,-0.29897700,0.28995900,0.13036900,0.66407300,-0.28056800,0.26161600,-0.31157200,-0.08980100,-0.34268000,0.67405800,-0.16457000,0.08629400,-0.17322791,-0.04492826,-0.41083400,0.78208500,-1.49998700,0.10904800,0.31517200,-0.05412000,-1.20214000,1.19069300,-0.40090200,-0.22087000
-0.11342100,0.54679100,0.73941735,-0.03784098,0.00869700,0.04551998,0.99820857,-0.30927300,0.23635500,0.12693100,0.73894300,-0.28717000,0.23822900,-0.27084700,-0.05304000,-0.34301200,0.60336300,-0.07354900,0.17307600,-0.14416818,-0.04119719,-0.40202700,0.74687200,-1.49998800,0.16182000,0.32942200,-0.03672900,-1.24456800,1.17143500,-0.43915800,-0.21297300
-0.11296100,0.53923400,0.74848471,-0.04562801,0.00539800,0.05415001,0.99747517,-0.31449700,0.16316000,0.10969600,0.79574100,-0.27891800,0.18339800,-0.25054900,-0.00747500,-0.28290400,0.55442100,0.01260200,0.26166100,-0.11177594,-0.03720112,-0.39960300,0.71276600,-1.49998800,0.21004900,0.35604100,-0.02439300,-1.27510400,1.14676200,-0.46821700,-0.19862000
-0.11320800,0.53239700,0.75383735,-0.05266099,0.00234700,0.05873499,0.99688089,-0.31624400,0.08420600,0.09065500,0.83330700,-0.26446800,0.11869300,-0.23683100,0.03831200,-0.21600500,0.51912300,0.07739300,0.26175800,-0.07666882,-0.02966744,-0.39606000,0.68247100,-1.49998800,0.25354500,0.37795900,-0.02176800,-1.29648700,1.12834100,-0.48941200,-0.18497900
-0.11374900,0.52601700,0.75911924,-0.06087102,-0.00032800,0.05884802,0.99640931,-0.31357200,0.01948500,0.07391700,0.84450300,-0.25574800,0.03942500,-0.22168700,0.06521900,-0.15834400,0.48879900,0.15251900,0.26177200,-0.03847043,-0.02231752,-0.38327300,0.65667300,-1.49998700,0.28860300,0.37616300,-0.03439700,-1.31057600,1.12502200,-0.50595400,-0.17937700
-0.11446000,0.51977600,0.76266780,-0.07055000,-0.00275800,0.05664100,0.99589502,-0.30691200,-0.03032600,0.05712700,0.83260700,-0.24593400,-0.03754700,-0.21066600,0.06695400,-0.12649900,0.47661000,0.22121000,0.26177600,0.00135699,-0.01646398,-0.36625900,0.63830800,-1.49998700,0.31778200,0.36509400,-0.05697300,-1.31658200,1.13240700,-0.51908200,-0.17707700
-0.11512300,0.51327500,0.75950812,-0.08184598,-0.00470800,0.05387199,0.99517681,-0.29612600,-0.05790900,0.04551600,0.79419300,-0.22304500,-0.09387100,-0.20996900,0.02719800,-0.14452500,0.49939400,0.24086900,0.26177400,0.03901804,-0.01528675,-0.34590100,0.63051100,-1.49998500,0.34411700,0.35201800,-0.08586900,-1.31390100,1.14760900,-0.53113900,-0.17590200
-0.11560300,0.50646900,0.76107570,-0.09331603,-0.00596800,0.05269202,0.99422334,-0.28144900,-0.07752500,0.02609800,0.74009100,-0.19198000,-0.13695900,-0.21571900,-0.03190000,-0.17733000,0.54410500,0.21726500,0.26177000,0.07452132,-0.02020773,-0.32441300,0.62996000,-1.49998300,0.36563600,0.33699300,-0.11755600,-1.30608100,1.16896300,-0.54137200,-0.17432700
-0.11559000,0.49919800,0.75553792,-0.10516301,-0.00719900,0.05293400,0.99301909,-0.26177600,-0.09509300,-0.01349500,0.67900500,-0.15987300,-0.19182500,-0.22405000,-0.09249200,-0.21592100,0.60210400,0.17622400,0.26176700,0.10926130,-0.02766137,-0.30598000,0.63447000,-1.49998100,0.38264400,0.32274700,-0.14715500,-1.29629300,1.19399700,-0.55036400,-0.16907700
-0.11539600,0.49136900,0.74156606,-0.11752501,-0.00805500,0.05447300,0.99154207,-0.23903800,-0.10841100,-0.06282100,0.61861700,-0.12973200,-0.20253500,-0.23676700,-0.15222000,-0.24520600,0.67363400,0.11829400,0.26178300,0.14335865,-0.03683887,-0.29046500,0.64273400,-1.49998900,0.39472900,0.30943600,-0.17521600,-1.28654100,1.21950600,-0.55823100,-0.16473900
-0.11510500,0.48286800,0.73294202,-0.12957002,-0.00866400,0.05747601,0.98986517,-0.21286700,-0.12079600,-0.10789600,0.56368100,-0.08744400,-0.08227600,-0.25761600,-0.20061800,-0.24202300,0.76065000,0.04012700,0.26176100,0.17618160,-0.04657239,-0.27868700,0.65328400,-1.49997100,0.39986700,0.29792800,-0.20159700,-1.28064100,1.24267100,-0.56396400,-0.16691400
-0.11509400,0.47367300,0.73015431,-0.14121096,-0.00940900,0.06101498,0.98805269,-0.19112400,-0.11814400,-0.12828000,0.52844000,-0.06495100,0.09009700,-0.28414700,-0.24447300,-0.22429400,0.85575500,-0.04108400,0.26177700,0.20549466,-0.05528508,-0.27040900,0.66490100,-1.49998200,0.40393700,0.29124800,-0.22443800,-1.27465300,1.26212200,-0.56821300,-0.16989000
-0.11569900,0.46348600,0.72146939,-0.15257104,-0.00982500,0.06448902,0.98613727,-0.18167800,-0.09763400,-0.12983000,0.53354400,-0.14649400,0.24425500,-0.31647200,-0.29064000,-0.19982400,0.95120700,-0.10832500,0.26176900,0.22817198,-0.06185625,-0.26477000,0.67831000,-1.49997500,0.41377500,0.29138500,-0.24252600,-1.26434700,1.27595000,-0.57314700,-0.16768300
-0.11712400,0.45300600,0.71074147,-0.16169505,-0.01102300,0.06645002,0.98453928,-0.19087100,-0.07150600,-0.15058400,0.58187000,-0.27016200,0.26170500,-0.34858400,-0.33416000,-0.16319100,1.03797400,-0.16403000,0.26169300,0.24502007,-0.06335418,-0.26452400,0.68766700,-1.49992500,0.42646500,0.29861000,-0.25486700,-1.25289400,1.28414800,-0.57087700,-0.16568300
-0.12010400,0.44311500,0.69935838,-0.16640705,-0.01451200,0.06918002,0.98352032,-0.22597400,-0.07024600,-0.17099300,0.68621400,-0.34981200,0.26172600,-0.36788500,-0.37995200,-0.12112400,1.10400200,-0.20594700,0.26113000,0.25770973,-0.06388805,-0.27433900,0.68700100,-1.49985000,0.44128800,0.31653700,-0.26145000,-1.24201400,1.28473600,-0.55292900,-0.16651400
-0.12336500,0.43287000,0.68753862,-0.16749201,-0.02022800,0.07279600,0.98297406,-0.26764500,-0.08185600,-0.19065300,0.80570900,-0.40236500,0.26176100,-0.38042100,-0.42212400,-0.08053500,1.15393400,-0.24298000,0.24982900,0.26405529,-0.06414569,-0.28669600,0.68118500,-1.49988400,0.45542900,0.33741200,-0.26077600,-1.23339800,1.28449900,-0.52605300,-0.17185300
-0.12572300,0.42136300,0.67804367,-0.16630504,-0.02525401,0.07707302,0.98273324,-0.30217700,-0.09733200,-0.20870000,0.89751700,-0.43363000,0.26175200,-0.39924600,-0.44715300,-0.04097200,1.19252900,-0.28813300,0.22136600,0.26241516,-0.06168364,-0.29472800,0.67300000,-1.49974800,0.46376000,0.35714900,-0.24933100,-1.23202900,1.29272100,-0.49239600,-0.18774800
-0.12771100,0.40977000,0.67078707,-0.16292607,-0.02786201,0.08043403,0.98295939,-0.33319700,-0.11198400,-0.21840400,0.96846400,-0.45232800,0.26166200,-0.41970500,-0.45953500,-0.00142900,1.21858800,-0.33215800,0.19238900,0.25510710,-0.05722933,-0.29899600,0.66680900,-1.49672500,0.46589600,0.37191400,-0.23490300,-1.23300700,1.30286500,-0.45988600,-0.20007300
-0.12954800,0.39908900,0.66577049,-0.15811207,-0.02875801,0.08164803,0.98361941,-0.35669300,-0.11590500,-0.21847100,1.01677600,-0.47362500,0.26164200,-0.43293100,-0.46205000,0.02953600,1.22910500,-0.37014600,0.14767900,0.24553477,-0.05253894,-0.29523800,0.66683500,-1.48364600,0.45928700,0.37520200,-0.22366700,-1.22961800,1.31013100,-0.44027600,-0.19299300
-0.13097500,0.38897400,0.66237290,-0.15294804,-0.02903601,0.08064302,0.98451029,-0.37471600,-0.11373000,-0.21412500,1.04962600,-0.49351000,0.26163200,-0.43941700,-0.45595300,0.04986600,1.22477300,-0.40075300,0.10025400,0.23493637,-0.04924421,-0.28610200,0.67373500,-1.46222700,0.44845900,0.37510300,-0.22075100,-1.22571800,1.31903100,-0.42355300,-0.18373200
-0.13173100,0.37956900,0.65963948,-0.14785798,-0.02903300,0.07611399,0.98564789,-0.38956600,-0.11136500,-0.20954700,1.07403100,-0.51088800,0.26162600,-0.44040900,-0.44564600,0.05659800,1.20598100,-0.41732900,0.05861400,0.22371840,-0.05103000,-0.27547400,0.68897200,-1.43949700,0.44061100,0.37340900,-0.23420500,-1.22320100,1.33223400,-0.40213300,-0.18761400
-0.13204100,0.37038100,0.65771323,-0.14243298,-0.02859400,0.07245399,0.98673484,-0.40056100,-0.11119700,-0.20771300,1.09082400,-0.52502000,0.26170900,-0.43331800,-0.43457600,0.05003100,1.17412000,-0.42424100,0.03325400,0.21161050,-0.05626302,-0.26794900,0.70746700,-1.41945700,0.43291800,0.37248300,-0.25354600,-1.21982800,1.34398200,-0.37670100,-0.19450800
-0.13199500,0.36084800,0.65662896,-0.13639105,-0.02810001,0.07250802,0.98759833,-0.40729700,-0.11538500,-0.21035700,1.10155700,-0.53416400,0.26155800,-0.41631100,-0.42360300,0.03313300,1.13101000,-0.42439300,0.03824800,0.19722406,-0.06112728,-0.26923400,0.72535300,-1.40733000,0.42363700,0.37792500,-0.27054500,-1.21543100,1.34797400,-0.34689800,-0.19944900
-0.13173800,0.35131300,0.65613580,-0.12924398,-0.02778999,0.07429899,0.98843481,-0.41033000,-0.12244700,-0.21382400,1.10735900,-0.53999100,0.26161100,-0.39230700,-0.41226900,0.00992300,1.07837100,-0.42035300,0.06835200,0.18171616,-0.06487950,-0.27764200,0.74122500,-1.39909700,0.41261800,0.38544800,-0.28478700,-1.21197300,1.34723600,-0.31426600,-0.20126200
-0.13151500,0.34193200,0.65595174,-0.12075901,-0.02789300,0.07753501,0.98925607,-0.41015100,-0.13108400,-0.21624800,1.11024400,-0.54401900,0.26075300,-0.36246400,-0.40023300,-0.01771100,1.01778500,-0.42186200,0.12465800,0.16727557,-0.06561573,-0.29387900,0.75239900,-1.39217500,0.39804600,0.39289500,-0.29317500,-1.21234700,1.34104200,-0.27985500,-0.19484000
-0.13111000,0.33269300,0.65631500,-0.11217198,-0.02866700,0.08019099,0.99003286,-0.40701200,-0.13729800,-0.21701400,1.10981000,-0.54647100,0.25747800,-0.32998900,-0.38284100,-0.04455100,0.95159900,-0.42154000,0.19367700,0.15419047,-0.06385631,-0.31369900,0.75938600,-1.38674200,0.38444500,0.39908500,-0.30074700,-1.21147900,1.33421100,-0.24272900,-0.18439400
-0.13036700,0.32372000,0.65756110,-0.10416899,-0.02980600,0.08041700,0.99085495,-0.40188700,-0.13747300,-0.21487700,1.10510700,-0.54698200,0.24828500,-0.30001700,-0.35472900,-0.06307100,0.88181700,-0.40665200,0.25324600,0.14260446,-0.06037749,-0.33238900,0.76261900,-1.38178200,0.37585200,0.40194500,-0.31126400,-1.20428100,1.33164500,-0.20309600,-0.17193200
-0.12936500,0.31477500,0.65932454,-0.09700496,-0.03113099,0.07811096,0.99172556,-0.39619100,-0.13182900,-0.21020200,1.09819300,-0.54656400,0.23420700,-0.27310900,-0.31174400,-0.07584700,0.80977800,-0.38701900,0.26162300,0.13249849,-0.05364556,-0.35041100,0.76340500,-1.37730700,0.37093100,0.40284000,-0.32476900,-1.19233400,1.33361300,-0.16237300,-0.16020100
-0.12798300,0.30552300,0.66110442,-0.09114997,-0.03254599,0.07329697,0.99260264,-0.39100200,-0.12077400,-0.20379600,1.09148500,-0.54702600,0.21930400,-0.24633300,-0.25785400,-0.08145700,0.73237600,-0.36116500,0.26172400,0.12348554,-0.04391044,-0.36708100,0.76377700,-1.37329900,0.36929000,0.40299500,-0.34190900,-1.17596500,1.34300700,-0.12167500,-0.15327400
-0.12664400,0.29633700,0.66568223,-0.08588196,-0.03273998,0.06720897,0.99349652,-0.38867500,-0.10785000,-0.19661900,1.08502500,-0.54743900,0.20414900,-0.22658600,-0.21089500,-0.07505100,0.66650400,-0.34074500,0.26174200,0.11687309,-0.03312897,-0.38189500,0.76387000,-1.36764200,0.36822600,0.40095100,-0.36149900,-1.15835800,1.35546900,-0.08350000,-0.14953800
-0.12580500,0.28750000,0.67149492,-0.07976496,-0.03084099,0.06122497,0.99445356,-0.39128600,-0.09818900,-0.18940400,1.07944700,-0.54655200,0.18810200,-0.22155000,-0.19918500,-0.06539900,0.63612100,-0.33884000,0.26171200,0.11392378,-0.02404634,-0.39427600,0.76320000,-1.35798200,0.36400500,0.39382300,-0.38247700,-1.14281700,1.36995800,-0.05028100,-0.15053200
-0.12523700,0.27897000,0.67480997,-0.07386100,-0.02797800,0.05610500,0.99529594,-0.39621400,-0.09033500,-0.18464100,1.07480000,-0.54508100,0.17160500,-0.22895500,-0.20024300,-0.05652100,0.63172800,-0.34495700,0.26152200,0.11214633,-0.01760265,-0.40435100,0.76452100,-1.34585300,0.35990500,0.38679900,-0.40206700,-1.12891200,1.38406800,-0.02128300,-0.15291100
-0.12493200,0.27085900,0.67614054,-0.06971702,-0.02477701,0.05181101,0.99591227,-0.40259700,-0.08152800,-0.18437800,1.07195000,-0.54359600,0.15414000,-0.25097100,-0.19218200,-0.04278300,0.65055200,-0.34046600,0.26095100,0.11076016,-0.01306824,-0.41314300,0.77086200,-1.33153800,0.35886100,0.38509300,-0.41660400,-1.11804000,1.39483000,0.00549500,-0.15270400
-0.12468700,0.26303000,0.67878003,-0.06729398,-0.02175699,0.04820098,0.99633068,-0.40749600,-0.07110000,-0.18755700,1.06720400,-0.54167400,0.13718000,-0.27514700,-0.17898100,-0.02774700,0.67588000,-0.33221700,0.26039400,0.10897478,-0.01015443,-0.41822600,0.77894800,-1.31914200,0.36064200,0.38523800,-0.42737200,-1.10603800,1.40294000,0.02924700,-0.15280900
-0.12436500,0.25535200,0.68130917,-0.06665698,-0.01960999,0.04539898,0.99654966,-0.40662900,-0.05837500,-0.19350400,1.05595400,-0.53916700,0.12269900,-0.28779900,-0.16141200,-0.01515700,0.68775800,-0.32690100,0.25822700,0.10404314,-0.00966846,-0.41715400,0.78731900,-1.31315300,0.36738000,0.38690000,-0.43632500,-1.08664100,1.40851200,0.04716100,-0.15458000
-0.12376300,0.24792600,0.68380776,-0.06637598,-0.01849199,0.04426699,0.99664071,-0.40107800,-0.04622300,-0.20142600,1.03968000,-0.53458700,0.10969700,-0.29123200,-0.14564400,-0.00876600,0.69010100,-0.32207200,0.25324700,0.09656911,-0.01086708,-0.41182100,0.79360600,-1.31234500,0.37416100,0.38531500,-0.43885100,-1.06728300,1.41024700,0.06359700,-0.15972600
-0.12253000,0.24081800,0.68608492,-0.06600097,-0.01848999,0.04542398,0.99661359,-0.39157000,-0.03543400,-0.21117900,1.01879000,-0.52599000,0.09684500,-0.28486300,-0.13568600,-0.01559700,0.68214600,-0.31819800,0.24279300,0.08771056,-0.01247541,-0.40250900,0.79376400,-1.31754800,0.37574600,0.37413100,-0.43183900,-1.05382500,1.40788200,0.08198400,-0.17289200
-0.12098100,0.23397700,0.68825179,-0.06537703,-0.01850101,0.04866602,0.99650147,-0.38087100,-0.02731400,-0.22289700,0.99496300,-0.51545600,0.08606200,-0.27413400,-0.13010200,-0.03033100,0.66879700,-0.31488200,0.22893400,0.07805743,-0.01414940,-0.39235200,0.79113500,-1.32589400,0.37537100,0.35893100,-0.41326900,-1.04586400,1.39762700,0.10347100,-0.18596000
-0.11921100,0.22727900,0.69029458,-0.06390899,-0.01782500,0.05441099,0.99631188,-0.37165200,-0.02209400,-0.23457900,0.96950600,-0.50430000,0.07956400,-0.26387900,-0.12928500,-0.04949800,0.65526500,-0.31253600,0.21392700,0.06788209,-0.01439522,-0.38519600,0.78772200,-1.33621500,0.37494500,0.34465100,-0.38032100,-1.04396600,1.37530900,0.13000000,-0.19045900
-0.11753900,0.22103300,0.69240298,-0.06178002,-0.01593200,0.06053002,0.99612525,-0.36452600,-0.02448100,-0.25053300,0.94544700,-0.49521300,0.07688600,-0.25682500,-0.13091300,-0.06807800,0.64308200,-0.31028600,0.19953800,0.05765819,-0.01386482,-0.37891400,0.78093500,-1.34439600,0.37854800,0.32653100,-0.33943600,-1.04119300,1.34616800,0.16641600,-0.18962300
-0.11638300,0.21556100,0.69484925,-0.05870099,-0.01228200,0.06555999,0.99604480,-0.35911700,-0.04320300,-0.27967900,0.92568300,-0.49275400,0.08311600,-0.25631200,-0.13368000,-0.08042000,0.63465300,-0.30685800,0.18757000,0.04832642,-0.01430550,-0.37282900,0.76797400,-1.34312800,0.38808300,0.29985700,-0.29561300,-1.03576200,1.30774900,0.22236000,-0.17875200
-0.11552700,0.21064600,0.69704422,-0.05539400,-0.00843200,0.07027001,0.99595308,-0.35458300,-0.06961600,-0.31364500,0.91293400,-0.49193800,0.08484400,-0.25933000,-0.13676300,-0.08891400,0.63073900,-0.30414900,0.17820600,0.03963270,-0.01637673,-0.36762800,0.74747600,-1.34240400,0.40882800,0.26949600,-0.25761500,-1.01905500,1.27053100,0.29317400,-0.16700600
-0.11487000,0.20613300,0.69857547,-0.05258099,-0.00535600,0.07433399,0.99583182,-0.35137500,-0.09779600,-0.34649000,0.91070300,-0.49129900,0.06062000,-0.26466100,-0.13801200,-0.09335300,0.63279200,-0.30359500,0.17192100,0.03132681,-0.01985260,-0.36369300,0.72066600,-1.34591200,0.44607400,0.23873400,-0.23392600,-0.98647600,1.24622800,0.37499300,-0.16684200
-0.11449600,0.20215700,0.69949590,-0.05016802,-0.00252100,0.07753503,0.99572342,-0.35159300,-0.12199300,-0.36855700,0.91643600,-0.49026400,0.02778900,-0.27285600,-0.13824100,-0.09445000,0.63949600,-0.30537400,0.16785800,0.02382214,-0.02472430,-0.36267000,0.68274200,-1.36025600,0.49802000,0.20532000,-0.22409200,-0.94598500,1.23202300,0.46379800,-0.16719600
-0.11442500,0.19875800,0.69973637,-0.04822699,0.00041400,0.07953299,0.99566485,-0.35834100,-0.13561500,-0.36677500,0.93053200,-0.48153000,0.00046800,-0.28434700,-0.13801000,-0.09291900,0.64978000,-0.31034600,0.16546900,0.01722995,-0.03107475,-0.36281400,0.63388600,-1.38767700,0.56902600,0.16183100,-0.22779200,-0.89966900,1.23363800,0.54973300,-0.16520800
-0.11474900,0.19607700,0.69942006,-0.04695300,0.00328600,0.08027400,0.99566094,-0.37078200,-0.13758100,-0.34530500,0.94753700,-0.47224000,-0.01593500,-0.29864800,-0.13636900,-0.08932400,0.66387000,-0.31709600,0.16435800,0.01214155,-0.03815402,-0.37099800,0.58732700,-1.42192500,0.64499500,0.12314300,-0.24128500,-0.85919100,1.24679300,0.62546900,-0.15815900
-0.11572700,0.19445400,0.69854321,-0.04654499,0.00575800,0.08000099,0.99569084,-0.38918400,-0.12070500,-0.29791700,0.96234600,-0.47023800,-0.00819300,-0.31548600,-0.13335900,-0.08504300,0.68278100,-0.32474200,0.16422300,0.01111559,-0.04584225,-0.38580900,0.54579500,-1.47806400,0.70821200,0.10255700,-0.25608800,-0.83240300,1.26469800,0.68419700,-0.13364400
-0.11687800,0.19335100,0.69707548,-0.04869801,0.00780400,0.07791801,0.99573912,-0.40604000,-0.09293600,-0.24994500,0.97414900,-0.47534100,0.01209900,-0.33311300,-0.12474900,-0.08111800,0.70302500,-0.33179700,0.16448100,0.01178022,-0.05324703,-0.39734300,0.52061700,-1.49988500,0.75172200,0.13304000,-0.27933700,-0.82901400,1.29608200,0.71148100,-0.11847900
-0.11773500,0.19224300,0.69504290,-0.05479399,0.00961700,0.07396599,0.99570787,-0.41584600,-0.06584000,-0.23181000,0.97918100,-0.49140800,0.03620400,-0.34942200,-0.10686300,-0.07956600,0.72055600,-0.33723400,0.16211700,0.00941894,-0.06090523,-0.42433400,0.52055400,-1.49996600,0.77167400,0.24324900,-0.31839900,-0.85528500,1.35425900,0.69511600,-0.14085900
-0.11851200,0.19143700,0.69327864,-0.06180398,0.01104400,0.06926498,0.99562074,-0.42234800,-0.04121000,-0.22613200,0.98069000,-0.50810800,0.05685100,-0.36420300,-0.08796100,-0.08006200,0.73576800,-0.33764400,0.16323800,0.00584744,-0.07027531,-0.46328400,0.54169300,-1.49997900,0.75905200,0.35379800,-0.37066100,-0.90285800,1.42304400,0.63774300,-0.17651200
-0.11929900,0.19098800,0.69179801,-0.06850197,0.01192500,0.06407797,0.99551961,-0.42942800,-0.01888500,-0.22214100,0.98444300,-0.51481600,0.06242300,-0.37550700,-0.07250900,-0.08309200,0.74651400,-0.33482500,0.17091100,0.00205960,-0.08203788,-0.50775600,0.57991600,-1.49999100,0.70298500,0.39213800,-0.44270600,-0.96586300,1.48333500,0.53910200,-0.21206300
-0.11999900,0.19111800,0.69272510,-0.07328897,0.01265799,0.05847497,0.99551453,-0.43235000,-0.00119600,-0.21888700,0.98035900,-0.51139900,0.05972100,-0.38782000,-0.06382100,-0.08457500,0.75628400,-0.31316800,0.19321900,0.00016524,-0.09434275,-0.55102600,0.62486600,-1.49998400,0.62902800,0.39747200,-0.51584200,-1.03682800,1.49978700,0.42189900,-0.24195400
-0.12050800,0.19217400,0.69837319,-0.07437097,0.01366199,0.05226098,0.99576659,-0.42619700,0.00916400,-0.21263200,0.95746200,-0.49333300,0.05262200,-0.40625500,-0.06057100,-0.07241600,0.76743200,-0.25549300,0.23796600,0.00455522,-0.10400828,-0.60069900,0.67015100,-1.49998500,0.56361800,0.38135000,-0.57847400,-1.10356000,1.49992000,0.31134400,-0.22841300
-0.12092700,0.19380300,0.70561471,-0.07379097,0.01420699,0.04263598,0.99626062,-0.41089700,0.02018200,-0.19851600,0.91865700,-0.46534000,0.04406700,-0.42992200,-0.06090600,-0.06437300,0.78058000,-0.17695700,0.26158500,0.01357974,-0.10793926,-0.65783100,0.71087900,-1.49998600,0.51173400,0.35189800,-0.64532600,-1.16207100,1.49994900,0.21870100,-0.19220300
-0.12132800,0.19598600,0.71461073,-0.07135101,0.01339000,0.02710000,0.99699314,-0.38312100,0.03485700,-0.16810100,0.86461600,-0.43442100,0.04085000,-0.46156600,-0.07504300,-0.08180400,0.80046400,-0.07053600,0.26174200,0.02538843,-0.10238163,-0.71240000,0.74711400,-1.49998500,0.48333900,0.31489400,-0.71586000,-1.20702400,1.49996500,0.15480500,-0.15163300
-0.12169500,0.19810600,0.72086401,-0.06825202,0.01159700,0.00713100,0.99757522,-0.34577400,0.05365200,-0.12561500,0.79886000,-0.39767500,0.03631100,-0.49857800,-0.10053800,-0.10943200,0.83344700,0.02757700,0.26176300,0.03830777,-0.09064129,-0.76812700,0.77586800,-1.49998500,0.47661900,0.29054600,-0.79042300,-1.22945800,1.49997400,0.11649600,-0.11701500
-0.12206900,0.19959200,0.72096040,-0.06549398,0.00898300,-0.01565300,0.99768975,-0.29888300,0.07612600,-0.07560500,0.72185000,-0.35411600,0.02616700,-0.53613500,-0.13907300,-0.13759700,0.89054200,0.05977500,0.26176200,0.05013980,-0.07882376,-0.82316700,0.79357300,-1.49998500,0.49289400,0.30833700,-0.87272400,-1.22302600,1.49998000,0.10261400,-0.10035400
-0.12235000,0.20048100,0.72997816,-0.06236203,0.00579000,-0.03724802,0.99734149,-0.24996800,0.09411400,-0.02464900,0.64376400,-0.30014200,0.00758000,-0.57352700,-0.18181400,-0.15798100,0.96439500,0.06014100,0.26175500,0.06034039,-0.06951766,-0.87457500,0.79582600,-1.49998600,0.52765400,0.34076200,-0.96335900,-1.18491500,1.49998400,0.10969400,-0.10380100
-0.12225900,0.20031800,0.73963076,-0.05910802,0.00327700,-0.05457402,0.99675332,-0.21257100,0.10601400,0.01688300,0.57590100,-0.22954900,-0.02270500,-0.61286700,-0.22035100,-0.16719800,1.04595300,0.06607000,0.26174700,0.06776295,-0.06496996,-0.92348900,0.77627700,-1.49998700,0.57378800,0.37034900,-1.06690200,-1.11082200,1.49998600,0.13166400,-0.13743100
-0.12236400,0.19942900,0.74906210,-0.05451598,0.00255700,-0.06702397,0.99625763,-0.18703500,0.11010800,0.04441500,0.51796700,-0.15215800,-0.06398100,-0.65342600,-0.25790200,-0.16578000,1.12817100,0.06845100,0.26173400,0.07365715,-0.06492687,-0.97335700,0.73927100,-1.49998700,0.63048300,0.39284400,-1.17481900,-1.01319600,1.49998800,0.17246500,-0.18344900
-0.12325400,0.19808600,0.75732760,-0.04765002,0.00320500,-0.07402203,0.99611241,-0.17281200,0.10411600,0.05463700,0.47179300,-0.07574700,-0.11826900,-0.69216400,-0.29289400,-0.15326800,1.20408400,0.06341900,0.26175500,0.08011879,-0.06855542,-1.02539000,0.68855100,-1.49999300,0.69494100,0.39470300,-1.28487600,-0.90083100,1.49999500,0.23520900,-0.23093300
-0.12456800,0.19635500,0.76410086,-0.04036000,0.00424500,-0.07536399,0.99632992,-0.16764200,0.09307300,0.04307200,0.43797400,-0.00950600,-0.18504300,-0.72642700,-0.32666700,-0.13851000,1.27290500,0.05421500,0.26172900,0.08678738,-0.07341039,-1.08315100,0.62616400,-1.49999300,0.76425400,0.38805800,-1.39011600,-0.78262100,1.49999500,0.31432600,-0.27234600
-0.12625500,0.19435600,0.76858748,-0.03411201,0.00554200,-0.06879102,0.99703232,-0.17120300,0.07872500,0.00631400,0.41863000,0.03747900,-0.26045600,-0.75253900,-0.36420000,-0.13210900,1.33259000,0.04224800,0.26155300,0.09339623,-0.07551910,-1.14806800,0.55198600,-1.49998500,0.83457300,0.38266900,-1.47750100,-0.67517200,1.49998900,0.41455300,-0.30126300
-0.12799800,0.19213900,0.77052043,-0.02862199,0.00703200,-0.05966097,0.99778349,-0.17998200,0.06417500,-0.02114400,0.41375600,0.06625800,-0.26169200,-0.77295400,-0.39917300,-0.12824300,1.38019700,0.03063500,0.26060700,0.10064870,-0.07879120,-1.21272900,0.47437700,-1.49998300,0.90669700,0.37272000,-1.54512100,-0.56820900,1.49998800,0.52961200,-0.31460600
-0.12945000,0.18976400,0.77091706,-0.02380801,0.00857900,-0.05534702,0.99814643,-0.19233700,0.06425100,-0.04122000,0.42434200,0.08123200,-0.26169000,-0.79169900,-0.42042300,-0.11932800,1.41329100,0.01998700,0.26050100,0.10838451,-0.08322501,-1.27572100,0.40403200,-1.49997900,0.98313400,0.35975900,-1.59566400,-0.45840900,1.49998500,0.65394200,-0.30349000
-0.13065600,0.18728600,0.77139719,-0.01996500,0.00944400,-0.05375100,0.99831009,-0.20377400,0.08150000,-0.03915900,0.44453000,0.08349800,-0.26168600,-0.80525800,-0.43116300,-0.10775100,1.42846000,0.01951100,0.26149200,0.11579276,-0.08570246,-1.33647800,0.34127800,-1.49998600,1.05817000,0.33273700,-1.64049100,-0.35036600,1.49998900,0.77634000,-0.27368400
-0.13153100,0.18487200,0.76930444,-0.01687099,0.00876400,-0.05444997,0.99833550,-0.20440300,0.12649800,0.02427600,0.46834300,0.05176300,-0.22484200,-0.81111900,-0.43540900,-0.09455600,1.42102400,0.04341000,0.26128800,0.12142130,-0.08354225,-1.38964100,0.29029600,-1.49995400,1.13408600,0.28755700,-1.68492200,-0.25289400,1.49994800,0.89110900,-0.23514100
-0.13210900,0.18231400,0.76487484,-0.01415099,0.00677400,-0.05927297,0.99811852,-0.19336600,0.17774900,0.11335400,0.48734800,0.01166400,-0.12892000,-0.80677700,-0.42693300,-0.07507800,1.38985900,0.08014000,0.26166600,0.12314108,-0.07624520,-1.42921700,0.24510600,-1.49961100,1.21293800,0.21103200,-1.70643700,-0.16866100,1.43528000,0.98389300,-0.20739100
-0.13254700,0.17945000,0.75694500,-0.01150800,0.00351200,-0.06937302,0.99751823,-0.17609900,0.22519900,0.19306200,0.49469200,0.04422900,-0.04662300,-0.78852000,-0.40302600,-0.04516600,1.32975600,0.11856800,0.26149500,0.11847603,-0.06675380,-1.44795300,0.20297600,-1.39941800,1.30382200,0.13904000,-1.70348100,-0.10526100,1.25035300,1.03824000,-0.22856100
-0.13238400,0.17630800,0.75711355,-0.00811700,-0.00111000,-0.08057300,0.99671504,-0.15160800,0.25880600,0.24649500,0.49227900,0.08436100,-0.00182600,-0.75664900,-0.37092600,-0.00483300,1.25290000,0.16234900,0.26108400,0.10843976,-0.05416743,-1.45298200,0.17431100,-1.26656900,1.38532200,0.05824300,-1.69960600,-0.04743900,1.03758100,1.03541200,-0.22273800
-0.13110000,0.17303900,0.75217203,-0.00400000,-0.00779200,-0.09091402,0.99582023,-0.12655800,0.25597000,0.21447300,0.49056400,0.06140500,-0.03671000,-0.71069600,-0.32841100,0.05192500,1.16566900,0.22849200,0.26100600,0.09481256,-0.03464640,-1.43043900,0.14232900,-1.10992000,1.42322200,-0.05958000,-1.61993700,0.04364000,0.76933600,0.95832700,-0.12438000
-0.12907300,0.16890200,0.74382026,0.00080500,-0.01399800,-0.09763703,0.99512332,-0.10329100,0.23945000,0.14963300,0.49175800,-0.00125600,-0.10260400,-0.65439000,-0.29437400,0.10612900,1.08239000,0.27381700,0.25008100,0.07878763,-0.01152668,-1.39733000,0.10265300,-0.96930200,1.42232700,-0.15957300,-1.47192200,0.09541800,0.55899400,0.88606100,-0.02410500
-0.12603300,0.16301100,0.73280874,0.00634200,-0.01789699,-0.09732297,0.99507171,-0.07820200,0.22471700,0.09917100,0.48757900,-0.08858200,-0.14034700,-0.59016300,-0.27787100,0.14869100,1.02548600,0.23509700,0.25845800,0.06136029,0.01300469,-1.35295500,0.05484000,-0.89545100,1.39867800,-0.19009500,-1.37145100,0.13317100,0.46389200,0.82238600,-0.00669600
-0.12342000,0.15591600,0.72301577,0.01344300,-0.01893500,-0.09081401,0.99559709,-0.06722300,0.21040400,0.05685900,0.49014900,-0.17639500,-0.16357300,-0.53223800,-0.28274100,0.16624000,0.99088500,0.13769100,0.26018300,0.04378286,0.03950673,-1.32215000,0.00833600,-0.85794100,1.36615500,-0.17983700,-1.31791600,0.17817500,0.43273100,0.76244000,-0.01989000
-0.12227000,0.14783300,0.71396549,0.02257700,-0.01637400,-0.07761999,0.99659285,-0.08395100,0.19745600,0.02723600,0.51146500,-0.24489700,-0.17464400,-0.49110200,-0.31163800,0.14539200,0.97797800,-0.01572400,0.26114800,0.02747278,0.06633098,-1.32396400,-0.02883400,-0.86363800,1.34245900,-0.12934300,-1.29179400,0.17862800,0.46610100,0.75136000,-0.04292500
-0.12345700,0.13919700,0.70477949,0.03225700,-0.01028600,-0.05606499,0.99785290,-0.13497900,0.17962900,-0.01013100,0.55718700,-0.27887000,-0.18397400,-0.46448400,-0.35101400,0.10049600,0.97629000,-0.16811600,0.26131600,0.01441277,0.09300190,-1.34512000,-0.06040000,-0.87949500,1.32102800,-0.07034800,-1.29262200,0.14384200,0.53299300,0.75821100,-0.06811700
-0.12905300,0.13070700,0.70364515,0.04114102,0.00013200,-0.02143501,0.99892339,-0.23495600,0.14988300,-0.08856400,0.64292300,-0.25721800,-0.20538000,-0.45324600,-0.38934800,0.04514200,0.97382500,-0.24580000,0.26119700,0.00814744,0.12120308,-1.38603500,-0.08615400,-0.85936700,1.29220800,-0.03972900,-1.32295900,0.08669600,0.60205900,0.75587900,-0.08364000
-0.13658100,0.12153100,0.70711257,0.04522998,0.01200699,0.01764599,0.99874857,-0.35762500,0.12283300,-0.15605300,0.74207600,-0.18008300,-0.24382200,-0.44338400,-0.42019600,-0.02139100,0.96565500,-0.27946900,0.26165800,0.00603599,0.14226520,-1.43537700,-0.09965500,-0.83591500,1.26985000,-0.01503600,-1.36769400,0.00260200,0.67804200,0.75835100,-0.09605900
-0.14467500,0.11046100,0.71741642,0.04349401,0.02216801,0.05415902,0.99733828,-0.49189800,0.11399400,-0.16623900,0.82802200,-0.02207600,-0.26169500,-0.43062100,-0.43793400,-0.09371500,0.94858500,-0.28668900,0.26150100,0.00363605,0.14530727,-1.48064300,-0.10120600,-0.82901800,1.25855800,0.01669700,-1.44945300,-0.10147600,0.74104200,0.75086400,-0.11318700
-0.15209600,0.09903000,0.72418494,0.03908500,0.02924000,0.08937800,0.99480096,-0.62880400,0.13853500,-0.12702000,0.90742700,0.14600900,-0.26174800,-0.40730200,-0.45021900,-0.17332100,0.92069200,-0.28084800,0.26050200,-0.00083655,0.13510576,-1.52935400,-0.09794600,-0.83170500,1.24640600,0.05313400,-1.53736800,-0.15133100,0.82074600,0.74074300,-0.12390100
-0.15672300,0.08820400,0.72304725,0.03335001,0.03129801,0.11864104,0.99188332,-0.74919000,0.21573800,-0.02688500,0.98805300,0.26246100,-0.26175400,-0.36675100,-0.45685800,-0.25866000,0.87688400,-0.28407100,0.25359500,-0.01156957,0.12219211,-1.57770300,-0.09227600,-0.85133700,1.24039400,0.09455200,-1.59736100,-0.22255600,0.92518300,0.75761800,-0.12883400
-0.15980200,0.07873300,0.71534113,0.02887401,0.03222301,0.13830404,0.98944427,-0.84535200,0.32113100,0.08337200,1.07916600,0.31937200,-0.26175700,-0.32390700,-0.45489100,-0.33548300,0.81890700,-0.28461700,0.23791100,-0.02997059,0.11188468,-1.62377300,-0.07823300,-0.88403900,1.24179500,0.14263700,-1.72441900,-0.28028800,1.02160800,0.75686300,-0.14795400
-0.16155200,0.07179900,0.71041184,0.02707201,0.03370601,0.14613004,0.98832030,-0.91748800,0.42140200,0.16749500,1.19369400,0.26287000,-0.26171800,-0.28291300,-0.44474400,-0.39324800,0.74593900,-0.27399600,0.22138100,-0.05241257,0.10244435,-1.67533700,-0.05786200,-0.92320800,1.24171300,0.20046000,-1.81658700,-0.29880500,1.13597000,0.77105600,-0.15605300
-0.16284300,0.06677900,0.71702846,0.02573201,0.03543301,0.14673403,0.98820620,-0.97692900,0.50846200,0.21483700,1.32656100,0.16836500,-0.26170900,-0.24748200,-0.42789300,-0.43428800,0.66581400,-0.24601400,0.21127000,-0.07891271,0.09479269,-1.71907100,-0.03922200,-0.96948200,1.24255200,0.26192000,-1.87477000,-0.32338600,1.24719300,0.79711700,-0.16017400
-0.16492400,0.06363600,0.72577579,0.02323099,0.03795899,0.14276396,0.98875573,-1.04267200,0.55813400,0.20028000,1.46960000,0.12481200,-0.26101800,-0.22415300,-0.40469000,-0.46015300,0.58558900,-0.18894600,0.20914500,-0.11076796,0.09247896,-1.74721700,-0.03328500,-1.02581100,1.24587100,0.32345900,-1.93482300,-0.33473700,1.33321700,0.81590200,-0.17168800
-0.16690600,0.06190800,0.73516530,0.01982501,0.03996201,0.13557504,0.98976230,-1.10463700,0.59190500,0.16863400,1.61086900,0.10684100,-0.24073300,-0.20697200,-0.37727100,-0.46821300,0.50653500,-0.11541600,0.21773700,-0.14254208,0.09039803,-1.76370900,-0.03693000,-1.08071300,1.25144800,0.37999000,-1.97643700,-0.33595600,1.39567800,0.83819000,-0.17919400
-0.16818000,0.06119800,0.74435384,0.01566800,0.04072099,0.12655298,0.99099983,-1.15104900,0.63110700,0.14647300,1.74178800,0.09465800,-0.20047800,-0.19137600,-0.34661100,-0.45374300,0.42954400,-0.03221100,0.24023800,-0.17179666,0.08366506,-1.75698500,-0.03921000,-1.12659100,1.26377900,0.42720100,-1.99302900,-0.31867500,1.42612200,0.86721600,-0.16797000
-0.16917400,0.06132900,0.75238438,0.01284000,0.04215101,0.11755504,0.99208832,-1.18591700,0.66175100,0.12537700,1.85894200,0.08774100,-0.17642500,-0.18206800,-0.31827000,-0.41679600,0.36240800,0.04400600,0.25966600,-0.19835207,0.07565965,-1.73623600,-0.03697400,-1.15354500,1.27853200,0.46197700,-1.99423400,-0.29265500,1.43178000,0.90180800,-0.15966200
-0.17000900,0.06203200,0.75980480,0.01295000,0.04522401,0.11011401,0.99280511,-1.20742700,0.68523300,0.11448200,1.95973900,0.08330900,-0.17398600,-0.18139700,-0.29712700,-0.35489500,0.31261200,0.09418900,0.26119600,-0.21946780,0.06925546,-1.70908400,-0.02341600,-1.14787600,1.29588400,0.47722400,-1.99082200,-0.26482700,1.42158200,0.93941000,-0.17208500
-0.17100500,0.06321900,0.76648599,0.01477900,0.04976800,0.10389801,0.99323206,-1.21763400,0.70277800,0.11078200,2.03723100,0.08039500,-0.17884400,-0.18619400,-0.28560900,-0.28529700,0.28790800,0.11391400,0.26160100,-0.23512667,0.06681953,-1.68659600,-0.01543800,-1.11914500,1.29729600,0.47490600,-1.97749500,-0.23785600,1.39114400,0.98032400,-0.19538800
-0.17255800,0.06479900,0.77017738,0.01830400,0.05593300,0.10087499,0.99315694,-1.21957300,0.71435000,0.11549700,2.08504400,0.07304100,-0.16671300,-0.19896300,-0.29020500,-0.22602000,0.30253400,0.08561300,0.26108400,-0.24340271,0.07167050,-1.66838100,-0.01628800,-1.07246600,1.27694300,0.45943800,-1.95484400,-0.21656900,1.34190500,1.02447500,-0.22953300
-0.17457400,0.06657000,0.77151658,0.02077100,0.06143101,0.09765801,0.99310509,-1.20958000,0.72456400,0.12666700,2.09794200,0.06706600,-0.15525500,-0.21505900,-0.29946000,-0.18540300,0.33967500,0.04433100,0.26049000,-0.24470834,0.08118476,-1.62876900,0.00652800,-1.00313900,1.26093800,0.42973800,-1.92581400,-0.20015900,1.26235100,1.05896000,-0.25809300
-0.17725800,0.06828200,0.77064189,0.02028400,0.06430800,0.09172100,0.99349902,-1.18234700,0.74094100,0.14304300,2.06609600,0.06684000,-0.16714900,-0.22509800,-0.30936600,-0.18498100,0.38003900,0.02874400,0.25844000,-0.23989668,0.09197500,-1.56922400,0.02601900,-0.90813800,1.24354400,0.37527600,-1.88955500,-0.18630700,1.14172000,1.07524300,-0.26497300
-0.18012400,0.07002400,0.76755319,0.01669000,0.06514899,0.08635499,0.99399189,-1.14666300,0.74333000,0.16005100,1.99515500,0.08178900,-0.18638100,-0.22764400,-0.31899300,-0.20809100,0.41726200,0.03183000,0.25750200,-0.22953391,0.10157913,-1.49756900,0.02197800,-0.80531000,1.22365900,0.30792400,-1.84202900,-0.17842500,0.99433700,1.07068500,-0.25317000
-0.18290700,0.07165200,0.76234073,0.00917800,0.06490098,0.08305897,0.99438666,-1.11449200,0.71098300,0.16032800,1.88425400,0.12935100,-0.19708100,-0.22479200,-0.32142300,-0.24631100,0.44994000,0.05629900,0.25547800,-0.21656583,0.10647139,-1.41691600,0.01451800,-0.70041200,1.20875400,0.23389500,-1.78201200,-0.17073200,0.82256600,1.03757300,-0.21864100
-0.18513100,0.07346500,0.75525762,0.00027800,0.06325800,0.08373700,0.99447799,-1.07300600,0.65409800,0.14697500,1.74845600,0.18552800,-0.19642500,-0.21103500,-0.32070100,-0.29273500,0.47002800,0.08260600,0.25580400,-0.19984441,0.10591325,-1.33752600,-0.00478500,-0.61078300,1.19605700,0.16741100,-1.70557600,-0.15272300,0.64873700,0.98832200,-0.17155500
-0.18604000,0.07577500,0.74829610,-0.00788000,0.06009200,0.08957999,0.99413394,-1.01048600,0.57475200,0.12890900,1.59845800,0.22455900,-0.18043800,-0.18192900,-0.31641400,-0.33591900,0.46317300,0.09222000,0.25910600,-0.17864178,0.10204620,-1.26260000,-0.03772900,-0.55804200,1.18864400,0.12362000,-1.61176100,-0.11840900,0.48884000,0.93488600,-0.10923900
-0.18620000,0.07842300,0.74430491,-0.01513001,0.05629602,0.09723904,0.99355242,-0.93314900,0.48751100,0.09471900,1.44529500,0.25541300,-0.16370900,-0.14517000,-0.30749800,-0.37341000,0.44347600,0.07640600,0.26116700,-0.15674323,0.09572169,-1.20346900,-0.07026600,-0.53598200,1.18618400,0.10326400,-1.52322600,-0.07143900,0.36108400,0.88516400,-0.05083900
-0.18569200,0.08095000,0.73554672,-0.02055000,0.05248100,0.10559299,0.99281094,-0.84908400,0.41132800,0.05052300,1.29985200,0.30170100,-0.15719400,-0.10455900,-0.29743800,-0.39926200,0.42164500,0.00939900,0.26090900,-0.13622850,0.08926397,-1.17721600,-0.09574200,-0.55585400,1.18967300,0.12080900,-1.45219200,-0.03060300,0.28426900,0.85389700,-0.01688300
-0.18521600,0.08463400,0.72427147,-0.02644700,0.04790400,0.10942300,0.99248797,-0.75717700,0.35155400,0.00109800,1.17485200,0.30282800,-0.17211900,-0.06959600,-0.28394200,-0.41024500,0.40663200,-0.07803900,0.26149600,-0.11780511,0.08080528,-1.16908700,-0.11579300,-0.59103100,1.20081800,0.15058200,-1.40837700,0.00297300,0.25170500,0.83810500,-0.00313300
-0.18527900,0.09074700,0.72517763,-0.03567101,0.04124101,0.10477203,0.99300029,-0.65330600,0.31670700,-0.05012200,1.09558500,0.16674300,-0.22668200,-0.04543800,-0.26608600,-0.40893500,0.40560800,-0.15845600,0.26171800,-0.10233467,0.06604927,-1.16973100,-0.12822300,-0.61470000,1.21957500,0.17124500,-1.39926400,0.01628100,0.27406000,0.84401100,-0.02638200
-0.18656900,0.09894900,0.71719254,-0.04734801,0.03517101,0.09280102,0.99393618,-0.56111800,0.32439300,-0.06527400,1.05234400,-0.02293700,-0.25934900,-0.04324900,-0.24669500,-0.38485600,0.42209500,-0.21697300,0.26170500,-0.08718065,0.04294680,-1.18137400,-0.12410600,-0.63563300,1.23989900,0.19176600,-1.41592700,0.02360200,0.32570100,0.85813900,-0.05523600
-0.19039600,0.10966500,0.70511460,-0.06225201,0.03181300,0.06984601,0.99510510,-0.50116900,0.37224800,-0.02177700,1.03213500,-0.20252700,-0.25113200,-0.07846000,-0.21885000,-0.32102100,0.46500600,-0.23404000,0.26173200,-0.06870032,0.01146888,-1.19830900,-0.10341200,-0.65455200,1.25681700,0.21034400,-1.44941800,0.04668200,0.37865200,0.86417300,-0.05508700
-0.19541800,0.12185700,0.69750108,-0.07880501,0.02861000,0.03899600,0.99571610,-0.45060000,0.42818200,0.05100400,1.01777800,-0.35537100,-0.20597900,-0.14428500,-0.18302800,-0.23585000,0.53801400,-0.20481700,0.26168200,-0.04793014,-0.02496021,-1.22046100,-0.06772900,-0.67748600,1.27577000,0.23302600,-1.50002600,0.07952800,0.44288200,0.86833700,-0.05104600
-0.20092900,0.13476500,0.70250539,-0.09480700,0.02458500,-0.00035400,0.99519198,-0.39397800,0.47562900,0.12653300,0.99122400,-0.42727300,-0.16798800,-0.24225300,-0.14267000,-0.13486100,0.65096000,-0.10168000,0.26172200,-0.02822512,-0.06824746,-1.25178500,-0.01467100,-0.71139900,1.30344300,0.26806700,-1.57590100,0.11122900,0.51800000,0.86491800,-0.06097100
-0.20630700,0.14818000,0.70580459,-0.10598397,0.02102699,-0.03870599,0.99339172,-0.33817600,0.50549300,0.20502000,0.95642900,-0.44728600,-0.13801100,-0.35217800,-0.12249800,-0.07264200,0.77308700,0.03174700,0.26148000,-0.00921034,-0.10654709,-1.27583000,0.04343500,-0.75623800,1.33409800,0.31229400,-1.65551400,0.11311500,0.59445400,0.86715200,-0.07338300
-0.21078800,0.16172900,0.70422076,-0.10935505,0.01947401,-0.06522203,0.99166946,-0.29507400,0.50661900,0.27118300,0.91812900,-0.43836100,-0.11587900,-0.46572200,-0.16200600,-0.08737400,0.88476200,0.15829500,0.26171800,0.00920712,-0.12253364,-1.30255500,0.07424400,-0.81217100,1.34203800,0.36433800,-1.72140400,0.08107000,0.67489600,0.88819600,-0.08190800
-0.21406000,0.17448000,0.70550667,-0.10764901,0.01803400,-0.08707700,0.99020405,-0.25375600,0.49290200,0.33418700,0.87396200,-0.41079100,-0.10253400,-0.57756500,-0.23717500,-0.12118500,0.99426200,0.24386300,0.26177500,0.02814936,-0.12520691,-1.33984000,0.06313200,-0.87801300,1.33483500,0.42131600,-1.78173400,0.04634700,0.76185500,0.91010400,-0.09315600
-0.21526200,0.18533800,0.71237676,-0.10199496,0.01447399,-0.10563396,0.98905460,-0.20318900,0.46948700,0.39985800,0.81788900,-0.38385500,-0.09475400,-0.67423900,-0.31855600,-0.14058000,1.10418400,0.21545700,0.26177100,0.05098932,-0.12388463,-1.36578400,0.06238800,-0.94829000,1.34030800,0.48607300,-1.83221200,0.02588500,0.84581800,0.93330200,-0.10532000
-0.21528000,0.19474900,0.71958006,-0.09448595,0.01116099,-0.12030294,0.98816752,-0.15388900,0.43969600,0.46015000,0.75559300,-0.34730400,-0.10173700,-0.76601100,-0.40123300,-0.14789100,1.21749200,0.13952800,0.26172400,0.07685888,-0.11979083,-1.40189800,0.06656900,-1.00785700,1.33639200,0.54497000,-1.87747200,0.01377400,0.93409800,0.95971300,-0.12670200
-0.21460600,0.20277600,0.72818887,-0.08628898,0.00944700,-0.13143696,0.98751673,-0.11176400,0.40631400,0.50914100,0.68940600,-0.29358800,-0.13552200,-0.85888400,-0.48001500,-0.14533700,1.33162900,0.08356100,0.26168900,0.10348469,-0.11485106,-1.41528800,0.06096200,-1.04614900,1.33270100,0.58151600,-1.92344900,0.00783700,1.04229500,0.98510700,-0.17226300
-0.21352100,0.20960800,0.73716417,-0.07759103,0.00914900,-0.13943406,0.98714440,-0.08257600,0.37042400,0.53695900,0.62841900,-0.22775800,-0.18293300,-0.94981600,-0.55455500,-0.13323200,1.43857000,0.04913200,0.26156700,0.13041650,-0.10966303,-1.41547700,0.06157700,-1.06203700,1.32846900,0.60108300,-1.96141300,0.00973000,1.13800300,1.01118900,-0.22118400
-0.21246000,0.21544900,0.74659413,-0.06878498,0.01101000,-0.14458196,0.98703772,-0.07443800,0.33569400,0.53577700,0.58336900,-0.14845500,-0.23713200,-1.04050100,-0.62353700,-0.11333100,1.53386000,0.05501400,0.26169600,0.15788868,-0.10554352,-1.42184700,0.06767100,-1.05086600,1.31113200,0.60157500,-1.98685100,0.02012100,1.19651700,1.03962200,-0.25680600
-0.21144600,0.22030200,0.75508458,-0.06122197,0.01413599,-0.14665893,0.98718955,-0.08266600,0.30171200,0.50848800,0.55398300,-0.07388400,-0.26141500,-1.12117100,-0.68179100,-0.08940300,1.61349200,0.08461500,0.26164200,0.18439443,-0.10368198,-1.42477600,0.07470600,-1.01321900,1.29071300,0.58403800,-2.00025400,0.03193100,1.21576600,1.06656300,-0.28099400
-0.21063400,0.22404100,0.76099832,-0.05601498,0.01731600,-0.14616196,0.98752173,-0.09992200,0.27144700,0.45233100,0.54317700,-0.01702500,-0.26142200,-1.18140900,-0.72198700,-0.07116900,1.67372900,0.12699900,0.26069100,0.20666128,-0.10421138,-1.42295300,0.07927400,-0.94304600,1.27448800,0.54461200,-1.99866900,0.03894600,1.18261300,1.08662700,-0.28345300
-0.21006900,0.22727500,0.76379622,-0.05229098,0.02075899,-0.14378995,0.98800768,-0.12174700,0.24857600,0.38386400,0.55166100,0.01746500,-0.26155700,-1.22103100,-0.74548400,-0.05930800,1.71313900,0.17275200,0.26089500,0.22444196,-0.10632341,-1.41684700,0.08949000,-0.85837500,1.25716500,0.49944500,-1.98774900,0.04065400,1.11416100,1.09816200,-0.27742800
-0.20990700,0.23064000,0.76197212,-0.05033600,0.02428200,-0.14092901,0.98844104,-0.14752600,0.24161900,0.32135500,0.58698500,0.01779900,-0.26157000,-1.23924900,-0.74528900,-0.05086400,1.73025800,0.20848800,0.26151900,0.23753995,-0.10776209,-1.39998600,0.09895100,-0.78166800,1.23938700,0.46442700,-1.97180700,0.03419900,1.02451400,1.10066600,-0.27514400
-0.20998300,0.23385600,0.76125376,-0.04914100,0.02669100,-0.13923501,0.98867910,-0.17216500,0.23869800,0.27125100,0.63218800,0.00459900,-0.24328100,-1.23146600,-0.73116100,-0.05465900,1.72361100,0.23575100,0.25989800,0.24432291,-0.10731175,-1.37612200,0.10203600,-0.69774400,1.21787200,0.42630300,-1.93903400,0.02109000,0.91484000,1.08895300,-0.26430900
-0.21024900,0.23698000,0.76181528,-0.04768902,0.02704701,-0.14019806,0.98860443,-0.18545200,0.23537100,0.23992700,0.66791200,-0.00760500,-0.22961000,-1.19024000,-0.71145700,-0.07562200,1.68713700,0.24688000,0.25843300,0.24244871,-0.10513674,-1.33952300,0.11142200,-0.59540200,1.19722900,0.37839400,-1.88762100,0.01718500,0.78880700,1.05368800,-0.23679100
-0.21050300,0.23964100,0.76055482,-0.04570201,0.02450701,-0.14367504,0.98826526,-0.18678600,0.22770500,0.21100500,0.68979000,-0.00767400,-0.22459900,-1.12561800,-0.68664500,-0.10264300,1.62844900,0.25484300,0.25818100,0.23352424,-0.10018789,-1.28784700,0.10987700,-0.48873500,1.17654100,0.32221800,-1.81283700,0.01856200,0.65498500,1.00866200,-0.19732700
-0.21064200,0.24149100,0.75764245,-0.04281700,0.01833800,-0.14970499,0.98763295,-0.17486600,0.20584800,0.17396800,0.68703400,0.03224000,-0.21423000,-1.04635300,-0.66521500,-0.13039600,1.55378900,0.27736400,0.25348200,0.21861739,-0.09236670,-1.22051200,0.09100100,-0.37679100,1.14798200,0.25128200,-1.71362300,0.05187400,0.52110200,0.96149100,-0.13731000
-0.21026100,0.24271600,0.75859368,-0.03885702,0.00997800,-0.15693107,0.98679441,-0.15173200,0.17565400,0.13219800,0.66966200,0.07545000,-0.20122200,-0.95490100,-0.64779400,-0.16053500,1.46571700,0.30506400,0.24342200,0.19859098,-0.08296373,-1.14889400,0.06581000,-0.28004700,1.12105600,0.18408400,-1.62929600,0.10210700,0.39804000,0.90594400,-0.07810900
-0.20878000,0.24319100,0.75904649,-0.03358900,0.00124200,-0.16358102,0.98595714,-0.12160800,0.13643600,0.07907100,0.64578800,0.08155700,-0.17959100,-0.85599900,-0.63577800,-0.19719900,1.36728800,0.32868100,0.22931600,0.17609815,-0.07202584,-1.08666300,0.02829900,-0.22038600,1.10188400,0.13170800,-1.54321400,0.13879000,0.30267000,0.86758000,-0.03836200
-0.20675100,0.24307300,0.75580118,-0.02769299,-0.00695500,-0.16905693,0.98519261,-0.09090400,0.09784400,0.02803900,0.63017900,0.05368000,-0.16263100,-0.75302600,-0.62464800,-0.24067600,1.26488300,0.35048300,0.20774700,0.15195424,-0.06092966,-1.04255200,-0.00348600,-0.19708200,1.08886800,0.10466500,-1.48010900,0.19892900,0.23304800,0.83391300,-0.00741900
-0.20439100,0.24250900,0.74637001,-0.02190101,-0.01460901,-0.17248408,0.98466043,-0.06489000,0.07017300,-0.00218100,0.64066200,-0.02052700,-0.17331300,-0.65218600,-0.60070200,-0.27852500,1.16295400,0.40282600,0.17581000,0.12823912,-0.05108815,-1.02576400,-0.01206500,-0.22023600,1.08676500,0.12386800,-1.43570700,0.22680000,0.18536200,0.81892600,0.01006800
-0.20214400,0.24138700,0.73317384,-0.01667000,-0.02042400,-0.17445098,0.98431287,-0.04783000,0.05249400,-0.01378000,0.66893100,-0.12070400,-0.18549000,-0.55259800,-0.57786400,-0.32336600,1.06956500,0.40730300,0.14273000,0.10468682,-0.04199133,-1.03229100,-0.00730300,-0.27366100,1.09009400,0.17105600,-1.40535200,0.22680000,0.16425500,0.82322700,0.02000200
-0.20044300,0.23920400,0.71975440,-0.01209000,-0.02417400,-0.17559102,0.98409209,-0.04121900,0.04311300,-0.00547600,0.71048000,-0.22750700,-0.16769700,-0.43833400,-0.56558600,-0.40340700,0.99344600,0.22518000,0.12491100,0.07733278,-0.03460107,-1.06369900,0.00961600,-0.35256600,1.09320100,0.24412300,-1.40770300,0.22680000,0.17212300,0.83515500,0.02827300
-0.19952200,0.23731200,0.70806864,-0.00740600,-0.02668401,-0.17293806,0.98454332,-0.04554200,0.03371700,0.00300500,0.75909200,-0.32950500,-0.13958200,-0.34541200,-0.56310100,-0.48056300,0.95292500,0.00401400,0.11825000,0.05239012,-0.03162081,-1.11072600,0.02281900,-0.43958200,1.09981100,0.32015800,-1.43136800,0.22680000,0.20739000,0.85807700,0.02434200
-0.19996100,0.23692800,0.69734736,-0.00318000,-0.02597800,-0.16291401,0.98629309,-0.06894800,0.02248400,-0.00681400,0.81078500,-0.40886400,-0.11833500,-0.31926000,-0.57766300,-0.51423700,0.96832200,-0.11751300,0.11148700,0.03740006,-0.03564646,-1.16612800,0.02005800,-0.51034300,1.11173700,0.37224500,-1.48204800,0.19514500,0.27117600,0.88237600,-0.00389400
-0.20102900,0.23830400,0.69080091,-0.00017900,-0.02337701,-0.14881706,0.98858837,-0.09765900,0.01022400,-0.02579600,0.85373700,-0.46531300,-0.10168800,-0.34071800,-0.60903200,-0.51529600,1.02083100,-0.14095100,0.11515000,0.03392749,-0.04442618,-1.22494600,0.00554000,-0.57286300,1.13387200,0.41196000,-1.53914000,0.13293300,0.36201800,0.92033500,-0.04575000
-0.20228500,0.24289500,0.69274859,0.00180800,-0.02120801,-0.13188604,0.99103634,-0.11843400,-0.00656300,-0.05195600,0.87399000,-0.49505100,-0.08723100,-0.40947100,-0.66048800,-0.47549500,1.10482500,-0.00515000,0.14580300,0.04926161,-0.05390361,-1.28172500,-0.03059900,-0.62365100,1.16675900,0.43638700,-1.60212200,0.04756900,0.47943100,0.96937800,-0.10289900
-0.20363700,0.24786500,0.69509627,-0.00129000,-0.01824899,-0.11869195,0.99276258,-0.12855600,-0.01110000,-0.07464000,0.87061900,-0.49954700,-0.07621800,-0.50469500,-0.69566800,-0.40349800,1.18773800,0.19269300,0.19683400,0.07563400,-0.06462104,-1.33444400,-0.06641100,-0.66703300,1.20825200,0.45869000,-1.69502300,0.01594300,0.60644700,0.99718900,-0.15575200
-0.20496600,0.25064000,0.69565261,-0.01061700,-0.01546700,-0.11811496,0.99282270,-0.11817700,0.01079700,-0.07547100,0.83432700,-0.48093300,-0.06791800,-0.59205900,-0.68941300,-0.32881600,1.23365400,0.36135100,0.24712900,0.09733145,-0.07760472,-1.37633500,-0.08379500,-0.70963000,1.25931400,0.49195700,-1.77346000,0.01407400,0.71983600,1.02073700,-0.18102300
-0.20592200,0.25179500,0.69533162,-0.01945900,-0.01344100,-0.12288698,0.99213884,-0.10042500,0.03811300,-0.06412300,0.78205900,-0.43643900,-0.06830400,-0.66857600,-0.67235300,-0.26875600,1.26632800,0.46737100,0.26045700,0.11389730,-0.08791895,-1.40982900,-0.09537000,-0.75335300,1.31056100,0.53401200,-1.82092900,0.00070900,0.82412900,1.05248800,-0.19759300
-0.20587200,0.25076300,0.70775307,-0.02472300,-0.01009200,-0.12677598,0.99157187,-0.09197100,0.05739800,-0.05761900,0.73321500,-0.36280300,-0.08578300,-0.73497000,-0.65192400,-0.21718500,1.30398800,0.42973800,0.25239200,0.12540694,-0.09520001,-1.44071700,-0.11137100,-0.80937400,1.35149800,0.59073400,-1.86122100,0.00647100,0.91781500,1.08205700,-0.21017700
-0.20556500,0.24834600,0.72131069,-0.02565201,-0.00519100,-0.12876706,0.99132945,-0.09229800,0.06732400,-0.05776500,0.68580600,-0.26961800,-0.11443600,-0.79717600,-0.64285000,-0.17927600,1.34795300,0.33444000,0.23099300,0.13428006,-0.09956682,-1.46481600,-0.13282900,-0.86023600,1.38247100,0.64636500,-1.89845900,0.02181300,1.00016400,1.10891800,-0.22696100
-0.20551500,0.24510600,0.73537161,-0.02096301,0.00044600,-0.12499005,0.99193641,-0.10158800,0.06227400,-0.07146900,0.63975500,-0.15898300,-0.15477200,-0.85800800,-0.66010300,-0.14938400,1.39588100,0.27652900,0.23886700,0.14776254,-0.10015547,-1.48705900,-0.14461900,-0.89504000,1.39421000,0.68920100,-1.93028500,0.03478900,1.07831800,1.13769500,-0.26258400
-0.20575800,0.24137100,0.74838733,-0.01562001,0.00728300,-0.11872704,0.99277735,-0.11752800,0.05303000,-0.09409100,0.59875900,-0.04854100,-0.19932500,-0.91511800,-0.68363000,-0.12524700,1.44057000,0.22987900,0.25166400,0.16456022,-0.10028735,-1.51879100,-0.14419500,-0.90854200,1.38539300,0.71131400,-1.95626900,0.04912800,1.13521200,1.16156700,-0.29846600
-0.20663400,0.23769400,0.75876916,-0.01257100,0.01529400,-0.11262097,0.99344078,-0.13805600,0.04885000,-0.12003100,0.56629000,0.04259200,-0.24403200,-0.96516100,-0.69898200,-0.10925100,1.48088400,0.16990800,0.25403000,0.18195895,-0.10172463,-1.53613800,-0.13289900,-0.87928200,1.37596500,0.69695100,-1.97634400,0.05632100,1.15423700,1.17454600,-0.31962400
-0.20778700,0.23378900,0.76656455,-0.01124800,0.02377401,-0.10599904,0.99401835,-0.16414700,0.05359000,-0.12439100,0.54689500,0.11503000,-0.25982000,-1.00934700,-0.70550400,-0.09599900,1.51475200,0.12105500,0.24656200,0.19974101,-0.10496202,-1.54291200,-0.10750600,-0.82346600,1.36286100,0.66269500,-1.99269500,0.05837200,1.13993000,1.17547000,-0.32886900
-0.20903700,0.22945500,0.77166072,-0.01202600,0.03256001,-0.09973702,0.99440824,-0.19794100,0.08394500,-0.07529900,0.54516200,0.16587000,-0.24434000,-1.05232400,-0.69454000,-0.07854900,1.53931600,0.11394500,0.21650700,0.21625673,-0.10949543,-1.54605800,-0.07098700,-0.74703800,1.34498100,0.61647300,-2.00643200,0.05536600,1.08825300,1.16436400,-0.32266500
-0.21020600,0.22497100,0.77600325,-0.01349900,0.04079801,-0.09565802,0.99448622,-0.22980400,0.12559000,0.00346900,0.55715100,0.18370000,-0.20196000,-1.08821500,-0.67018200,-0.06156600,1.54862700,0.12925000,0.18691900,0.22946453,-0.11212532,-1.54148000,-0.02696900,-0.66008100,1.31717200,0.56669800,-2.01014400,0.04849500,1.00892700,1.14209900,-0.30797100
-0.21104300,0.22080800,0.77958612,-0.01461400,0.04736801,-0.09547002,0.99419725,-0.25533400,0.16484500,0.07700100,0.58836600,0.16112900,-0.19160500,-1.11210900,-0.63177200,-0.04237500,1.53728800,0.15656500,0.18501800,0.23880613,-0.11115703,-1.52748800,0.01636200,-0.58141700,1.28125900,0.53058700,-1.99913000,0.04164800,0.91018900,1.10769000,-0.29142000
-0.21156400,0.21622900,0.78068581,-0.01590000,0.05204799,-0.09820698,0.99367680,-0.27325200,0.19106600,0.12296300,0.62628800,0.12468200,-0.19641500,-1.11712600,-0.58518800,-0.02823500,1.50482200,0.18449600,0.19775500,0.24044205,-0.10679895,-1.49926400,0.05495200,-0.49692900,1.24598800,0.49339500,-1.96718000,0.03058300,0.79265500,1.06288100,-0.26934500
-0.21187900,0.21041900,0.78010036,-0.01745500,0.05420400,-0.10293200,0.99305702,-0.28317900,0.17771900,0.10380700,0.65759500,0.09648300,-0.20768600,-1.09398100,-0.54300500,-0.02930400,1.44589000,0.19002600,0.21614600,0.22758445,-0.10022444,-1.45081000,0.08039100,-0.39731100,1.21490400,0.44045600,-1.90676000,0.01554300,0.66080300,1.00992300,-0.23524900
-0.21144100,0.20411600,0.77724529,-0.01698401,0.05354202,-0.10708103,0.99266230,-0.27922100,0.14338800,0.06071100,0.67080900,0.08246700,-0.22617600,-1.05214100,-0.50364300,-0.02959700,1.36777200,0.19126700,0.23934300,0.20507999,-0.09642801,-1.39035000,0.08447200,-0.30323300,1.19203000,0.38426500,-1.84697700,0.03859100,0.53115400,0.94193700,-0.19633700
-0.20967900,0.19781500,0.77188800,-0.01437500,0.04984900,-0.10978000,0.99260102,-0.25499900,0.11118000,0.02365300,0.64863200,0.10729600,-0.25106000,-0.99652000,-0.46545900,-0.02283600,1.27555700,0.20678800,0.25713600,0.17944958,-0.09643886,-1.32561100,0.07532100,-0.22482000,1.17386700,0.33133400,-1.78040800,0.09981400,0.41999100,0.87145100,-0.15868300
-0.20679500,0.19140300,0.76509667,-0.01117400,0.04445300,-0.11102501,0.99276005,-0.21546900,0.08541400,-0.00799500,0.60603800,0.13545700,-0.25856000,-0.93002600,-0.42618200,-0.00999800,1.17422000,0.23111500,0.26118000,0.15353034,-0.09842126,-1.26159000,0.05893900,-0.16669200,1.15948300,0.28779600,-1.68568800,0.09917300,0.33164500,0.83034100,-0.13389900
-0.20259800,0.18509800,0.76558189,-0.00831200,0.03882901,-0.11035003,0.99309923,-0.16405600,0.07534500,-0.02407900,0.55442100,0.12907000,-0.23202300,-0.85593100,-0.37623300,0.02022800,1.06762900,0.26412700,0.26153300,0.13202725,-0.10112981,-1.20207300,0.03526000,-0.13694400,1.15020300,0.26072500,-1.60269600,0.10838000,0.28327100,0.80821800,-0.11797500
-0.19768300,0.17845100,0.76219438,-0.00735800,0.03354498,-0.10776095,0.99358350,-0.11132400,0.07838200,-0.02806000,0.50905600,0.08425400,-0.18505900,-0.77769700,-0.32460800,0.06084300,0.96801200,0.30156400,0.26152700,0.11471552,-0.10327479,-1.15344900,0.01404000,-0.13488200,1.14808400,0.25366300,-1.55177400,0.15078200,0.26737100,0.78954600,-0.10451400
-0.19233100,0.17116900,0.75157619,-0.00938600,0.02884999,-0.10295898,0.99422283,-0.06685900,0.09185700,-0.03394200,0.49130200,-0.02201300,-0.16342200,-0.70316700,-0.27412800,0.10656900,0.88758400,0.36249500,0.25765200,0.09932696,-0.10486812,-1.12120700,0.00469400,-0.16647400,1.15769700,0.27725300,-1.50969900,0.15419900,0.27644600,0.78992200,-0.10304700
-0.18728900,0.16300300,0.74643577,-0.01085500,0.02568901,-0.09561902,0.99502726,-0.03547100,0.10664900,-0.04273300,0.49406100,-0.14953600,-0.15235900,-0.63484200,-0.24211000,0.13341100,0.82981000,0.37775000,0.24481000,0.08519485,-0.10414435,-1.10637200,0.00148100,-0.21670800,1.17070700,0.31575400,-1.47636000,0.14003500,0.30303300,0.81309700,-0.10043100
-0.18332000,0.15334600,0.74060338,-0.00889200,0.02350900,-0.08688998,0.99590079,-0.01732300,0.11349400,-0.05147500,0.50768800,-0.25831900,-0.13264800,-0.57046500,-0.24447100,0.12323600,0.81043300,0.23311200,0.26104700,0.07105657,-0.10186030,-1.11066500,0.00330800,-0.27963800,1.18443200,0.36287800,-1.46179600,0.13865700,0.33355500,0.85577500,-0.07864000
-0.18068600,0.14286400,0.72726865,-0.00306500,0.02274101,-0.07084503,0.99722336,-0.02104700,0.10948300,-0.07817000,0.53686400,-0.33900000,-0.11706700,-0.51841300,-0.27908200,0.07956700,0.81463300,0.04665600,0.26124200,0.05757912,-0.09421954,-1.13205500,-0.00990800,-0.34331700,1.20242400,0.40467900,-1.46092500,0.11174200,0.38063100,0.91173200,-0.06685200
-0.18005100,0.13219000,0.71710726,0.00766800,0.02580800,-0.03867400,0.99888912,-0.05945800,0.08716100,-0.14758400,0.58828300,-0.37938300,-0.12528800,-0.48859000,-0.33006500,0.02660300,0.82662000,-0.07895300,0.26126600,0.04824703,-0.07347630,-1.17586300,-0.05691100,-0.38865200,1.22196500,0.42110300,-1.48759200,0.03448900,0.46026500,0.96489200,-0.09579900
-0.18093600,0.12121700,0.71056557,0.01914499,0.03110799,-0.00136200,0.99933173,-0.12457700,0.05433200,-0.21664500,0.66131000,-0.36258000,-0.14970800,-0.46683700,-0.38263600,-0.03434100,0.83405400,-0.16103600,0.26158300,0.04177401,-0.04669863,-1.23123300,-0.10021600,-0.41891700,1.23615200,0.42715300,-1.51834300,-0.04875400,0.56147100,1.01720600,-0.13522200
-0.18351200,0.10988300,0.71004615,0.02925000,0.03728900,0.03531100,0.99825202,-0.21744700,0.01867000,-0.26700700,0.75532800,-0.24824900,-0.18198900,-0.44264100,-0.42745900,-0.09869700,0.82235500,-0.18991700,0.25982200,0.03666881,-0.02238149,-1.28637200,-0.12334000,-0.43096000,1.23781700,0.42725300,-1.54428600,-0.14158500,0.66167900,1.06380200,-0.16839800
-0.18652300,0.09818400,0.71599943,0.03655400,0.04339400,0.07097799,0.99586289,-0.33126900,0.00529500,-0.26745700,0.85257500,-0.08816700,-0.22485400,-0.41185400,-0.46317000,-0.17350200,0.79432300,-0.18632900,0.24792500,0.02994339,-0.00442001,-1.34632800,-0.13985100,-0.44113100,1.23337900,0.42582300,-1.60559100,-0.21270200,0.75966600,1.08111700,-0.20254900
-0.18888400,0.08569900,0.72190142,0.03880502,0.04814502,0.10208004,0.99285240,-0.46681700,0.05449700,-0.16475100,0.95175800,0.08907500,-0.26162200,-0.37148000,-0.48362700,-0.26037300,0.75071900,-0.16906000,0.22756000,0.01854739,0.00146121,-1.40870800,-0.14730900,-0.46636000,1.22966300,0.43106700,-1.65896700,-0.27477500,0.85662200,1.09008500,-0.22796500
-0.19019000,0.07369100,0.72428355,0.03837802,0.05121002,0.12810005,0.98969442,-0.60090300,0.15676000,-0.02004800,1.05950500,0.22518200,-0.26165300,-0.32339200,-0.49051700,-0.34999200,0.69373700,-0.14172500,0.20963100,0.00192934,0.00139327,-1.46926600,-0.15224500,-0.50409400,1.22841200,0.44319500,-1.70442400,-0.34353400,0.95020900,1.09496700,-0.25578300
-0.18928600,0.06337600,0.72982228,0.03620300,0.05279600,0.14509201,0.98734504,-0.69970200,0.28592000,0.10695400,1.17249600,0.19922300,-0.26165800,-0.26936700,-0.48191700,-0.43100000,0.62175800,-0.11603100,0.19928300,-0.02217565,0.00393482,-1.52658000,-0.16948400,-0.55875200,1.23824000,0.46498300,-1.75512100,-0.39879700,1.04822300,1.09433300,-0.30037900
-0.18732700,0.05457300,0.73561764,0.03309201,0.05404202,0.15435405,0.98598134,-0.77612300,0.41167400,0.19741600,1.29829900,0.10848200,-0.26146500,-0.22163800,-0.46093500,-0.49181400,0.54481900,-0.08110000,0.20047000,-0.05353978,0.01021856,-1.56925000,-0.18845600,-0.62176000,1.26598900,0.49834900,-1.79338700,-0.44928300,1.12570900,1.09510400,-0.34113100
-0.18505400,0.04749000,0.74291430,0.02976899,0.05543598,0.15852693,0.98534759,-0.86063800,0.49638300,0.22792900,1.43858900,0.06224800,-0.26150100,-0.18744600,-0.43337000,-0.52421500,0.47203500,-0.02420000,0.22393000,-0.09161823,0.01943422,-1.60575300,-0.21013500,-0.69205200,1.30166500,0.54934000,-1.82230200,-0.48765300,1.16024800,1.09659600,-0.36032800
-0.18253800,0.04206400,0.75118928,0.02628001,0.05711102,0.15890407,0.98529041,-0.94692600,0.56098800,0.23147900,1.58011500,0.03352300,-0.25202600,-0.16661100,-0.40384700,-0.53067300,0.40847600,0.04497400,0.25420100,-0.13214885,0.02603131,-1.63286800,-0.22667700,-0.74624100,1.33279300,0.59460500,-1.83945600,-0.51250700,1.15496100,1.09893700,-0.36220000
-0.18011000,0.03850500,0.75971699,0.02161701,0.05827502,0.15475804,0.98599527,-1.02648100,0.61799600,0.22642500,1.71595400,0.00901000,-0.23601400,-0.15997800,-0.37291400,-0.51551500,0.36082000,0.12198300,0.26152400,-0.17085636,0.02570941,-1.64175500,-0.22538100,-0.75842600,1.35178000,0.60821100,-1.84584200,-0.51949600,1.09913800,1.09601200,-0.33754200
-0.17772300,0.03618000,0.76771629,0.01761699,0.05963298,0.14946694,0.98680960,-1.10111300,0.66326200,0.21488400,1.84212500,-0.00739400,-0.22681500,-0.16304600,-0.34731600,-0.48607100,0.33036200,0.19411500,0.26172300,-0.20510298,0.02158740,-1.64470700,-0.21317900,-0.74687000,1.35485400,0.60266700,-1.84351700,-0.51651900,1.01539600,1.08614900,-0.30618600
-0.17537200,0.03464800,0.77559466,0.01625701,0.06197503,0.14513306,0.98733540,-1.16820500,0.70215400,0.20445400,1.95683100,-0.01358000,-0.22787200,-0.17393400,-0.33339600,-0.44784700,0.31950600,0.24781100,0.26175500,-0.23078247,0.01755409,-1.64739500,-0.19192100,-0.71507600,1.34224900,0.58214800,-1.83568500,-0.51240100,0.92606300,1.07310000,-0.28920600
-0.17327000,0.03359700,0.78170255,0.01552701,0.06486203,0.14104907,0.98775351,-1.22490200,0.73484500,0.19553000,2.04895200,-0.01259900,-0.23277700,-0.19232000,-0.32659800,-0.40178800,0.33026200,0.27826600,0.26176400,-0.24857977,0.01477648,-1.64221000,-0.16829900,-0.67330100,1.31976000,0.55481400,-1.81573600,-0.50825900,0.82448500,1.05171300,-0.27429000
-0.17167400,0.03248400,0.78537851,0.01539900,0.06851402,0.13841704,0.98788128,-1.26707200,0.76168700,0.19371400,2.10721100,-0.00796500,-0.23104200,-0.22207200,-0.32784100,-0.34416200,0.37285800,0.27325900,0.26175900,-0.26001229,0.01481081,-1.63079600,-0.14865900,-0.63621100,1.28311400,0.53113000,-1.78340000,-0.50460800,0.71310800,1.01550000,-0.26104100
-0.17045600,0.03159900,0.78742507,0.01549500,0.07193802,0.13561304,0.98802527,-1.29065900,0.78146400,0.19892200,2.13004800,0.00124500,-0.23127900,-0.25474700,-0.32920100,-0.28185200,0.42592100,0.24822400,0.26174400,-0.26551044,0.01722855,-1.61112400,-0.13204300,-0.59360100,1.24182800,0.50377100,-1.73603900,-0.48689400,0.59247700,0.97072000,-0.23768900
-0.16980400,0.03116200,0.78820933,0.01522400,0.07414900,0.13174700,0.98838903,-1.29155900,0.79189200,0.21062800,2.11116200,0.01270800,-0.24406900,-0.27743800,-0.32640600,-0.22485800,0.46508800,0.21267100,0.26171200,-0.26417492,0.02072221,-1.57300500,-0.12688400,-0.53663600,1.20927500,0.46053200,-1.67148800,-0.43851500,0.46337200,0.92093000,-0.18647900
-0.16903300,0.03090000,0.78749543,0.01349601,0.07423803,0.12917105,0.98874740,-1.27610400,0.78753100,0.22594200,2.05384300,0.03402200,-0.25519300,-0.28589800,-0.32092800,-0.18326200,0.48483200,0.18174500,0.26116200,-0.25676938,0.02443473,-1.52396500,-0.12712000,-0.48234600,1.18930600,0.41821100,-1.59765500,-0.37418000,0.33989200,0.86810200,-0.12525300
-0.16755300,0.03047800,0.78524225,0.00928700,0.07208904,0.12976207,0.98887751,-1.25207800,0.76152600,0.23088900,1.95545900,0.07641900,-0.25692700,-0.27411500,-0.31400600,-0.17815300,0.46951100,0.17231200,0.24065400,-0.24514797,0.02651965,-1.47375000,-0.13669500,-0.44674000,1.18981400,0.39113900,-1.51373200,-0.29960600,0.23075300,0.81664700,-0.06113100
-0.16521800,0.03008900,0.78059903,0.00375500,0.06812699,0.13382898,0.98865283,-1.21438700,0.71634400,0.22698100,1.82977500,0.13286500,-0.25671600,-0.24520900,-0.30761200,-0.20657300,0.43032000,0.18169000,0.20354800,-0.22864507,0.02700750,-1.42916800,-0.15894200,-0.42410100,1.19794400,0.37230500,-1.42872000,-0.21861400,0.14656300,0.77753700,-0.00135900
-0.16146800,0.02985200,0.77320220,-0.00185700,0.06246302,0.14198504,0.98789431,-1.15772800,0.65102700,0.22038200,1.68681300,0.20014100,-0.25821000,-0.20280200,-0.30127100,-0.25270000,0.37348000,0.23537600,0.20259700,-0.20762916,0.02724185,-1.38810400,-0.18745000,-0.41582400,1.20772800,0.36408300,-1.35135600,-0.15595700,0.09241200,0.76359700,0.04259000
-0.15698300,0.02981800,0.76845740,-0.00746900,0.05582501,0.15154003,0.98684518,-1.08671600,0.57480300,0.20022100,1.53613700,0.26226500,-0.25771100,-0.15520700,-0.29242600,-0.29731500,0.32158500,0.27533400,0.22097200,-0.18586108,0.02606741,-1.35028100,-0.21944700,-0.41645300,1.22325200,0.36063600,-1.28884700,-0.11162900,0.06252600,0.76923500,0.07031100
-0.15200500,0.02991300,0.76068740,-0.01270000,0.04799301,0.16079702,0.98573815,-1.00268900,0.49838900,0.16669200,1.38930500,0.29803100,-0.25407800,-0.10841700,-0.28435900,-0.32544100,0.30856000,0.21503100,0.24090500,-0.16799991,0.02300810,-1.31548000,-0.22689000,-0.41839800,1.24439100,0.35358400,-1.25053800,-0.09213300,0.05784100,0.78901200,0.07178400
-0.14729600,0.03069500,0.74842936,-0.01642100,0.03976400,0.16686398,0.98504091,-0.91001400,0.43047900,0.12507900,1.25622900,0.32409100,-0.24577600,-0.06946100,-0.27839400,-0.34200100,0.32326700,0.10594600,0.25647000,-0.15401062,0.01920445,-1.28887900,-0.22689000,-0.42408900,1.26627900,0.34955700,-1.23295100,-0.09178500,0.07540200,0.81729200,0.06259000
-0.14381200,0.03239900,0.73563035,-0.01887299,0.03172599,0.16789394,0.98511365,-0.81941600,0.38205900,0.08278200,1.14829700,0.38712700,-0.21424500,-0.04467000,-0.27422700,-0.34205700,0.35486800,-0.00700200,0.26059800,-0.14107702,0.01658692,-1.27835400,-0.22689000,-0.43764700,1.28622100,0.35446300,-1.23019200,-0.09799500,0.11205600,0.85091400,0.05914500
-0.14129100,0.03613900,0.73983822,-0.02308901,0.02345801,0.16082905,0.98643329,-0.72717500,0.36101400,0.05019700,1.06791200,0.39262100,-0.19621500,-0.03198100,-0.26524800,-0.32389200,0.39492000,-0.11083500,0.26120800,-0.12704457,0.01222221,-1.27733100,-0.22689000,-0.45090500,1.30381600,0.36312600,-1.24655200,-0.11126300,0.17138400,0.88356200,0.04696800
-0.13990100,0.04358400,0.73327253,-0.03254099,0.01431400,0.14147896,0.98930273,-0.62814100,0.37216300,0.03833200,1.03435400,0.19145600,-0.24073500,-0.02834900,-0.24318100,-0.28831000,0.42822800,-0.18570500,0.25996000,-0.10774412,-0.00123909,-1.28140300,-0.22689000,-0.45521900,1.31584300,0.37138400,-1.28992700,-0.11627100,0.25966000,0.90268900,0.01644900
-0.13928300,0.05324600,0.71569906,-0.04658902,0.00538100,0.11753705,0.99196046,-0.54031500,0.41780900,0.06483900,1.02868000,-0.06073000,-0.26055700,-0.04210400,-0.21270700,-0.23755900,0.46842500,-0.22286700,0.25707000,-0.08427192,-0.02220905,-1.29125200,-0.22689000,-0.45874100,1.32519900,0.38192400,-1.35151300,-0.12943500,0.36611900,0.92060300,-0.02923000
-0.13885500,0.06405800,0.70466860,-0.06340101,0.00025400,0.09052301,0.99387415,-0.47727300,0.47059800,0.11165500,1.01520400,-0.21180900,-0.25249400,-0.08436000,-0.17689400,-0.16648500,0.53025200,-0.21155700,0.26106200,-0.06326615,-0.04515878,-1.30497700,-0.22689000,-0.46327300,1.33626000,0.39382400,-1.43854700,-0.16145100,0.48947600,0.93679800,-0.10040800
-0.13924200,0.07568700,0.70359010,-0.07944102,-0.00120200,0.06151002,0.99493929,-0.42573900,0.51445300,0.17465300,0.99086200,-0.30069400,-0.21046500,-0.15266800,-0.13913300,-0.09575400,0.61122100,-0.14967600,0.26166000,-0.04495125,-0.06743684,-1.32428200,-0.22652300,-0.47793800,1.35011000,0.41254800,-1.52947000,-0.17256100,0.61609700,0.94918900,-0.16494900
-0.14145700,0.08784200,0.71124829,-0.09258901,-0.00035200,0.03297800,0.99515808,-0.37857900,0.54289000,0.23328200,0.95378900,-0.32826000,-0.18143900,-0.24914200,-0.10762400,-0.03641700,0.71169600,-0.00414100,0.26165000,-0.02890519,-0.08509597,-1.33426300,-0.18570600,-0.51811200,1.38053100,0.44876900,-1.60471000,-0.18379400,0.72094400,0.96327400,-0.19309100
-0.14394500,0.10024700,0.71513620,-0.10036102,0.00092600,0.00330100,0.99494518,-0.32922900,0.55778400,0.29919300,0.90791700,-0.31454000,-0.16593400,-0.35675000,-0.10852800,-0.01857800,0.81308400,0.15076300,0.26171800,-0.01301516,-0.09545809,-1.37913000,-0.18200100,-0.57008100,1.38941600,0.49399700,-1.68217500,-0.19262000,0.80900100,0.97270600,-0.21083300
-0.14547300,0.11268100,0.71645233,-0.09915798,0.00191800,-0.02720999,0.99469776,-0.27216400,0.55297600,0.38009100,0.85498000,-0.28213300,-0.16350300,-0.46692500,-0.17444800,-0.06402300,0.91225700,0.23409700,0.26172700,0.00664315,-0.09734968,-1.46500300,-0.17355500,-0.63289900,1.37149900,0.55067500,-1.74905000,-0.18731600,0.87763200,0.99214900,-0.22355000
-0.14604600,0.12425400,0.72533322,-0.09377497,0.00231900,-0.05510198,0.99406471,-0.21313700,0.53550500,0.46006600,0.79680700,-0.23312100,-0.17485400,-0.57436100,-0.26919000,-0.11732400,1.01743200,0.26103700,0.26172700,0.02897645,-0.09602767,-1.44861700,-0.13226000,-0.68460700,1.41845500,0.60651300,-1.80934200,-0.17254900,0.93405000,1.01564200,-0.24101600
-0.14493000,0.13393000,0.73393522,-0.08775597,0.00061400,-0.07821197,0.99306666,-0.15320400,0.51257500,0.52755200,0.73522800,-0.17783500,-0.19990200,-0.67021000,-0.35727600,-0.14946600,1.12874600,0.21405300,0.26170400,0.05330029,-0.09367586,-1.45372800,-0.10374200,-0.69977700,1.45150500,0.63296900,-1.87039300,-0.15503500,0.99098700,1.03244900,-0.28315000
-0.14313700,0.14210700,0.74235006,-0.08129999,-0.00115700,-0.09729399,0.99192886,-0.10364900,0.48562000,0.57622200,0.67763000,-0.11445100,-0.23717800,-0.76268700,-0.43718900,-0.15918900,1.24689600,0.13482800,0.26172600,0.08030271,-0.09112890,-1.47918600,-0.07088400,-0.69578200,1.46035700,0.63980800,-1.92396000,-0.13226100,1.02688100,1.04800200,-0.32213800
-0.14137900,0.14886700,0.75128048,-0.07458200,-0.00098200,-0.11133400,0.99097997,-0.07494300,0.45710500,0.60839500,0.62878200,-0.04052600,-0.26145700,-0.85911300,-0.50208600,-0.14241900,1.37047500,0.07483700,0.25966800,0.11002190,-0.09246666,-1.48537400,-0.03273600,-0.67652500,1.46456100,0.63109700,-1.96513300,-0.09825800,1.02332400,1.06365100,-0.33275300
-0.13978800,0.15426000,0.75938083,-0.06798097,0.00059200,-0.12036194,0.99039954,-0.06789900,0.42733400,0.61006800,0.59446900,0.03078700,-0.26155700,-0.95482300,-0.56423100,-0.12623100,1.49329400,0.02527500,0.21167200,0.13913538,-0.09495596,-1.49033500,0.00457400,-0.64810900,1.45450300,0.61271200,-1.99465600,-0.06595100,0.98713000,1.07766200,-0.32997600
-0.13895800,0.15817100,0.76549238,-0.06309299,0.00385400,-0.12297299,0.99039490,-0.08742900,0.39785300,0.55148900,0.58437200,0.08936800,-0.26167600,-1.04963100,-0.62052500,-0.10260500,1.61570700,0.00278600,0.18538100,0.16547539,-0.09732615,-1.49246300,0.03317400,-0.61981500,1.43062800,0.59401500,-2.00816300,-0.04478400,0.91721800,1.09251500,-0.31587600
-0.13817100,0.16126000,0.76911887,-0.05909898,0.00808700,-0.12045797,0.99092471,-0.12400000,0.36608200,0.45564800,0.59865300,0.13134400,-0.26169500,-1.13966500,-0.66782700,-0.06719200,1.72914500,-0.00121900,0.17754100,0.19069540,-0.10148409,-1.48878000,0.05459700,-0.58492300,1.39685000,0.56925400,-2.00666200,-0.03321500,0.83117100,1.09887000,-0.29921100
-0.13680800,0.16407000,0.76907611,-0.05520798,0.01218900,-0.11478995,0.99177960,-0.17235800,0.32662900,0.33278900,0.64454000,0.15418800,-0.26167700,-1.22141100,-0.70332000,-0.02506800,1.82631300,0.00030700,0.16658100,0.21564079,-0.10651343,-1.48222100,0.06469400,-0.53962900,1.35146100,0.53502400,-1.99905500,-0.03126700,0.74761000,1.08430100,-0.29827000
-0.13519300,0.16672300,0.77109064,-0.05212398,0.01620499,-0.10699995,0.99275954,-0.21762900,0.28871200,0.22035000,0.70138400,0.15763000,-0.26161600,-1.28671700,-0.72936900,0.01238500,1.90164700,0.00594000,0.15721500,0.23833754,-0.11185687,-1.46757400,0.06749900,-0.48598300,1.29799700,0.49393000,-1.97061100,-0.03411200,0.65428900,1.05598400,-0.28846800
-0.13350700,0.16951400,0.77225317,-0.05011999,0.01913700,-0.09886298,0.99365380,-0.24469900,0.27539700,0.15683600,0.74990100,0.12485600,-0.26152500,-1.32490800,-0.74641300,0.03389800,1.94728300,0.00576300,0.14612600,0.25586704,-0.11469229,-1.43661600,0.05923900,-0.42365600,1.24092600,0.44362900,-1.91400400,-0.02254900,0.54327300,1.01768400,-0.24073900
-0.13160100,0.17226600,0.77167252,-0.04832099,0.02017499,-0.09467898,0.99412974,-0.25308800,0.27856500,0.12593600,0.77804800,0.08496700,-0.26113000,-1.33599900,-0.74927600,0.04016300,1.96219900,0.01545600,0.14522100,0.26690362,-0.11281565,-1.39298900,0.03974800,-0.36128000,1.18505200,0.39094900,-1.84244100,0.00247400,0.43453800,0.97594600,-0.18045600
-0.12947800,0.17502100,0.76958401,-0.04584001,0.01852400,-0.09794301,0.99396314,-0.23370400,0.29528100,0.13225600,0.76431300,0.07081000,-0.26117700,-1.31844400,-0.73359100,0.03733000,1.94074400,0.05572500,0.17565300,0.26991260,-0.10750296,-1.33753400,0.02317000,-0.30022700,1.13508800,0.33985500,-1.76148700,0.04481600,0.33830000,0.93585900,-0.12346300
-0.12682100,0.17764300,0.76577326,-0.04302999,0.01507100,-0.10647198,0.99326985,-0.19403300,0.31676500,0.16614400,0.71584000,0.07470900,-0.23881700,-1.27535600,-0.70588500,0.02456900,1.88842600,0.10654400,0.21660200,0.26539720,-0.09927480,-1.27588100,0.00933600,-0.24994100,1.09652800,0.29635400,-1.68182200,0.09860400,0.25991400,0.90159800,-0.07101000
-0.12323100,0.18000300,0.76052151,-0.04058002,0.01163001,-0.11800405,0.99211544,-0.14614600,0.32760300,0.20513700,0.63133100,0.10691600,-0.17765800,-1.20997100,-0.67588800,-0.00351300,1.80879700,0.15370400,0.24831700,0.25578810,-0.08926991,-1.21422600,-0.00573200,-0.22482400,1.07912700,0.26915300,-1.60275100,0.14917700,0.20986900,0.88641200,-0.02946200
-0.11901200,0.18179100,0.76135399,-0.03879600,0.00856500,-0.13151201,0.99051810,-0.09420800,0.33383200,0.24768300,0.54050700,0.13328300,-0.13109000,-1.13093300,-0.64163300,-0.04208600,1.70862800,0.19356700,0.26071000,0.24208561,-0.08117870,-1.15934300,-0.01509700,-0.21590400,1.08047400,0.25264300,-1.54011000,0.19989600,0.17983900,0.88217600,0.00210800
-0.11413700,0.18262800,0.75985078,-0.03809800,0.00593800,-0.14677502,0.98841812,-0.04554000,0.33851500,0.28110300,0.48040300,0.11569100,-0.15066700,-1.04587500,-0.59833900,-0.08109900,1.59433000,0.21884400,0.26021000,0.22453634,-0.07936771,-1.11653400,-0.01551100,-0.22085100,1.10342400,0.24321400,-1.49052200,0.22680000,0.16903900,0.89724300,0.02002500
-0.10922200,0.18251100,0.75414200,-0.03743599,0.00450300,-0.16041795,0.98632872,-0.00490900,0.33896100,0.29432200,0.44588800,0.06347700,-0.19411500,-0.96237800,-0.54430400,-0.11031700,1.47315900,0.23576000,0.26119000,0.20422722,-0.08207089,-1.08669100,-0.00720600,-0.23954000,1.14067200,0.24395000,-1.45748700,0.22680000,0.17692900,0.92378900,0.02689200
-0.10478300,0.18142400,0.74339566,-0.03650398,0.00452200,-0.17106692,0.98457256,0.02593300,0.33153100,0.27198900,0.44004700,-0.03414400,-0.22362000,-0.88859700,-0.47192700,-0.11797100,1.35312900,0.24501700,0.26159500,0.18206673,-0.08467033,-1.07086700,0.01150800,-0.27162100,1.18493400,0.25883300,-1.44875100,0.22680000,0.19858300,0.95125900,0.02206600
-0.10106000,0.17912800,0.73011996,-0.03465000,0.00551900,-0.17857703,0.98330014,0.04751500,0.32346000,0.24549500,0.44905700,-0.14715800,-0.24515800,-0.81950500,-0.39580300,-0.10514700,1.23888000,0.24900400,0.26174800,0.15846661,-0.08880985,-1.06875800,0.02876900,-0.31682400,1.23047100,0.28258400,-1.45849800,0.22680000,0.23711800,0.98097600,0.00781600
-0.09857200,0.17552100,0.71827587,-0.03131101,0.00735000,-0.18427507,0.98234836,0.06365500,0.31861900,0.25115100,0.45142600,-0.24101300,-0.24577600,-0.75452600,-0.32237500,-0.07398100,1.13268200,0.28018900,0.26175100,0.13256662,-0.10146062,-1.07502500,0.04691400,-0.36679900,1.27445200,0.30825500,-1.49164700,0.22680000,0.29543300,1.00476100,-0.01424800
-0.09700300,0.17016300,0.72311416,-0.02383700,0.00878300,-0.17875898,0.98356489,0.06569700,0.30693100,0.24721000,0.45545800,-0.30994300,-0.23836200,-0.68680300,-0.28539200,-0.04988400,1.04098600,0.26954000,0.26174700,0.10620260,-0.11065242,-1.10125600,0.04486800,-0.43476400,1.31170900,0.35056400,-1.53136400,0.22680000,0.36693200,1.03154200,-0.04346300
-0.09600800,0.16225100,0.71995906,-0.00905400,0.00960100,-0.15010094,0.98858260,0.04251200,0.28020400,0.19705100,0.46648300,-0.34654400,-0.23488100,-0.60665100,-0.32897000,-0.08628600,0.98107800,0.09052200,0.26170000,0.08277235,-0.09694179,-1.16712700,-0.00334900,-0.54507300,1.33124100,0.43211700,-1.56388100,0.20933500,0.44661700,1.06862500,-0.08224500
-0.09612400,0.15298600,0.70796558,0.00876300,0.01170400,-0.11377499,0.99339895,-0.00791900,0.24445400,0.12541300,0.49907700,-0.34180200,-0.23223900,-0.53249100,-0.39625200,-0.16012500,0.94137100,-0.12251800,0.24379400,0.06358479,-0.07036673,-1.25298600,-0.06920400,-0.65255100,1.33897000,0.51039500,-1.60882300,0.12711600,0.53710100,1.09782500,-0.12599000
-0.09806100,0.14356400,0.70642601,0.02708900,0.01716200,-0.07946100,0.99632204,-0.09504100,0.20135200,0.03386500,0.57355500,-0.27985600,-0.22949500,-0.49124200,-0.44854500,-0.22860700,0.90249800,-0.20487000,0.18460500,0.05348672,-0.04092850,-1.34370600,-0.11951300,-0.71530400,1.33651300,0.54995700,-1.65602000,0.05880100,0.63927900,1.12234700,-0.16875900
-0.10098000,0.13331400,0.71124221,0.04095199,0.02426499,-0.04429699,0.99788372,-0.20320500,0.16708400,-0.03437600,0.66915900,-0.16909600,-0.24594300,-0.45338600,-0.48866300,-0.30285200,0.85241500,-0.21953600,0.13543400,0.04715791,-0.01314750,-1.43332300,-0.16537500,-0.75232600,1.32668600,0.56596200,-1.68696700,-0.02045200,0.74899800,1.14652200,-0.21656100
-0.10480700,0.12112000,0.72200143,0.04664801,0.02938501,-0.00746000,0.99845122,-0.32532000,0.16830900,-0.03289300,0.76534200,0.00734200,-0.26168800,-0.39237400,-0.50703200,-0.39398400,0.77975700,-0.20566900,0.11476300,0.03383015,0.00597865,-1.50749800,-0.21612800,-0.76552100,1.31785500,0.55798300,-1.72272500,-0.10217400,0.86842400,1.15210200,-0.27909700
-0.10812700,0.10857200,0.72666405,0.04871899,0.03252999,0.02800299,0.99788982,-0.44938100,0.20910100,0.02133600,0.86349800,0.16199400,-0.26152800,-0.32020700,-0.51263000,-0.49391000,0.69610600,-0.16687200,0.11350800,0.01537176,0.01512647,-1.55594700,-0.22689000,-0.76522700,1.31750500,0.54268700,-1.75786300,-0.17520000,0.97201000,1.15076600,-0.33674100
-0.10912400,0.09707200,0.73390456,0.04798499,0.03397299,0.05680299,0.99665275,-0.55149300,0.29427000,0.12340300,0.97028900,0.18503700,-0.26172900,-0.24466800,-0.50419500,-0.59390700,0.60887700,-0.12153600,0.11831800,-0.00449923,0.01307217,-1.59452400,-0.22689000,-0.77223900,1.31976100,0.54001800,-1.77962000,-0.23034500,1.03226500,1.16075300,-0.36647200
-0.10884000,0.08653600,0.74029406,0.04556500,0.03346600,0.07989300,0.99519896,-0.63640300,0.39087500,0.21194700,1.09542000,0.14990300,-0.26173400,-0.17768300,-0.48620000,-0.67791400,0.53153300,-0.06809300,0.13679300,-0.02758334,0.00704470,-1.62869000,-0.22689000,-0.76981000,1.31792600,0.53465300,-1.80114800,-0.27751600,1.05337800,1.17284800,-0.38729500
-0.10741800,0.07735200,0.74593484,0.04338900,0.03149900,0.09702200,0.99383698,-0.72173900,0.45216000,0.23362300,1.24445600,0.11147600,-0.26170600,-0.13189100,-0.47129800,-0.72875200,0.48135500,-0.00825900,0.18181100,-0.05812166,0.00466468,-1.64322100,-0.22689000,-0.74020900,1.31943700,0.51017100,-1.82354200,-0.32654800,1.03949700,1.17830400,-0.41199900
-0.10573300,0.06983800,0.75237598,0.04239498,0.03018699,0.10891596,0.99268763,-0.80742800,0.49576700,0.22900900,1.40467900,0.06974100,-0.26172800,-0.10961900,-0.46119100,-0.74209500,0.45188700,0.05381800,0.23211900,-0.09272071,0.00266622,-1.64815100,-0.22689000,-0.69931100,1.31900000,0.48018900,-1.84056600,-0.37214800,0.99075700,1.16855900,-0.42579900
-0.10488800,0.06468500,0.76009516,0.04251401,0.03141501,0.11449603,0.99201629,-0.89020000,0.53418500,0.21660200,1.56795900,0.03126900,-0.26118600,-0.11402100,-0.45402100,-0.71764200,0.43744600,0.12406600,0.25759800,-0.12553328,0.00010362,-1.64851300,-0.22689000,-0.65895700,1.31554300,0.45568900,-1.84848200,-0.41309100,0.90312100,1.13757400,-0.41697000
-0.10430600,0.06083600,0.76702672,0.04272401,0.03367601,0.11575302,0.99178719,-0.96708700,0.57426500,0.20548000,1.72519700,0.00086400,-0.24304100,-0.13656500,-0.44647500,-0.66335300,0.43876100,0.18437600,0.26123200,-0.15563687,-0.00185943,-1.64190200,-0.22689000,-0.61843400,1.30422600,0.43448300,-1.83734500,-0.44696900,0.78916000,1.09131900,-0.39207800
-0.10392400,0.05758700,0.77096875,0.04328301,0.03580301,0.11475702,0.99180419,-1.03342300,0.62764100,0.20403100,1.86900800,-0.01366700,-0.21606400,-0.17204900,-0.43816600,-0.57606300,0.46194500,0.21426600,0.26125700,-0.18319207,-0.00383440,-1.62879700,-0.21501200,-0.58161600,1.27791200,0.42260300,-1.80248700,-0.45753000,0.65903000,1.03108800,-0.34590200
-0.10335400,0.05469000,0.77316383,0.04480700,0.03812700,0.11160199,0.99200991,-1.08679400,0.68045800,0.19653200,1.98826400,-0.00817500,-0.20035500,-0.21625200,-0.42187600,-0.46273000,0.49655600,0.21532700,0.26046200,-0.20848934,-0.00364716,-1.60568500,-0.18418300,-0.53666300,1.24271000,0.40807100,-1.75143000,-0.45064500,0.52791200,0.96279500,-0.29481900
-0.10208700,0.05164000,0.77793750,0.04707702,0.04046101,0.10776704,0.99223633,-1.12809300,0.72147900,0.18264600,2.06919900,0.02690600,-0.19730000,-0.26106000,-0.38948500,-0.33020600,0.53144800,0.17692900,0.25309400,-0.22875919,0.00098419,-1.56868200,-0.16523300,-0.46804200,1.19739200,0.37254800,-1.68864900,-0.42997900,0.41677000,0.89278000,-0.25878700
-0.10044700,0.04859600,0.78094189,0.04772302,0.04224502,0.10183604,0.99275742,-1.15569600,0.75713500,0.16714400,2.10963900,0.08502600,-0.20386400,-0.29707900,-0.34191300,-0.20298400,0.56041000,0.13125400,0.23886200,-0.24322900,0.00867166,-1.52153700,-0.15038500,-0.39919900,1.15572600,0.33526200,-1.61975800,-0.39084900,0.31536900,0.82301700,-0.22463300
-0.09862900,0.04555600,0.78170242,0.04489998,0.04216498,0.09387796,0.99367652,-1.16639700,0.79200000,0.15221400,2.10264000,0.16565200,-0.21087600,-0.31361900,-0.28616800,-0.09813000,0.57018800,0.10870700,0.24468900,-0.25154882,0.01517859,-1.46919100,-0.14732900,-0.35013100,1.13297800,0.30649500,-1.54305400,-0.33129700,0.21845300,0.75848600,-0.18133500
-0.09650800,0.04253200,0.78012303,0.03975200,0.04026400,0.08774101,0.99453512,-1.16013400,0.81725600,0.14624800,2.05394100,0.24518100,-0.21838600,-0.31216500,-0.23369700,-0.02085000,0.56241000,0.10585100,0.25451300,-0.25217192,0.01942942,-1.41744200,-0.15889900,-0.32190100,1.12632500,0.28342900,-1.46833900,-0.25815000,0.14066500,0.70673600,-0.13874000
-0.09407400,0.03933200,0.77637323,0.03347701,0.03722701,0.08689803,0.99495838,-1.13322600,0.82534200,0.15375800,1.96468300,0.29213700,-0.23114000,-0.29596000,-0.19588600,0.01564200,0.53352200,0.14145400,0.25891100,-0.24480123,0.02079468,-1.36946700,-0.18170300,-0.32401400,1.14419300,0.26980300,-1.40168700,-0.19418700,0.08371100,0.67894800,-0.10365900
-0.09115600,0.03635600,0.77643730,0.02641300,0.03271300,0.09013199,0.99504193,-1.08597800,0.81810500,0.17092600,1.84836100,0.31364800,-0.22882800,-0.27000300,-0.17001300,0.02476700,0.49990000,0.17206800,0.25858500,-0.23051253,0.01740055,-1.33027900,-0.20964800,-0.34645900,1.17591700,0.26855000,-1.34709400,-0.13888900,0.04635900,0.67231600,-0.07404000
-0.08738500,0.03403600,0.77276257,0.01901600,0.02694601,0.09583002,0.99485120,-1.02187000,0.79328200,0.19654900,1.71633300,0.30979600,-0.17848400,-0.23962800,-0.15098700,0.01351600,0.48383800,0.13824700,0.22623500,-0.21129418,0.00933693,-1.30579400,-0.22689000,-0.38915300,1.21440900,0.28783100,-1.30826900,-0.09885300,0.03024400,0.68563600,-0.05370800
-0.08336300,0.03231600,0.76485397,0.01241700,0.02122999,0.10300596,0.99437663,-0.94425300,0.75838000,0.22446400,1.57422600,0.30593700,-0.12169700,-0.21210800,-0.13669400,-0.01077700,0.48683400,0.06505500,0.17767400,-0.18904702,-0.00176098,-1.29133200,-0.22689000,-0.43508900,1.25164000,0.31460600,-1.28394200,-0.07328100,0.03027000,0.71421600,-0.03723300
-0.07957200,0.03120100,0.75379332,0.00713100,0.01608800,0.11009503,0.99376527,-0.85609300,0.72404500,0.25560200,1.42651800,0.33010200,-0.09976300,-0.19364300,-0.12733600,-0.03835500,0.51343700,-0.03060700,0.14605200,-0.16469829,-0.01321099,-1.28824400,-0.22689000,-0.46804200,1.27421500,0.34027500,-1.27513100,-0.05901700,0.04065200,0.75169400,-0.01824600
-0.07601400,0.03099800,0.74085944,0.00271200,0.01119100,0.11565299,0.99322293,-0.75934200,0.69146900,0.29167100,1.28051400,0.35198900,-0.09531000,-0.18231400,-0.11937500,-0.06176700,0.55437100,-0.13536300,0.12173000,-0.13853312,-0.02283602,-1.29211800,-0.22689000,-0.49116000,1.28982600,0.35894000,-1.27935700,-0.05956900,0.06489200,0.79474000,-0.00720100
-0.07289300,0.03195300,0.72781225,-0.00151100,0.00613200,0.11931800,0.99283600,-0.65412100,0.66381400,0.33959000,1.14357500,0.35948000,-0.09241200,-0.17782400,-0.11089100,-0.07584300,0.60169600,-0.23253600,0.09380200,-0.11014183,-0.02757660,-1.29374500,-0.22689000,-0.49715300,1.30484900,0.35741100,-1.29642600,-0.07474100,0.10319200,0.83710300,-0.01073500
-0.07009400,0.03431200,0.72236325,-0.00583500,0.00120000,0.11740700,0.99306601,-0.54471600,0.64455100,0.39931200,1.02949700,0.30886500,-0.09954400,-0.17855700,-0.09889100,-0.07546600,0.64862500,-0.31568200,0.07113800,-0.07896891,-0.02934388,-1.29889900,-0.22689000,-0.49521200,1.31614400,0.34970200,-1.32792200,-0.09834100,0.16563800,0.87971000,-0.03070200
-0.06749600,0.03952300,0.71386634,-0.00962800,-0.00309500,0.10501700,0.99441900,-0.42491700,0.63508200,0.47574000,0.96136200,0.09597200,-0.14089900,-0.18312100,-0.08305100,-0.05198100,0.68607600,-0.37353800,0.06573100,-0.03995197,-0.03364390,-1.31068800,-0.22689000,-0.48975900,1.32254900,0.34313000,-1.37954200,-0.11149300,0.27339200,0.92140400,-0.07787700
-0.06528700,0.04409900,0.70002322,-0.01664900,-0.00650700,0.08993601,0.99578712,-0.32733700,0.64675900,0.55198200,0.93272600,-0.12428900,-0.18847700,-0.19084300,-0.05947100,-0.02449400,0.71443000,-0.40836500,0.06839400,-0.00371741,-0.03694296,-1.32657100,-0.22689000,-0.49092700,1.32705700,0.34290200,-1.43686400,-0.11994600,0.39889000,0.95850400,-0.12994000
-0.06359600,0.04441200,0.69567503,-0.02851401,-0.00733800,0.07684203,0.99660845,-0.29936200,0.67757100,0.57572200,0.93363900,-0.17831000,-0.20444700,-0.20343300,-0.02444100,-0.00410100,0.73484500,-0.42077800,0.06957800,0.01089225,-0.03458701,-1.34681800,-0.22689000,-0.51400100,1.33182900,0.36119900,-1.49738000,-0.14102800,0.51892000,0.97946300,-0.17250800
-0.06247600,0.04217300,0.69666730,-0.03764100,-0.00560700,0.06788500,0.99696707,-0.31567200,0.71130600,0.56751100,0.95101500,-0.12462800,-0.21704500,-0.21392600,0.00331100,0.00869400,0.74074900,-0.41134100,0.07262400,0.00684644,-0.02990367,-1.36969900,-0.21223800,-0.55083800,1.33655200,0.39038900,-1.56177500,-0.15919500,0.62732700,0.97699500,-0.20387100
-0.06216200,0.03720000,0.70762200,-0.04045298,-0.00311200,0.06781497,0.99687261,-0.36279000,0.73962000,0.54003700,0.97321500,0.02766700,-0.25508700,-0.21275400,0.01089100,0.00701900,0.72392900,-0.37753400,0.08157600,-0.01410950,-0.02404025,-1.39343700,-0.20250800,-0.60150600,1.34074700,0.42794900,-1.60048500,-0.19200900,0.70090400,0.96701500,-0.20995100
-0.06225200,0.03177300,0.71841253,-0.03667900,-0.00071100,0.07324500,0.99663901,-0.42643300,0.75796300,0.51599300,1.00382300,0.20543700,-0.26088100,-0.20129600,-0.00127000,-0.00405700,0.68600800,-0.32689100,0.09131500,-0.04536435,-0.02097413,-1.42093300,-0.19980000,-0.65663000,1.34002500,0.46876500,-1.62789500,-0.23632600,0.76214300,0.95429000,-0.21030700
-0.06249300,0.02833900,0.72185206,-0.02628101,0.00307500,0.08090604,0.99637045,-0.48708000,0.77221200,0.51203500,1.04961000,0.32855500,-0.26172600,-0.18015300,-0.03268100,-0.02227500,0.62410400,-0.26965500,0.09349200,-0.07379050,-0.02159567,-1.45731500,-0.19213900,-0.70781900,1.32981200,0.50893600,-1.66130700,-0.27582900,0.83263900,0.93998600,-0.22231100
-0.06266700,0.02628400,0.73051036,-0.01432900,0.00660000,0.08852599,0.99594893,-0.54698400,0.78152200,0.50681700,1.11178700,0.39390100,-0.26165100,-0.15532600,-0.06838000,-0.04286000,0.55188000,-0.20310900,0.09261600,-0.10004775,-0.02231195,-1.48993900,-0.18044800,-0.74274600,1.31614300,0.53745600,-1.69424000,-0.31189400,0.89322300,0.92340000,-0.23734900
-0.06224300,0.02587000,0.74239895,-0.00274000,0.00938700,0.09290301,0.99562714,-0.60657200,0.77072600,0.47740300,1.19247000,0.36404300,-0.26148600,-0.13414500,-0.10041100,-0.05419600,0.48211900,-0.12524900,0.09322600,-0.12663855,-0.01900169,-1.50676300,-0.16587000,-0.73787900,1.30497000,0.53623500,-1.72316900,-0.34502700,0.93683900,0.90433300,-0.25628300
-0.06189300,0.02678200,0.75376743,0.00728500,0.01322201,0.09399304,0.99545840,-0.66239000,0.76472200,0.45605400,1.28831500,0.29593700,-0.26089300,-0.12126400,-0.12760300,-0.05802500,0.41852800,-0.04137200,0.09839800,-0.15144506,-0.01462252,-1.51438200,-0.14813800,-0.71146600,1.29150800,0.52127400,-1.74602100,-0.36752800,0.95087800,0.88425700,-0.26886100
-0.06230200,0.02900600,0.76428043,0.01322800,0.01767600,0.08984302,0.99571121,-0.70463800,0.79346600,0.47043500,1.39436800,0.24807600,-0.26156500,-0.12125600,-0.14271200,-0.04527400,0.36847900,0.04778100,0.11296200,-0.17279218,-0.01249799,-1.51498000,-0.12668400,-0.67733800,1.27183100,0.50347100,-1.76257000,-0.37273000,0.91621400,0.86132400,-0.26206100
-0.06292200,0.03191400,0.77310425,0.01720701,0.02296401,0.08208302,0.99621230,-0.73858400,0.83004900,0.48880900,1.49621200,0.21055500,-0.26166300,-0.12999400,-0.15378200,-0.03419400,0.33067400,0.12935000,0.13671500,-0.19232664,-0.00721394,-1.51036800,-0.10416700,-0.63423300,1.24955600,0.48283000,-1.76522000,-0.36563800,0.84646900,0.83634400,-0.24267000
-0.06336300,0.03489000,0.77931620,0.02067200,0.02929200,0.07305701,0.99668316,-0.77656300,0.84854900,0.48738800,1.58265700,0.17758100,-0.26165300,-0.14429100,-0.17153800,-0.05279400,0.30360900,0.19261800,0.17374100,-0.21219437,0.00352480,-1.50448800,-0.08461400,-0.58807000,1.22688700,0.46414400,-1.74806200,-0.34711500,0.75001200,0.81077500,-0.20980600
-0.06384700,0.03807000,0.78413339,0.02395500,0.03569200,0.06467899,0.99697987,-0.81679400,0.85217400,0.47563600,1.65247200,0.15217800,-0.26159400,-0.16211200,-0.19343100,-0.09260400,0.29216700,0.23374400,0.21238300,-0.23031483,0.01582045,-1.49510200,-0.07057600,-0.53528500,1.20063200,0.44278000,-1.71361100,-0.31789900,0.63358200,0.77903400,-0.16906700
-0.06448300,0.04139400,0.78710026,0.02742400,0.04171501,0.05889501,0.99701513,-0.85762300,0.83899700,0.45904800,1.70033200,0.13993200,-0.26171500,-0.18147800,-0.22190400,-0.15938800,0.30408400,0.23828400,0.24150900,-0.24460384,0.02819710,-1.47640700,-0.06201600,-0.46896700,1.17055600,0.41311500,-1.66447400,-0.27623100,0.50553500,0.73496200,-0.12664800
-0.06521900,0.04484500,0.78786342,0.03044899,0.04656398,0.05592698,0.99688356,-0.89500300,0.81182200,0.43980300,1.72479800,0.13649600,-0.26160100,-0.19702400,-0.25214100,-0.23437300,0.33090600,0.22050100,0.25235200,-0.25345603,0.03893672,-1.44745500,-0.05974100,-0.39892800,1.14097000,0.37973100,-1.60449600,-0.22077400,0.37826100,0.68127800,-0.07956600
-0.06608800,0.04831500,0.78699262,0.03302299,0.04930398,0.05630398,0.99664862,-0.92272300,0.77440300,0.41964100,1.72385900,0.13874300,-0.26170500,-0.20507100,-0.27580000,-0.29036600,0.36540500,0.18363300,0.24560100,-0.25490148,0.04765302,-1.41177800,-0.06998800,-0.33217100,1.10977900,0.34151700,-1.53041700,-0.14782900,0.26917400,0.62516900,-0.02193400
-0.06695100,0.05198200,0.78421597,0.03403500,0.04955400,0.05844200,0.99647908,-0.93977400,0.72685300,0.39446700,1.69756600,0.14081800,-0.26144400,-0.20848900,-0.28717400,-0.32436000,0.40416600,0.15043200,0.22783400,-0.24974427,0.05516212,-1.37347200,-0.08600300,-0.27640100,1.08571000,0.30862000,-1.45187400,-0.06538200,0.18224100,0.57059800,0.03917100
-0.06791500,0.05607900,0.77909757,0.03290399,0.04726298,0.06147997,0.99644556,-0.94486700,0.66778900,0.35787000,1.64267400,0.13363500,-0.26137800,-0.21402000,-0.27764300,-0.31527900,0.44461100,0.16844200,0.21799300,-0.23837091,0.06067494,-1.33706400,-0.10443400,-0.24274700,1.08007400,0.29303800,-1.37090800,0.01377100,0.11748600,0.52327500,0.10186800
-0.06828000,0.06032100,0.77758636,0.02979601,0.04296802,0.06399602,0.99657938,-0.93500600,0.60553400,0.31398900,1.56883700,0.12472200,-0.26143400,-0.21137700,-0.25912900,-0.29903500,0.47309000,0.18838800,0.20389100,-0.22296200,0.06612989,-1.30258100,-0.12534800,-0.22492700,1.08821800,0.28719900,-1.28610700,0.08286100,0.08153100,0.49485300,0.15323800
-0.06721100,0.06429600,0.77340898,0.02562401,0.03701501,0.06444402,0.99690535,-0.90624500,0.54881200,0.27096800,1.48189200,0.11890700,-0.26156200,-0.18579700,-0.24822900,-0.31553000,0.47063100,0.15010900,0.16320300,-0.20748939,0.07214786,-1.26732200,-0.14706900,-0.21940500,1.11109400,0.28596000,-1.20113700,0.12106500,0.07315000,0.49433300,0.17273200
-0.06521100,0.06858500,0.76551301,0.02070000,0.03012801,0.06455901,0.99724418,-0.86418400,0.49454100,0.22242600,1.38916300,0.11961100,-0.26164700,-0.14939500,-0.23777700,-0.33842100,0.45797400,0.07774800,0.12285200,-0.19238245,0.07739086,-1.23644800,-0.16634100,-0.22793800,1.14479300,0.29654900,-1.11734900,0.12926300,0.08813600,0.51469500,0.17770700
-0.06223600,0.07338300,0.75463783,0.01404600,0.02229099,0.06578798,0.99748572,-0.81460200,0.44483200,0.16297000,1.30032500,0.13461200,-0.26163600,-0.11010100,-0.22265100,-0.35053700,0.45324800,-0.01338300,0.11660600,-0.17701357,0.08280602,-1.21431400,-0.17828800,-0.25751200,1.18671200,0.33023200,-1.03467700,0.10574900,0.12394100,0.55306300,0.18079300
-0.05910700,0.07942000,0.74223444,0.00573300,0.01478900,0.06577702,0.99770827,-0.75889900,0.40016800,0.09616600,1.21688200,0.15986900,-0.26164000,-0.07500600,-0.20604300,-0.35391800,0.45541000,-0.10791700,0.12738800,-0.15967471,0.08709952,-1.19873000,-0.18695300,-0.29173800,1.23013100,0.37110100,-0.95843500,0.04970600,0.18248200,0.59153600,0.17942000
-0.05670100,0.08761200,0.73053986,-0.00387600,0.00903400,0.06418703,0.99788947,-0.70234800,0.35177100,0.01405100,1.14226600,0.21973600,-0.26165800,-0.05129000,-0.18944900,-0.34919300,0.46522600,-0.18828300,0.14111000,-0.13763548,0.08813320,-1.18282800,-0.20506500,-0.31848200,1.27140800,0.40661700,-0.91046600,-0.03643100,0.26270300,0.60816500,0.16906700
-0.05481200,0.09756500,0.72577624,-0.01684300,0.00379200,0.05971999,0.99806586,-0.63620200,0.31963900,-0.05858200,1.07729800,0.23330400,-0.26139700,-0.03902800,-0.16924200,-0.33567300,0.48636700,-0.24799100,0.15718600,-0.11135810,0.08277099,-1.14758900,-0.21891400,-0.34626100,1.32392100,0.44494400,-0.89142100,-0.16177000,0.34340400,0.60825700,0.16213600
-0.05344200,0.10967700,0.72317557,-0.03493600,-0.00251000,0.04911000,0.99817903,-0.54902600,0.32542000,-0.08536700,1.02707500,0.06704100,-0.26149000,-0.03514800,-0.13949800,-0.30971300,0.51492800,-0.28466000,0.17149500,-0.08266891,0.06789847,-1.13126800,-0.16697000,-0.35832900,1.36861800,0.47965700,-0.83230300,-0.34419000,0.42301000,0.61019100,0.16898100
-0.05286900,0.12272700,0.71195161,-0.05499299,-0.00902800,0.03443600,0.99785191,-0.46536300,0.35867700,-0.08120000,0.99075100,-0.14080600,-0.26170600,-0.05939900,-0.10979800,-0.26668000,0.57785700,-0.27650900,0.18959400,-0.05425536,0.04688492,-1.17298100,-0.15927300,-0.37082200,1.40458700,0.51212900,-0.77055800,-0.48633400,0.55461900,0.60519400,0.15230100
-0.05346400,0.13551200,0.70561426,-0.07540399,-0.01420200,0.01454200,0.99694587,-0.40682900,0.40070900,-0.05689100,0.95971900,-0.26057000,-0.26163000,-0.14247400,-0.08285900,-0.19603300,0.72144900,-0.19070400,0.22906200,-0.02998609,0.02408486,-1.19635000,-0.14168800,-0.38712200,1.43738900,0.55100000,-0.76894500,-0.66599500,0.68327800,0.59379000,0.11187500
-0.05492300,0.14814700,0.70254119,-0.09309500,-0.01682800,-0.01065900,0.99545795,-0.36272100,0.44382200,-0.01153200,0.93227700,-0.33222900,-0.25909800,-0.25876500,-0.06372300,-0.13643600,0.88875700,-0.05862200,0.26080800,-0.00870122,0.00424305,-1.21869800,-0.10253100,-0.40388100,1.46150700,0.59253700,-0.80282200,-0.86343000,0.81371900,0.56796000,0.06255200
-0.05745300,0.16071400,0.70181344,-0.10533400,-0.01575800,-0.03942900,0.99352996,-0.33500000,0.47941500,0.04418200,0.91700200,-0.36382000,-0.24378100,-0.39435200,-0.06744300,-0.10644200,1.03355600,0.12970000,0.26174900,0.01208484,-0.01234699,-1.24809300,-0.04869900,-0.42538200,1.47488100,0.63938300,-0.86105100,-1.05595800,0.94636600,0.52645600,0.01512900
-0.05992700,0.17206100,0.70336731,-0.11203197,-0.01367800,-0.06646898,0.99138470,-0.31370000,0.50377000,0.10653600,0.90483000,-0.36913300,-0.21832200,-0.53053800,-0.09972000,-0.09541800,1.16284200,0.28348500,0.26172100,0.03243812,-0.02838964,-1.28698200,-0.00511600,-0.44529500,1.48206600,0.68219300,-0.93525900,-1.23876000,1.07597400,0.48043100,-0.04135100
-0.06115000,0.18093400,0.70570687,-0.11175801,-0.01268000,-0.08549001,0.98997011,-0.28955700,0.51328300,0.17048300,0.88715000,-0.36379700,-0.19501500,-0.64175600,-0.16760600,-0.09298700,1.27397400,0.26229500,0.26171200,0.05376606,-0.04628440,-1.31649900,0.03672100,-0.45873500,1.49228500,0.71612400,-1.00963200,-1.40208600,1.20190200,0.44356600,-0.11060500
-0.06154200,0.18799000,0.70997314,-0.10782995,-0.01183000,-0.09757596,0.98929858,-0.26290200,0.51142800,0.23001800,0.85823200,-0.34398300,-0.17985600,-0.74094000,-0.25044000,-0.08597200,1.38019300,0.16719500,0.26167200,0.07683568,-0.06917072,-1.34165300,0.08583500,-0.46067600,1.49437000,0.73670000,-1.08455800,-1.53955500,1.30302500,0.41348600,-0.19256600
-0.06098800,0.19331500,0.71656696,-0.10327195,-0.01173799,-0.10277495,0.98925954,-0.22743000,0.50099400,0.28100700,0.80547500,-0.31263400,-0.17628100,-0.83144100,-0.33985700,-0.07849600,1.48453500,0.09717200,0.26136900,0.10281114,-0.09764186,-1.35510900,0.13614000,-0.43717500,1.49055400,0.73033300,-1.16474400,-1.64687000,1.36491300,0.38578900,-0.29194100
-0.05988400,0.19738900,0.72532258,-0.09836602,-0.01076800,-0.10371603,0.98967225,-0.19284000,0.48363100,0.32103700,0.73918500,-0.26389900,-0.18413400,-0.91408900,-0.43360300,-0.07372900,1.58197300,0.03063800,0.22946200,0.13146092,-0.13010034,-1.35443700,0.18897500,-0.40174300,1.48527800,0.71190400,-1.24492800,-1.73051700,1.38190500,0.36080000,-0.37279200
-0.05856700,0.20075300,0.73685739,-0.09318104,-0.00717100,-0.10405005,0.99017143,-0.16615700,0.46027100,0.34960800,0.66616600,-0.18842700,-0.20246500,-0.99372200,-0.51666100,-0.06776400,1.67347800,-0.03390000,0.17267200,0.16156848,-0.16645946,-1.34507700,0.24199800,-0.36408000,1.47890500,0.69178500,-1.33553200,-1.79218900,1.34784200,0.32527600,-0.39709200
-0.05709300,0.20323800,0.74862028,-0.08862204,-0.00250800,-0.10078205,0.99095046,-0.14897500,0.43578300,0.35761800,0.59439900,-0.10240700,-0.24104800,-1.06719100,-0.58856000,-0.05583900,1.75977600,-0.08555300,0.12314200,0.19185043,-0.20151973,-1.33384200,0.28412800,-0.33194000,1.47528900,0.67648700,-1.43205600,-1.83688500,1.28332000,0.28343400,-0.38349800
-0.05559400,0.20483900,0.75931581,-0.08568101,0.00213400,-0.09057101,0.99219509,-0.14683700,0.41116500,0.34546200,0.53454900,-0.02065300,-0.26172400,-1.13176500,-0.65268000,-0.03934500,1.84289000,-0.11066400,0.09198200,0.22039300,-0.22880962,-1.33226000,0.30245100,-0.32082800,1.47529600,0.68011300,-1.53192200,-1.87360900,1.19377400,0.24200400,-0.33470000
-0.05418600,0.20563500,0.76840060,-0.08358800,0.00785900,-0.07911200,0.99332400,-0.15613600,0.38978700,0.32435800,0.49120400,0.05191700,-0.26176800,-1.19028900,-0.69975500,-0.01618200,1.91650700,-0.11284700,0.07717500,0.24642730,-0.24992420,-1.33523900,0.31185300,-0.31699000,1.47482200,0.69002600,-1.64576000,-1.88112400,1.08649000,0.19129900,-0.27318500
-0.05300200,0.20562000,0.77459902,-0.08134499,0.01522200,-0.07078299,0.99405284,-0.17403900,0.37766900,0.29782700,0.46873800,0.10767900,-0.26177700,-1.24588000,-0.71528400,0.01288800,1.97624500,-0.09096000,0.07172700,0.26859972,-0.26710519,-1.33935600,0.32435800,-0.31176300,1.47317600,0.69859800,-1.77122300,-1.85960200,0.96378300,0.14184700,-0.21669500
-0.05213700,0.20499600,0.77829068,-0.07855602,0.02199300,-0.06398301,0.99461120,-0.19499200,0.37170800,0.26992400,0.46989200,0.13926500,-0.26178000,-1.28846900,-0.71564000,0.03606200,2.01819900,-0.06387200,0.07014300,0.28412440,-0.27785779,-1.34531900,0.33343900,-0.30358600,1.46768300,0.70424500,-1.89495500,-1.81219200,0.83219900,0.08707100,-0.15739600
-0.05183000,0.20385800,0.78290810,-0.07531200,0.02617200,-0.05845700,0.99510095,-0.21447000,0.37282400,0.24285400,0.50621000,0.12828900,-0.26175500,-1.30917900,-0.71254300,0.04546000,2.03943500,-0.06594300,0.05880600,0.28979807,-0.27948147,-1.35280400,0.33412100,-0.28778300,1.45616500,0.70222100,-2.00427600,-1.74622700,0.69457000,0.03485500,-0.10480800
-0.05177600,0.20252000,0.78533962,-0.07044497,0.02769799,-0.05536997,0.99559253,-0.22910300,0.37250000,0.21839900,0.55605800,0.10146400,-0.26174200,-1.30662500,-0.70857900,0.04334600,2.03418600,-0.06666000,0.06300600,0.28742093,-0.27325774,-1.35977600,0.32705500,-0.26721900,1.44576400,0.69500500,-2.09060000,-1.66688600,0.54747700,-0.00417000,-0.04821500
-0.05187900,0.20136900,0.78615342,-0.06335203,0.02686101,-0.05447302,0.99614140,-0.23300500,0.36720800,0.20709700,0.59573500,0.08843500,-0.26173200,-1.27704500,-0.71342700,0.03143300,1.99063200,-0.03620600,0.12164200,0.27968552,-0.26222737,-1.36436300,0.31323600,-0.24194700,1.43829900,0.68248000,-2.14437600,-1.56026200,0.40110600,-0.04064900,0.03111400
-0.05176600,0.20028300,0.78545999,-0.05512002,0.02343301,-0.05532502,0.99667037,-0.22533500,0.35182100,0.18983900,0.61897100,0.08912700,-0.26171400,-1.22474700,-0.71913300,0.01147200,1.91600200,0.01420300,0.19686600,0.26814254,-0.24652600,-1.36641800,0.29081000,-0.21472700,1.43564400,0.66707800,-2.16780800,-1.44027600,0.25735400,-0.07668700,0.11140700
-0.05104600,0.19934900,0.78381097,-0.04640301,0.01693000,-0.05744002,0.99712626,-0.20479800,0.31578300,0.14546100,0.61574300,0.11337200,-0.26170100,-1.15132500,-0.72600900,-0.01790900,1.81444000,0.08879700,0.25061400,0.25509271,-0.22513987,-1.36414800,0.25447200,-0.18579700,1.44246300,0.64830300,-2.16609800,-1.31476400,0.13007300,-0.11759000,0.19023500
-0.04966900,0.19842100,0.78051794,-0.03802501,0.00968000,-0.06192402,0.99730929,-0.17426200,0.27113000,0.08731300,0.59080800,0.15146300,-0.26173100,-1.06345000,-0.72933900,-0.06345300,1.69255600,0.16818200,0.26142800,0.24057122,-0.20022913,-1.35819000,0.21713100,-0.16195400,1.45314300,0.63481800,-2.15525900,-1.19892400,0.01319800,-0.14640800,0.24462800
-0.04726100,0.19746900,0.77513896,-0.03137099,0.00367400,-0.07007298,0.99704169,-0.13642300,0.22560500,0.01643800,0.54035300,0.20223200,-0.26153000,-0.97058700,-0.70832500,-0.10509400,1.55804800,0.23534600,0.26149700,0.22643611,-0.17419142,-1.34934900,0.19074100,-0.15496100,1.46331700,0.63943500,-2.14622700,-1.11590100,-0.11675600,-0.13335600,0.22919500
-0.04441200,0.19616400,0.77490276,-0.02665099,-0.00115800,-0.07959097,0.99647060,-0.09542900,0.19123600,-0.04582400,0.48830800,0.23158000,-0.25511400,-0.87574000,-0.66737500,-0.13713900,1.41550500,0.29047600,0.26100900,0.21282933,-0.14847573,-1.34116200,0.17111900,-0.15195400,1.47170300,0.64850100,-2.13198900,-1.04494500,-0.24289500,-0.08490200,0.19957600
-0.04151600,0.19425100,0.77038539,-0.02419501,-0.00502500,-0.08924104,0.99570346,-0.05728200,0.17922900,-0.07814200,0.46647200,0.18334500,-0.25873300,-0.78008400,-0.60556400,-0.15457100,1.26763300,0.32263300,0.26117400,0.19896628,-0.12445128,-1.33505900,0.15832900,-0.14178700,1.47744300,0.65078700,-2.11511000,-0.96927000,-0.34779000,-0.00508000,0.20392700
-0.03880000,0.19144800,0.76073458,-0.02337601,-0.00754400,-0.09886704,0.99479745,-0.02535900,0.18163800,-0.08727300,0.46405000,0.08987000,-0.26141300,-0.68885600,-0.53294400,-0.15125000,1.12392900,0.34661000,0.26128800,0.18517274,-0.10246225,-1.33186200,0.15471400,-0.13037500,1.47958200,0.65231100,-2.10007100,-0.91141700,-0.42802100,0.10553500,0.22012800
-0.03655200,0.18742600,0.74784950,-0.02391600,-0.00839800,-0.10798701,0.99382911,0.00066200,0.19106400,-0.07585300,0.47258000,-0.02857500,-0.26158600,-0.60791400,-0.45562000,-0.12597900,0.98885200,0.40845300,0.24889700,0.17013336,-0.08509899,-1.32922000,0.16206200,-0.12139800,1.47939800,0.65679600,-2.08848200,-0.88282000,-0.48015000,0.24401100,0.24622200
-0.03499500,0.18206600,0.73643180,-0.02273599,-0.00750800,-0.11504496,0.99307168,0.01803000,0.20165300,-0.05507600,0.48643700,-0.14902100,-0.26155600,-0.53499700,-0.40230900,-0.11339400,0.87729800,0.42331100,0.22218500,0.15314074,-0.06946549,-1.33014600,0.17662300,-0.11061400,1.47433600,0.65991500,-2.08661100,-0.87961900,-0.48232600,0.39929500,0.27404000
-0.03441000,0.17487900,0.73333731,-0.01744600,-0.00456000,-0.11772001,0.99288310,0.02459300,0.20784200,-0.03553700,0.49634700,-0.24598000,-0.25892100,-0.46676500,-0.39257100,-0.14080100,0.82039600,0.25488700,0.25546400,0.13411210,-0.05341791,-1.33852800,0.19692500,-0.09358700,1.45839600,0.65732400,-2.09636600,-0.91086500,-0.41992300,0.56235400,0.27960200
-0.03490900,0.16662000,0.72101478,-0.00877800,-0.00075100,-0.11616806,0.99319050,0.01678100,0.20408900,-0.02509900,0.51083900,-0.31353300,-0.24530800,-0.41156800,-0.41449200,-0.20404400,0.79592000,0.04561600,0.26161600,0.11505222,-0.03934436,-1.35136000,0.22102700,-0.07544200,1.43718100,0.65325900,-2.11452300,-0.94915900,-0.29672600,0.71043000,0.27402100
-0.03679400,0.15817700,0.71424268,0.00294400,0.00504600,-0.10706499,0.99423486,-0.01542600,0.19169600,-0.04336100,0.53512100,-0.34012200,-0.24604600,-0.38920100,-0.43492800,-0.24091100,0.77989100,-0.07422300,0.26033300,0.10315720,-0.03161699,-1.36811800,0.24549700,-0.05894500,1.41526400,0.64989700,-2.14344600,-0.96013000,-0.12695900,0.82153900,0.26845000
-0.03969900,0.14897500,0.71176759,0.01374599,0.01183300,-0.09438397,0.99537063,-0.06794600,0.17682800,-0.07153300,0.57539000,-0.31775400,-0.25549600,-0.37898700,-0.44995300,-0.27547300,0.76298500,-0.14405200,0.23755200,0.09475143,-0.02986914,-1.38362700,0.27260500,-0.04475200,1.39342900,0.64905000,-2.16872000,-0.97663700,0.05153400,0.89488300,0.23942800
-0.04355800,0.13840400,0.71348345,0.02251499,0.01741299,-0.08178396,0.99624357,-0.14120500,0.15678400,-0.11017800,0.64121900,-0.22562100,-0.26014600,-0.36526100,-0.45854300,-0.31208800,0.73563100,-0.17207300,0.21301200,0.08369012,-0.03535050,-1.39266800,0.30710600,-0.03351300,1.37070700,0.65396700,-2.17646000,-1.00233500,0.25286600,0.90239000,0.16521100
-0.04786100,0.12713300,0.71953769,0.02950701,0.02198201,-0.06508302,0.99720125,-0.23109500,0.15754700,-0.10825100,0.71643900,-0.09124300,-0.26104800,-0.34247400,-0.46569700,-0.36029400,0.69577700,-0.16815900,0.19124000,0.06758770,-0.04963122,-1.40211800,0.33733500,-0.02679600,1.35264000,0.66375600,-2.17884500,-1.02466400,0.42871800,0.87429100,0.09433800
-0.05239300,0.11535300,0.72725353,0.03207799,0.02402099,-0.04244499,0.99829475,-0.33551500,0.22417200,0.00379600,0.79663100,0.07834700,-0.26173700,-0.29615000,-0.46655600,-0.43591300,0.63638100,-0.14324700,0.16992200,0.04467990,-0.07353945,-1.41572000,0.34672100,-0.02983100,1.35177700,0.67916200,-2.17965100,-1.04493400,0.52070900,0.84231500,0.08462100
-0.05623600,0.10349100,0.73098079,0.03251000,0.02392800,-0.01825900,0.99901810,-0.43652400,0.33489500,0.15222200,0.88767200,0.22068300,-0.26175900,-0.23650100,-0.46051300,-0.52406000,0.56539900,-0.10410900,0.15318500,0.01687393,-0.09796057,-1.43535700,0.33412200,-0.03886800,1.36124300,0.69725000,-2.17103200,-1.07325100,0.57225500,0.79157500,0.09315800
-0.05793300,0.09198400,0.73645183,0.03194300,0.02267500,0.00435500,0.99922296,-0.50832000,0.45499400,0.28054600,0.99167700,0.20913100,-0.26175900,-0.17191800,-0.44744300,-0.61156400,0.48874900,-0.06298400,0.14258200,-0.01607327,-0.11210043,-1.46335900,0.30111700,-0.05173800,1.37232100,0.71667300,-2.14733300,-1.11430400,0.61070700,0.72189700,0.09486500
-0.05884200,0.08132400,0.74175190,0.03177099,0.02122400,0.02288200,0.99900779,-0.56332800,0.56413500,0.37528900,1.11740500,0.13002000,-0.26175300,-0.11658900,-0.42949000,-0.68233900,0.41717500,-0.01543200,0.14244100,-0.05305196,-0.11663598,-1.49410300,0.25881100,-0.06244000,1.38688200,0.73378900,-2.11689400,-1.16648100,0.62530100,0.63378500,0.09216000
-0.05994000,0.07220300,0.74781846,0.03429801,0.02076601,0.03649001,0.99852937,-0.62947900,0.63798800,0.41403100,1.26584900,0.08404000,-0.26174500,-0.08284500,-0.41835200,-0.72189700,0.36491100,0.04271100,0.16232200,-0.09243486,-0.11380138,-1.52409200,0.21668800,-0.06431800,1.40293800,0.74375700,-2.08415700,-1.23041500,0.61884600,0.52342100,0.07273700
-0.06091200,0.06457000,0.75482772,0.03780999,0.02065599,0.04656598,0.99798564,-0.70302000,0.68877900,0.41717200,1.42299900,0.04979100,-0.26172800,-0.06450000,-0.41216200,-0.73391800,0.32789300,0.10652400,0.19454200,-0.13281678,-0.10774098,-1.54926600,0.17784100,-0.05969200,1.41753600,0.74905700,-2.03978800,-1.29443400,0.57562600,0.40506100,0.06480100
-0.06192200,0.05882700,0.76275308,0.04087499,0.02089199,0.05222598,0.99757967,-0.78144600,0.72149300,0.39405100,1.58157000,0.01762800,-0.26173900,-0.05855000,-0.40753100,-0.72404800,0.30159700,0.17692900,0.23325300,-0.17133110,-0.10183591,-1.56645200,0.15066900,-0.04695000,1.42737000,0.74901700,-1.98227600,-1.33810100,0.47993800,0.29043000,0.10385300
-0.06251000,0.05427000,0.76999262,0.04293901,0.02140100,0.05715001,0.99721217,-0.86139300,0.74106500,0.35922700,1.73358300,-0.00426100,-0.26141700,-0.06323300,-0.40255600,-0.68834500,0.28842000,0.24018300,0.26049600,-0.20648820,-0.09710161,-1.57413200,0.12443200,-0.03320400,1.43834600,0.74889600,-1.91164100,-1.37119700,0.35520300,0.18010600,0.15210000
-0.06210800,0.05032500,0.77549426,0.04385699,0.02224100,0.06409099,0.99673178,-0.93504900,0.75749200,0.33119100,1.87192500,-0.01436300,-0.25443400,-0.07813800,-0.39569000,-0.61982200,0.29393100,0.28120200,0.26164000,-0.23842579,-0.09280892,-1.57991800,0.09176400,-0.02825000,1.44983900,0.75682200,-1.83356200,-1.41682800,0.20481100,0.08475100,0.17014100
-0.06120700,0.04705600,0.77870026,0.04412502,0.02452501,0.07055803,0.99622943,-1.00177900,0.77337100,0.30824200,1.98901300,-0.01195600,-0.24324100,-0.10105100,-0.38488100,-0.52414300,0.31300200,0.29388300,0.26174800,-0.26698019,-0.08907761,-1.58785400,0.06409300,-0.02257900,1.45285400,0.76481000,-1.75302600,-1.44599700,0.02944800,0.00743300,0.17731100
-0.05997200,0.04438500,0.77851215,0.04329798,0.02837399,0.07588996,0.99577152,-1.06132400,0.78947200,0.28608300,2.07600600,0.00582600,-0.24101700,-0.13039000,-0.36393500,-0.39597500,0.34340000,0.26532100,0.26174500,-0.29032113,-0.08822061,-1.58912600,0.04321800,-0.00840200,1.44840300,0.76585400,-1.68235600,-1.43756500,-0.16472400,-0.05367200,0.18035800
-0.05878200,0.04202500,0.78098748,0.04158002,0.03245601,0.07962403,0.99542841,-1.11051400,0.80507700,0.26465500,2.12961200,0.04370700,-0.24588500,-0.15578600,-0.33906000,-0.27376000,0.37671400,0.21969400,0.26172400,-0.30843619,-0.08778197,-1.58950300,0.01938000,0.00927600,1.44467000,0.76349100,-1.62069500,-1.40518700,-0.35722100,-0.10105200,0.17885800
-0.05819800,0.03964200,0.78078155,0.03950200,0.03523400,0.08106800,0.99530203,-1.14520600,0.82437600,0.24538700,2.14255900,0.11496100,-0.24842300,-0.16523100,-0.32751500,-0.20628600,0.39575200,0.17088600,0.26161300,-0.32092388,-0.08507184,-1.58704500,0.00303400,0.03036600,1.44067700,0.75897000,-1.56512300,-1.35326300,-0.52314300,-0.13376800,0.18571800
-0.05781900,0.03724000,0.77821244,0.03596300,0.03558100,0.08182499,0.99536191,-1.16179200,0.83929100,0.23199500,2.11791300,0.19205100,-0.25248000,-0.16200900,-0.32206700,-0.17138000,0.40204600,0.13584800,0.25719900,-0.32689664,-0.08262119,-1.57913600,-0.00941000,0.05151000,1.44073800,0.75460200,-1.52749100,-1.29774400,-0.65694100,-0.14315600,0.19513800
-0.05755400,0.03458000,0.77295280,0.03029801,0.03279201,0.08244302,0.99559523,-1.15233900,0.84640100,0.23012800,2.05439400,0.24485100,-0.25763500,-0.14825400,-0.31615100,-0.16403100,0.39448700,0.15294100,0.23356100,-0.32673609,-0.08207577,-1.56523800,-0.02127400,0.06806200,1.45185700,0.75359000,-1.50792300,-1.25317200,-0.75303400,-0.11611700,0.19498100
-0.05705500,0.03209200,0.76657948,0.02369400,0.02809100,0.08410699,0.99577884,-1.12377100,0.84027800,0.23584500,1.96513900,0.27421200,-0.25824400,-0.12705100,-0.30806500,-0.16409700,0.37980200,0.17677300,0.21507200,-0.32057781,-0.08406769,-1.55035700,-0.03267300,0.08227000,1.46626800,0.75408900,-1.51097600,-1.21838600,-0.80701400,-0.04617400,0.19561700
-0.05576800,0.03013000,0.76367875,0.01688399,0.02218899,0.08826597,0.99570663,-1.08225300,0.81367800,0.24215500,1.86181500,0.26807900,-0.24540900,-0.10392600,-0.28779200,-0.13389700,0.37219500,0.15907500,0.22905200,-0.30819171,-0.08952434,-1.53826700,-0.04633800,0.09436800,1.47990200,0.75590000,-1.54241500,-1.19056700,-0.81450800,0.07036800,0.20550100
-0.05421500,0.02872200,0.75790078,0.00998399,0.01618299,0.09282895,0.99550049,-1.03144200,0.77346000,0.24388200,1.74965000,0.25112900,-0.21905800,-0.08093500,-0.26410800,-0.09918700,0.37351400,0.10837000,0.25414600,-0.29129342,-0.09633704,-1.53072100,-0.06042000,0.10654100,1.48898600,0.75735300,-1.58867000,-1.18185500,-0.77797400,0.22472500,0.21682500
-0.05270000,0.02792100,0.74825123,0.00366100,0.01143500,0.09663198,0.99524776,-0.97828800,0.71695800,0.23274600,1.63289500,0.25435400,-0.18704200,-0.05941200,-0.24545100,-0.08760900,0.38457700,0.02179800,0.26113600,-0.27146951,-0.10152859,-1.53091500,-0.07154500,0.12108800,1.48832000,0.75691200,-1.64321500,-1.19843200,-0.70082200,0.40527600,0.23850600
-0.05133100,0.02806800,0.73668826,-0.00302600,0.00682800,0.09814204,0.99514439,-0.91611300,0.65802900,0.20960800,1.51785900,0.26816700,-0.16082500,-0.04130500,-0.22816400,-0.08694200,0.40223400,-0.07615000,0.26152600,-0.24912537,-0.10706981,-1.53241400,-0.07807600,0.13748500,1.48482200,0.75466800,-1.68916900,-1.23067000,-0.57021000,0.58641900,0.25491500
-0.05036500,0.02925300,0.72573683,-0.01046900,0.00160500,0.09617303,0.99530828,-0.84247900,0.61559300,0.18372100,1.41384900,0.29660400,-0.15059900,-0.02911300,-0.21298900,-0.09172900,0.42354300,-0.15914600,0.26116000,-0.22469916,-0.11382505,-1.53242900,-0.08085900,0.15927700,1.48310300,0.74687600,-1.70530900,-1.28256500,-0.37237300,0.75102300,0.24010400
-0.04967100,0.03233500,0.71630737,-0.01993001,-0.00403100,0.08859402,0.99586025,-0.75450200,0.58577100,0.16310000,1.31862000,0.29623600,-0.15889000,-0.02301100,-0.19365500,-0.08839800,0.44480200,-0.22233700,0.25754100,-0.19910863,-0.12286357,-1.52636400,-0.07406000,0.17709400,1.48222100,0.74360900,-1.71073000,-1.33183700,-0.14264800,0.86338800,0.21600400
-0.04924900,0.03834300,0.70956796,-0.03317399,-0.01009600,0.07110997,0.99686555,-0.64305400,0.56488800,0.15624700,1.23602000,0.20871100,-0.19388900,-0.02368300,-0.16343100,-0.05942900,0.46037800,-0.25627400,0.25543200,-0.17411311,-0.13702264,-1.51177300,-0.05133100,0.17989100,1.48083300,0.75635900,-1.71253000,-1.34820700,0.08767400,0.88689100,0.19191400
-0.04893500,0.04683100,0.70604639,-0.04777599,-0.01573200,0.04954099,0.99750471,-0.52557700,0.56184100,0.17227600,1.16179600,0.07228400,-0.22925900,-0.03248700,-0.13017200,-0.01726300,0.47713500,-0.25839800,0.25695500,-0.14991361,-0.15431852,-1.49155700,-0.02392100,0.17567900,1.48290800,0.77632400,-1.71226000,-1.34685700,0.29841300,0.86689300,0.17414900
-0.04836600,0.05801500,0.70560694,-0.06339101,-0.02030100,0.02850100,0.99737513,-0.41726800,0.57666100,0.22691300,1.08689200,-0.10068800,-0.23933500,-0.04683700,-0.09611200,0.03125400,0.49751000,-0.22703100,0.25976400,-0.12467133,-0.17506601,-1.46726600,0.00375900,0.16828600,1.49044300,0.79906200,-1.72199700,-1.34027400,0.46404700,0.82874200,0.18195200
-0.04811900,0.07063500,0.70903062,-0.07885199,-0.02232500,0.00792100,0.99660484,-0.32192600,0.59279700,0.30371400,1.01091000,-0.25444900,-0.22184100,-0.07822400,-0.06177400,0.07309600,0.53127700,-0.15706800,0.26143400,-0.09857525,-0.19617329,-1.44916000,0.02466600,0.15824800,1.49647700,0.82335900,-1.74097500,-1.34428700,0.59839000,0.76492700,0.18890400
-0.04874800,0.08364900,0.71785935,-0.09257296,-0.02019299,-0.01160099,0.99543353,-0.25309800,0.59956200,0.37373600,0.93187900,-0.31491400,-0.18258100,-0.14299000,-0.02784400,0.10346400,0.59115900,-0.02646800,0.26168100,-0.07305191,-0.21117594,-1.43642200,0.03827900,0.14653800,1.49892900,0.84828000,-1.77022100,-1.37766300,0.71320100,0.68996600,0.16662300
-0.04995600,0.09666600,0.72339357,-0.10311301,-0.01618700,-0.03273400,0.99399908,-0.19713500,0.59881900,0.44770300,0.85125400,-0.32120800,-0.14289000,-0.23144500,-0.02071900,0.09195200,0.66869900,0.10933100,0.26172700,-0.04709240,-0.21827858,-1.43448000,0.05402200,0.13713300,1.49917700,0.87000500,-1.81150800,-1.40850600,0.78819200,0.60940100,0.14250900
-0.05192700,0.10927900,0.72064418,-0.10696302,-0.01197000,-0.05711201,0.99254917,-0.14247100,0.58656100,0.53158500,0.77343400,-0.29514200,-0.11612500,-0.33926500,-0.08017800,-0.00196300,0.77016900,0.20623700,0.26174600,-0.02060099,-0.21538693,-1.44193800,0.07583300,0.13494500,1.49769600,0.88408700,-1.85612400,-1.41187300,0.81460300,0.53283200,0.15038900
-0.05376900,0.12072700,0.72896631,-0.10689301,-0.00867100,-0.08002301,0.99100707,-0.08892300,0.56738000,0.61665400,0.69772400,-0.24736500,-0.10656200,-0.44753100,-0.17236700,-0.10017400,0.89188200,0.25946600,0.26175200,0.00500384,-0.21023988,-1.44441500,0.10327200,0.14022600,1.48967000,0.89159900,-1.89636800,-1.39469700,0.80571900,0.46283500,0.17362700
-0.05450200,0.12976600,0.73688105,-0.10574396,-0.00798100,-0.09861096,0.98945965,-0.03424900,0.54691500,0.69348800,0.62514900,-0.19661400,-0.12160600,-0.54478500,-0.24670700,-0.14180800,1.03077800,0.21941200,0.26176900,0.02916015,-0.20866803,-1.43616100,0.13759100,0.15655800,1.46530800,0.89083400,-1.93600100,-1.36227300,0.75398400,0.40644500,0.19949300
-0.05456900,0.13748200,0.74407348,-0.10287803,-0.00822900,-0.11443403,0.98805529,0.01193400,0.52331600,0.75524400,0.56303500,-0.13860100,-0.15299700,-0.63833200,-0.31122200,-0.15280600,1.18120000,0.13630500,0.26167400,0.05270294,-0.20778731,-1.42082200,0.17334300,0.17960600,1.43518400,0.88501800,-1.97417100,-1.31683500,0.66731400,0.35452700,0.22438000
-0.05392200,0.14453400,0.75180559,-0.09804195,-0.00802100,-0.12801694,0.98688150,0.04343000,0.49840500,0.79979800,0.51596800,-0.07058800,-0.20032000,-0.72820100,-0.37283500,-0.15306700,1.32930600,0.06415600,0.26141700,0.07623075,-0.20761067,-1.40147700,0.20624100,0.20558200,1.40872700,0.87621800,-2.01265700,-1.26398000,0.55463300,0.30362700,0.24047000
-0.05306200,0.15083700,0.75914799,-0.09249898,-0.00679200,-0.13795897,0.98608576,0.05457200,0.47343500,0.80955900,0.48312500,-0.00252200,-0.24408500,-0.81466000,-0.43006200,-0.14421400,1.46944800,0.01300600,0.26153200,0.10036953,-0.20698032,-1.38308500,0.23151600,0.23180400,1.38752200,0.86582200,-2.05058400,-1.20491600,0.42513900,0.25692300,0.24666300
-0.05244500,0.15657500,0.76648922,-0.08715602,-0.00334700,-0.14272904,0.98591128,0.03958000,0.44946100,0.77377600,0.46555500,0.06380400,-0.25585400,-0.90007500,-0.48323700,-0.12935200,1.59804600,0.00798600,0.26140200,0.12626096,-0.20575663,-1.37109000,0.24389700,0.25476000,1.37346600,0.85527600,-2.08873100,-1.13740200,0.29548200,0.20602800,0.24643700
-0.05210600,0.16173700,0.77303131,-0.08270198,0.00106800,-0.14203796,0.98639975,0.00460600,0.42725900,0.69634400,0.46738200,0.12206300,-0.25704700,-0.97621500,-0.53286200,-0.11284700,1.70805000,0.03074600,0.26139000,0.15300185,-0.20293844,-1.36705100,0.24371400,0.27209000,1.36636100,0.84737200,-2.12839100,-1.07490500,0.16980800,0.16199100,0.23808600
-0.05239600,0.16625900,0.77732254,-0.07927398,0.00458800,-0.13475796,0.98769169,-0.04922100,0.40221200,0.57028100,0.49850100,0.16220500,-0.25772000,-1.03473900,-0.57830500,-0.09995400,1.79366500,0.06727900,0.26141500,0.17877049,-0.19405720,-1.37533700,0.22741600,0.27906900,1.36821100,0.84691300,-2.16860400,-1.03184800,0.05268400,0.14123200,0.20784900
-0.05286900,0.17036600,0.77881632,-0.07711997,0.00746300,-0.12517496,0.98910467,-0.10903100,0.36741800,0.42422200,0.54672200,0.18120800,-0.25831000,-1.07447000,-0.61726200,-0.09220400,1.85253200,0.10956500,0.26131800,0.20241700,-0.18188722,-1.38747400,0.20393900,0.28204600,1.37325000,0.84910100,-2.20073200,-0.99870300,-0.05620600,0.14099300,0.18159100
-0.05320500,0.17416000,0.77934915,-0.07625898,0.00887700,-0.11663796,0.99020268,-0.15911900,0.32249500,0.28098400,0.59979600,0.17005500,-0.25836100,-1.09407400,-0.64560800,-0.08964500,1.88189700,0.14348200,0.25657300,0.22113002,-0.16891320,-1.39672500,0.18193000,0.28476000,1.37588800,0.85205100,-2.21823800,-0.96875300,-0.15626100,0.15974600,0.18364400
-0.05342700,0.17770700,0.78054756,-0.07489698,0.00911000,-0.10907797,0.99116570,-0.19481600,0.27102900,0.15663200,0.64876100,0.14361400,-0.25900200,-1.08920900,-0.67452700,-0.10251300,1.87879400,0.17523100,0.23683100,0.23299514,-0.15525995,-1.40278000,0.15898200,0.29005200,1.37951100,0.85206300,-2.22717400,-0.94715900,-0.24175800,0.20225200,0.19980000
-0.05350300,0.18121100,0.78016770,-0.07218597,0.00851200,-0.10323496,0.99199762,-0.21248100,0.22258000,0.06889800,0.68138600,0.11100700,-0.26071800,-1.05325500,-0.70386100,-0.12967300,1.83582800,0.21391200,0.24910700,0.23664954,-0.14251345,-1.40440200,0.13396800,0.30444400,1.38549100,0.84203900,-2.23042700,-0.93373100,-0.30821200,0.27404600,0.22728700
-0.05325300,0.18445000,0.77824667,-0.06807500,0.00627500,-0.09992200,0.99264395,-0.21398400,0.18024500,0.00800600,0.69233900,0.08647600,-0.26145300,-0.99289500,-0.72722800,-0.17089900,1.76161000,0.25423800,0.26057000,0.23260587,-0.13022505,-1.40110800,0.11186500,0.32038800,1.39190800,0.83071400,-2.22844500,-0.93620600,-0.34975100,0.37330200,0.25514100
-0.05247000,0.18739600,0.77465756,-0.06346301,0.00257500,-0.10002001,0.99295610,-0.19942100,0.14859900,-0.02842400,0.66429000,0.10058400,-0.26161000,-0.91270500,-0.73764800,-0.22161900,1.66184500,0.29294000,0.26142300,0.22316864,-0.11922171,-1.39234800,0.09503400,0.33162700,1.39873400,0.82466700,-2.21844900,-0.96198500,-0.35932700,0.49809200,0.27178800
-0.05118200,0.18981200,0.77011759,-0.05836999,-0.00226200,-0.10265999,0.99299988,-0.17499100,0.12440400,-0.05108900,0.62297100,0.11968600,-0.26155400,-0.82006200,-0.73298500,-0.27619300,1.54305200,0.32984200,0.26153300,0.20985909,-0.10818540,-1.38300500,0.08206700,0.33922500,1.40530600,0.82236300,-2.20074500,-1.00086400,-0.31994500,0.63983800,0.28310200
-0.04915500,0.19137700,0.76924028,-0.05286802,-0.00773100,-0.10746205,0.99277244,-0.14672200,0.10029300,-0.07405500,0.59670200,0.10632300,-0.25251900,-0.72620200,-0.71021100,-0.32351900,1.41208900,0.36245400,0.26128900,0.19507562,-0.09571321,-1.37427100,0.07385200,0.34144700,1.41176000,0.82533500,-2.17490400,-1.04279400,-0.22040700,0.79110200,0.29059800
-0.04698900,0.19217500,0.76439781,-0.04710799,-0.01273100,-0.11251797,0.99245074,-0.12357700,0.07995400,-0.07638900,0.59134300,0.06208700,-0.20932200,-0.63370000,-0.67353200,-0.36295000,1.27433100,0.39506700,0.26097200,0.17888318,-0.08368707,-1.36873300,0.07002600,0.34042400,1.41600100,0.83114000,-2.14235700,-1.07789700,-0.06427100,0.91829400,0.28671100
-0.04528500,0.19221500,0.75338369,-0.04069400,-0.01681200,-0.11620301,0.99224907,-0.11461600,0.06615800,-0.05633800,0.62289300,-0.02654800,-0.18552600,-0.55057100,-0.61487500,-0.38174400,1.12933800,0.46374300,0.25824300,0.16170802,-0.07356704,-1.36869200,0.07311300,0.33511300,1.41452500,0.84089900,-2.10315800,-1.10613800,0.14123300,0.99667400,0.25044900
-0.04384100,0.19132000,0.73872051,-0.03441298,-0.02080899,-0.11903295,0.99207555,-0.11482300,0.05754500,-0.02640000,0.67658000,-0.13444600,-0.16803200,-0.46471100,-0.56121500,-0.40276300,0.99783500,0.47793900,0.24791700,0.14200745,-0.06381586,-1.37119200,0.07850300,0.33322500,1.41066900,0.84682100,-2.06769800,-1.13781500,0.35000100,1.02619600,0.20210700
-0.04254800,0.18871600,0.72600263,-0.02840400,-0.02561000,-0.12099501,0.99191610,-0.12024400,0.05434300,0.00623100,0.73892700,-0.23284500,-0.13657400,-0.34876400,-0.54029100,-0.49111700,0.90550600,0.27890100,0.22695500,0.11484399,-0.05251468,-1.37092500,0.08736200,0.34805500,1.40365300,0.83661000,-2.04196600,-1.16328800,0.53490900,0.99090400,0.16366400
-0.04174400,0.18617300,0.71216170,-0.02209700,-0.02968300,-0.11948502,0.99214614,-0.13186200,0.04951400,0.03157500,0.80096000,-0.31789700,-0.10523000,-0.24601500,-0.53620100,-0.59348500,0.85780200,0.02979700,0.20489200,0.08755896,-0.04596530,-1.37446600,0.09368600,0.36348600,1.39757700,0.82505500,-2.02424200,-1.18528600,0.69148600,0.91710500,0.13991900
-0.04189500,0.18507600,0.69969964,-0.01708700,-0.03080400,-0.11083800,0.99321402,-0.15282900,0.04074000,0.03353800,0.85331900,-0.38293300,-0.08409300,-0.20470900,-0.55003300,-0.64213300,0.86460100,-0.10948900,0.19702100,0.06892402,-0.05087881,-1.38692800,0.09606800,0.36430200,1.39427200,0.82656100,-2.02800300,-1.22056600,0.79809000,0.82574600,0.13955200
-0.04243100,0.18601600,0.69265999,-0.01329300,-0.03097900,-0.09882101,0.99453406,-0.17266100,0.02765900,0.02304900,0.89096000,-0.42676200,-0.07028300,-0.20915100,-0.58448000,-0.65335800,0.91354300,-0.14668200,0.19866400,0.06085629,-0.06387410,-1.40106400,0.09517100,0.36256200,1.39259000,0.83051200,-2.04980800,-1.25851800,0.86673400,0.71418600,0.14211700
-0.04300800,0.19089800,0.69519170,-0.00948000,-0.03202500,-0.08694699,0.99565293,-0.18197000,0.00453000,0.00822700,0.90469000,-0.44464900,-0.06257700,-0.26582400,-0.64510800,-0.61612100,1.00497700,-0.02916400,0.20592000,0.07008006,-0.08026206,-1.41199900,0.08625800,0.36941200,1.39275800,0.82668800,-2.07731600,-1.28262000,0.91332300,0.59280600,0.13960900
-0.04350500,0.19700100,0.69847719,-0.00990400,-0.03258801,-0.07904103,0.99628934,-0.18120500,-0.00991200,-0.00514400,0.89737000,-0.44332700,-0.05945700,-0.35239300,-0.70336400,-0.55183000,1.10201000,0.15953000,0.22747500,0.08991608,-0.09687451,-1.41693900,0.07828700,0.37208700,1.39728200,0.82832700,-2.10518400,-1.29518000,0.93150300,0.47488400,0.14180700
-0.04364400,0.20226300,0.69984611,-0.01688700,-0.03306999,-0.08096898,0.99602471,-0.16499200,0.00085600,-0.00540600,0.86828600,-0.43184700,-0.05814800,-0.43866400,-0.73654100,-0.49467200,1.16475500,0.34895100,0.26007300,0.10924148,-0.11129968,-1.40830200,0.08180000,0.35664200,1.41078900,0.84988100,-2.13131000,-1.29670300,0.91083000,0.36766900,0.15791300
-0.04354000,0.20655700,0.69894041,-0.02563699,-0.03323299,-0.08726198,0.99530079,-0.14361300,0.02142300,0.00140400,0.82569500,-0.40434600,-0.06498400,-0.52163000,-0.75720000,-0.44930400,1.21701500,0.48160000,0.26168200,0.12768934,-0.12084387,-1.39679000,0.08785100,0.33621700,1.42435600,0.87688200,-2.15092400,-1.29002000,0.86151500,0.27087500,0.18136800
-0.04314200,0.20865200,0.70879570,-0.03355300,-0.03139500,-0.09179700,0.99471698,-0.12846500,0.04141100,0.00320500,0.77979500,-0.35506700,-0.09019600,-0.59937900,-0.75597100,-0.39442400,1.27921900,0.44429300,0.26150300,0.14382394,-0.12659127,-1.39378400,0.08646300,0.31643700,1.43410700,0.90195300,-2.16344000,-1.28177800,0.78561300,0.18910400,0.20778600
-0.04269000,0.20974600,0.72027128,-0.03952099,-0.02791399,-0.09554198,0.99424878,-0.11800100,0.05712500,0.00015800,0.72912300,-0.28983700,-0.12176800,-0.67529500,-0.75240400,-0.34276500,1.35157800,0.34270300,0.25781900,0.15859503,-0.12851192,-1.39412100,0.08267700,0.30596400,1.43799600,0.91793300,-2.17321900,-1.26441300,0.69158700,0.11374900,0.22905400
-0.04235300,0.21076200,0.73296352,-0.04284800,-0.02314000,-0.09658200,0.99413304,-0.11155200,0.06352100,-0.00992500,0.67207500,-0.20903000,-0.14730000,-0.75077100,-0.76483500,-0.29908900,1.42742700,0.29457500,0.25288800,0.17574291,-0.12777975,-1.39480800,0.08066800,0.32186000,1.42817000,0.90984800,-2.18514400,-1.23772100,0.58900300,0.04326400,0.23175000
-0.04226200,0.21147000,0.74584037,-0.04469999,-0.01704500,-0.09527399,0.99430088,-0.10981900,0.06517300,-0.02737000,0.61337800,-0.11992600,-0.17613800,-0.82098000,-0.78262600,-0.26263900,1.49967500,0.25786400,0.24879100,0.19525696,-0.12690525,-1.39859000,0.07741000,0.34545500,1.41302800,0.89474300,-2.19766400,-1.20107100,0.48001000,-0.01919300,0.22904900
-0.04265100,0.21206600,0.75803282,-0.04472398,-0.00979100,-0.09164696,0.99473853,-0.11438600,0.06173900,-0.05515600,0.55796400,-0.02770300,-0.21561500,-0.88017300,-0.80482800,-0.23806500,1.56897800,0.19435200,0.24709100,0.21859110,-0.12660969,-1.40871000,0.07040500,0.36245400,1.39971500,0.88515700,-2.21039100,-1.14862600,0.37433500,-0.07761200,0.23405400
-0.04340100,0.21214900,0.76871161,-0.04597499,-0.00162400,-0.08727098,0.99512182,-0.12303700,0.06118000,-0.08439000,0.50841300,0.05668600,-0.25774300,-0.92874200,-0.82327100,-0.22384800,1.63161200,0.13130300,0.23962800,0.24281442,-0.12860858,-1.41928600,0.06493200,0.37577300,1.38706400,0.87921000,-2.22204700,-1.09358600,0.26939500,-0.11970000,0.23727900
-0.04449700,0.21127000,0.77666468,-0.04992298,0.00712300,-0.08399097,0.99518967,-0.13440300,0.07320300,-0.08932400,0.46713400,0.11801300,-0.26149700,-0.96948200,-0.82830200,-0.22016900,1.68174900,0.09384400,0.21268300,0.26200828,-0.13497173,-1.42648000,0.06423200,0.38144000,1.37667100,0.88093000,-2.22784200,-1.04909900,0.15723800,-0.12949700,0.22667700
-0.04589300,0.20958200,0.78264387,-0.05448301,0.01560200,-0.08190901,0.99502718,-0.14909900,0.09188800,-0.08252300,0.43796600,0.16414600,-0.26171500,-1.00115300,-0.82460200,-0.22356600,1.71514800,0.07936000,0.18240500,0.27448476,-0.14266435,-1.43025200,0.06702000,0.38553200,1.36671300,0.88484900,-2.22728300,-1.01037100,0.04063500,-0.11496900,0.21292200
-0.04757200,0.20697400,0.78814191,-0.05942499,0.02318900,-0.08165899,0.99461689,-0.16754600,0.11586700,-0.06737400,0.42552400,0.19935100,-0.26173000,-1.02360900,-0.81170000,-0.22972600,1.72822800,0.09850000,0.15934100,0.27811446,-0.14986050,-1.42915300,0.07439000,0.39339000,1.35406500,0.88686900,-2.22028800,-0.97625300,-0.07701200,-0.08176800,0.20298700
-0.04939900,0.20386700,0.79262708,-0.06309801,0.02915301,-0.08322002,0.99410421,-0.18615100,0.14090400,-0.04824100,0.42815600,0.21327800,-0.26172500,-1.03381800,-0.79132600,-0.23898400,1.71760900,0.13099100,0.15258600,0.27313610,-0.15560061,-1.42367900,0.08194200,0.40322800,1.34407800,0.88729000,-2.20587600,-0.94671500,-0.18892000,-0.02493500,0.19793900
-0.05129300,0.20066800,0.79509382,-0.06471400,0.03280000,-0.08675801,0.99358407,-0.20202200,0.16031700,-0.03762400,0.44886100,0.18567300,-0.26165400,-1.02534700,-0.76568400,-0.25329100,1.67896100,0.15290400,0.18123200,0.26037846,-0.15902961,-1.41267900,0.08999600,0.41775600,1.33873600,0.88292000,-2.18283900,-0.91873300,-0.28723800,0.06054500,0.20375500
-0.05304500,0.19739400,0.79544298,-0.06462298,0.03361199,-0.09112598,0.99317177,-0.21203900,0.17796000,-0.02232000,0.47948500,0.14549400,-0.26063700,-0.99941500,-0.73290200,-0.26941200,1.61527800,0.17057500,0.21138700,0.24197609,-0.16126618,-1.39998900,0.09786400,0.43055300,1.33616400,0.87986700,-2.15729100,-0.89802600,-0.36596900,0.17065600,0.21519700
-0.05446500,0.19417000,0.79375943,-0.06308803,0.03052001,-0.09508204,0.99299941,-0.20909100,0.20296000,0.01899900,0.50719900,0.11895900,-0.25999400,-0.95298600,-0.69501000,-0.28688900,1.52470100,0.18355100,0.20198800,0.22051626,-0.16293729,-1.38121500,0.10391300,0.43334900,1.34032200,0.88574200,-2.13296400,-0.88707500,-0.41819200,0.30209100,0.23309100
-0.05543100,0.19102600,0.78967696,-0.06101601,0.02466701,-0.09958402,0.99285024,-0.19574000,0.22737500,0.06373300,0.52926000,0.11226500,-0.24038300,-0.89359100,-0.64912800,-0.29961700,1.41644200,0.19985000,0.17873600,0.19863218,-0.16309088,-1.35892300,0.10822400,0.43292500,1.34727500,0.89423600,-2.10468000,-0.89353500,-0.43093500,0.45326300,0.24568100
-0.05574500,0.18812400,0.78272703,-0.05904203,0.01757901,-0.10448705,0.99261648,-0.18018900,0.24014000,0.09078100,0.54474200,0.15874900,-0.18757400,-0.82971200,-0.58974300,-0.29600600,1.29755600,0.22899000,0.17147300,0.17938662,-0.16148723,-1.34133900,0.11009900,0.43212400,1.35146800,0.90240500,-2.06706400,-0.92476700,-0.38420600,0.62037300,0.23965200
-0.05545100,0.18520100,0.77856361,-0.05767998,0.00968000,-0.10918196,0.99229966,-0.15993100,0.24832700,0.10447400,0.55557100,0.19917600,-0.14108500,-0.76215700,-0.52409600,-0.27651400,1.17700800,0.26584900,0.17189700,0.16347868,-0.15882070,-1.32337500,0.11241500,0.43532800,1.35374100,0.90625800,-2.02541500,-0.96062800,-0.26676800,0.77971400,0.23127100
-0.05445200,0.18220000,0.77341695,-0.05697702,0.00106600,-0.11380603,0.99186726,-0.13269800,0.24808200,0.09086500,0.56789900,0.16133500,-0.13181600,-0.69242000,-0.45883100,-0.24608800,1.06249000,0.30831300,0.17691000,0.15161217,-0.15524855,-1.30247400,0.11530000,0.44897700,1.35410500,0.89944800,-1.98165300,-0.98760300,-0.09072500,0.91684800,0.22009700
-0.05298600,0.17865100,0.76388779,-0.05699700,-0.00684800,-0.11691800,0.99148103,-0.10538400,0.24534100,0.06415200,0.58659600,0.07605500,-0.14319100,-0.62479600,-0.39668700,-0.20614500,0.96538400,0.34948600,0.17558600,0.14269998,-0.15183006,-1.28047000,0.12182500,0.46907600,1.35227100,0.88572400,-1.94212800,-1.00791700,0.11781100,1.00708700,0.19675000
-0.05107700,0.17418000,0.75039281,-0.05752101,-0.01328700,-0.11792501,0.99126610,-0.07979100,0.24712500,0.04521600,0.61201700,-0.04221200,-0.16151800,-0.56857700,-0.33507300,-0.15159700,0.90321000,0.40477500,0.13853100,0.13464629,-0.15017647,-1.25180100,0.13924100,0.50097300,1.34660600,0.86169600,-1.91299100,-1.02707200,0.34415400,1.02142900,0.14762700
-0.04927000,0.16844500,0.73455039,-0.05685798,-0.01816699,-0.11604596,0.99144867,-0.05967500,0.25065500,0.03212400,0.64038300,-0.17139100,-0.17728200,-0.51624000,-0.28791900,-0.10477800,0.86695700,0.40788500,0.11186800,0.12525545,-0.14724604,-1.22952800,0.15812300,0.52425100,1.34362800,0.84213900,-1.89817000,-1.04387600,0.55062800,0.99772800,0.10547900
-0.04796300,0.16075800,0.72510788,-0.05359401,-0.02171501,-0.11043003,0.99220026,-0.04692600,0.25106200,0.02258300,0.66743900,-0.28915500,-0.17324300,-0.45939800,-0.27209500,-0.09142000,0.85721600,0.24663400,0.16052300,0.11162900,-0.14000727,-1.22522500,0.17652700,0.51368900,1.34524200,0.84762600,-1.90795100,-1.05861100,0.69452100,0.96164100,0.11088300
-0.04761200,0.15176500,0.71105090,-0.04721100,-0.02333800,-0.10028401,0.99356408,-0.04895600,0.24454200,0.00639600,0.69662800,-0.38122400,-0.16471200,-0.40742300,-0.28924200,-0.11136800,0.86078500,0.04284900,0.21440900,0.09480710,-0.12977955,-1.23643800,0.19132500,0.48996400,1.34677300,0.86105900,-1.93467500,-1.08370400,0.80280900,0.90267900,0.12858400
-0.04905400,0.14172800,0.70113667,-0.03781998,-0.02143099,-0.08225896,0.99566251,-0.07563800,0.23129700,-0.02932500,0.72834000,-0.42847200,-0.16680100,-0.36901700,-0.31472100,-0.14913800,0.85523000,-0.10138100,0.23555300,0.07773815,-0.11817210,-1.26598600,0.19717500,0.46421200,1.34728800,0.87245600,-1.97423000,-1.12966400,0.89183300,0.82132300,0.13370800
-0.05148500,0.13125000,0.69519492,-0.02732000,-0.01788700,-0.05985200,0.99767300,-0.12273400,0.21219500,-0.07233600,0.76972200,-0.42592000,-0.17411700,-0.33645100,-0.34378100,-0.20172200,0.84044700,-0.20068400,0.23792000,0.06196661,-0.10731695,-1.30543900,0.19749600,0.43865600,1.34835800,0.88159200,-2.02652900,-1.18377300,0.95458500,0.72491900,0.12896800
-0.05445100,0.12129400,0.69654321,-0.01590700,-0.01360700,-0.03584301,0.99913818,-0.19336000,0.18545300,-0.12080000,0.83291500,-0.35944000,-0.17583400,-0.30921500,-0.37616300,-0.26202300,0.81836800,-0.24880000,0.21472700,0.05021711,-0.09894280,-1.34736500,0.19444000,0.42292300,1.34818000,0.88214500,-2.08424000,-1.23217900,0.99981000,0.61574300,0.10918900
-0.05777700,0.11115800,0.70400510,-0.00706900,-0.00818700,-0.00990400,0.99989245,-0.28011100,0.16938300,-0.15009300,0.89871000,-0.23768200,-0.19100300,-0.28179400,-0.40322100,-0.33171800,0.78710100,-0.25862100,0.18732600,0.03916717,-0.09510814,-1.39157300,0.18866100,0.40734100,1.34791500,0.88244800,-2.13268700,-1.27365800,1.01774800,0.50386700,0.09633300
-0.06143900,0.09997200,0.71698526,-0.00367800,-0.00300700,0.01679699,0.99984763,-0.37737900,0.17742700,-0.14648500,0.94843300,-0.05453500,-0.25228900,-0.24846300,-0.41674300,-0.41124500,0.74423400,-0.23450700,0.17415000,0.02314665,-0.09727889,-1.43780200,0.17938600,0.38137200,1.35057000,0.89177600,-2.16493000,-1.31049800,0.99131200,0.39635900,0.11389800
-0.06458100,0.08869900,0.72600449,-0.00263300,0.00093100,0.04440499,0.99900971,-0.47981600,0.21573700,-0.09505500,0.99476700,0.11161500,-0.26100900,-0.20596800,-0.42172000,-0.49646000,0.68842200,-0.18986300,0.17057400,0.00250416,-0.10523101,-1.48096800,0.16246100,0.35799300,1.35614100,0.90004100,-2.17778000,-1.34111900,0.93524800,0.29494600,0.14555300
-0.06606500,0.07795400,0.72571356,-0.00288700,0.00281400,0.07012202,0.99753027,-0.57145600,0.30975700,0.01493000,1.05156000,0.17919100,-0.26138600,-0.15063100,-0.41585800,-0.58021500,0.61451300,-0.14353500,0.17840900,-0.02417864,-0.11307221,-1.51853900,0.13819700,0.34879900,1.36231700,0.89777800,-2.17462700,-1.36466600,0.84681600,0.20995900,0.18164600
-0.06669200,0.06809300,0.72809211,-0.00279500,0.00380300,0.09051499,0.99588391,-0.64290200,0.42685000,0.13705300,1.12791100,0.18718400,-0.26150400,-0.09787900,-0.40097900,-0.64907900,0.53306200,-0.09020500,0.19362200,-0.05706665,-0.11644716,-1.54231400,0.11163300,0.34757900,1.37240200,0.89212600,-2.15927300,-1.38035100,0.73504100,0.13712800,0.21579700
-0.06680600,0.05967600,0.73650902,-0.00096800,0.00492700,0.10436801,0.99452607,-0.70082500,0.53359800,0.23771700,1.23263500,0.15279000,-0.26167200,-0.05666600,-0.38410000,-0.69553100,0.45317200,-0.02283800,0.21310900,-0.09525997,-0.11555079,-1.55117000,0.08523500,0.35245200,1.38681800,0.88491800,-2.13428000,-1.39322800,0.61282500,0.07777500,0.23520800
-0.06666300,0.05283100,0.74515028,0.00243100,0.00672400,0.11308101,0.99356005,-0.75169700,0.62113200,0.30170900,1.35831300,0.10776400,-0.26175700,-0.02869500,-0.36957600,-0.71857100,0.38180100,0.04684100,0.23841300,-0.13699102,-0.11120304,-1.55196400,0.06982900,0.35495600,1.39374400,0.88301500,-2.10551300,-1.40374400,0.48258400,0.04021200,0.24763400
-0.06671700,0.04805600,0.75378324,0.00717800,0.00961500,0.11632595,0.99313861,-0.81425800,0.66366500,0.30020800,1.50185700,0.09045000,-0.26165400,-0.01636800,-0.36099300,-0.72082500,0.32655000,0.10711600,0.25759800,-0.17904241,-0.10429150,-1.54205900,0.06119000,0.34314000,1.40152400,0.89683800,-2.07654000,-1.41198800,0.35359700,0.02940700,0.26085100
-0.06669900,0.04466200,0.76160389,0.01184500,0.01297900,0.11874097,0.99276977,-0.88467600,0.68104800,0.26962200,1.65119300,0.08335700,-0.26098200,-0.01530000,-0.35532200,-0.70514300,0.29033200,0.15394400,0.26152300,-0.21731952,-0.09850458,-1.54912800,0.04538600,0.32699100,1.40717000,0.91300900,-2.04933400,-1.42524100,0.23324700,0.04408700,0.26744800
-0.06639900,0.04226100,0.76771440,0.01626200,0.01690400,0.12392898,0.99201382,-0.95285100,0.68976600,0.23959200,1.79786400,0.06714300,-0.25727800,-0.02363300,-0.35429900,-0.66596900,0.27904900,0.17810500,0.26164200,-0.24908398,-0.09440410,-1.55624800,0.02829300,0.31600900,1.41098000,0.92355400,-2.02109800,-1.45371400,0.13082500,0.08601700,0.26027300
-0.06611300,0.04050700,0.77242726,0.01951999,0.02121899,0.12917495,0.99120258,-1.01638900,0.69477500,0.20900200,1.93252600,0.05195500,-0.25352000,-0.04031400,-0.35060300,-0.60235200,0.28710700,0.18001100,0.26168600,-0.27473757,-0.09212941,-1.55921500,0.00905500,0.31017700,1.41635300,0.92903800,-1.99363400,-1.48636200,0.04331100,0.15181900,0.24750100
-0.06600500,0.03891200,0.77604343,0.02084999,0.02517599,0.13349994,0.99050957,-1.07055500,0.70635600,0.17885500,2.04447400,0.04760600,-0.24553100,-0.06538900,-0.33346600,-0.50071700,0.31279900,0.15476300,0.26169100,-0.29390356,-0.09304773,-1.56145300,-0.00709600,0.31411000,1.41466600,0.92586600,-1.96882500,-1.51409100,-0.02922800,0.23572800,0.23400500
-0.06622800,0.03743000,0.77737478,0.02003299,0.02878199,0.13588694,0.99010354,-1.11554500,0.72483900,0.14766700,2.12702700,0.05046400,-0.23837000,-0.09140600,-0.30736300,-0.39528900,0.34878200,0.12096400,0.26174000,-0.30757987,-0.09426920,-1.56173300,-0.01979900,0.32241600,1.41123700,0.91876300,-1.94566000,-1.53639500,-0.08343800,0.33685300,0.22224400
-0.06720300,0.03593700,0.77527025,0.01656099,0.03135999,0.13567395,0.99011861,-1.15181400,0.75655900,0.11464900,2.17279000,0.05776500,-0.23400400,-0.10936000,-0.28234600,-0.32695200,0.38337400,0.10337000,0.26171300,-0.31621681,-0.09380774,-1.56398100,-0.03223400,0.33141200,1.41107700,0.91063400,-1.92294600,-1.54857000,-0.11669400,0.45387000,0.21748100
-0.06829400,0.03424000,0.77093142,0.01090600,0.03167001,0.13433804,0.99036930,-1.17506400,0.79043100,0.08402400,2.17699000,0.07127800,-0.23797500,-0.11825200,-0.25665500,-0.27929800,0.41149500,0.08869400,0.26151200,-0.32047113,-0.09387509,-1.56395200,-0.04215700,0.34036700,1.41184600,0.90305400,-1.90049900,-1.55582900,-0.12662400,0.58184300,0.21517900
-0.06899700,0.03180600,0.76533057,0.00381100,0.02907400,0.13202298,0.99081285,-1.17642900,0.82270000,0.06377200,2.12652700,0.09290400,-0.25579200,-0.11563000,-0.22894100,-0.24307300,0.42724900,0.06576700,0.25888500,-0.32383363,-0.09770405,-1.55590400,-0.04461200,0.34664500,1.41246500,0.89958100,-1.87894300,-1.55984900,-0.11427300,0.71461100,0.21493100
-0.06932300,0.02945500,0.75825362,-0.00291700,0.02514701,0.13186407,0.99094449,-1.16057300,0.84395000,0.06234500,2.03944000,0.11819000,-0.26116600,-0.10477000,-0.20477800,-0.22365100,0.43666300,0.03187000,0.25056700,-0.32399459,-0.10427145,-1.54639600,-0.04723600,0.35210200,1.41336300,0.89761200,-1.85349400,-1.56246300,-0.07223100,0.83925700,0.21639000
-0.06892900,0.02779900,0.74933912,-0.00820700,0.02130901,0.13721304,0.99027832,-1.13531400,0.83052200,0.07026400,1.93090700,0.14489800,-0.26145900,-0.08808800,-0.18758200,-0.22322700,0.44545800,-0.02246500,0.25053900,-0.31698329,-0.11120243,-1.54220300,-0.05784200,0.35584800,1.41609500,0.89702100,-1.82282900,-1.56584500,0.00038300,0.94606200,0.21613600
-0.06836400,0.02689000,0.73968750,-0.01368400,0.01775100,0.14547598,0.98910788,-1.09798400,0.79010100,0.07590700,1.80435100,0.16834300,-0.26151000,-0.06980800,-0.17317700,-0.23540600,0.45408700,-0.08583900,0.25407700,-0.30306933,-0.12000144,-1.54103400,-0.07282200,0.36268300,1.41994100,0.89316100,-1.78504000,-1.56781100,0.09730100,1.02662000,0.20788000
-0.06808000,0.02691200,0.73126906,-0.01987800,0.01536200,0.15548496,0.98751876,-1.04660900,0.72167100,0.07363800,1.66187100,0.18092700,-0.26151300,-0.05616200,-0.15967200,-0.25427500,0.46429800,-0.14749800,0.25256600,-0.28228102,-0.13097011,-1.54073900,-0.09071900,0.38074100,1.42274100,0.87823900,-1.73515900,-1.57438800,0.21912400,1.07340600,0.17850300
-0.06807000,0.02819800,0.72328643,-0.02671199,0.01334799,0.16501693,0.98583858,-0.98030300,0.64244200,0.05613200,1.51559600,0.18843200,-0.26152900,-0.04416100,-0.14626100,-0.27387600,0.47226000,-0.20418700,0.24971100,-0.25734173,-0.14408014,-1.54038100,-0.10909700,0.39967500,1.42810500,0.86226500,-1.68834300,-1.58102500,0.34139500,1.08520900,0.14468800
-0.06850300,0.03091500,0.71618119,-0.03435998,0.01082400,0.17205992,0.98442756,-0.90109800,0.57810300,0.03019700,1.37924800,0.21104400,-0.26154700,-0.03099400,-0.13144100,-0.28787600,0.47334100,-0.25016700,0.24933300,-0.23144194,-0.15828410,-1.53850200,-0.12643600,0.41109900,1.44057700,0.85308200,-1.65621300,-1.58271800,0.44580200,1.05621200,0.11782100
-0.06932400,0.03577600,0.71013844,-0.04255502,0.00787400,0.17348908,0.98388445,-0.80662800,0.53121700,0.01074200,1.25511800,0.21642500,-0.26158700,-0.01912800,-0.11652900,-0.29208300,0.47008700,-0.28389100,0.25031300,-0.20414224,-0.17323368,-1.53385500,-0.13774400,0.41756500,1.45399900,0.84908000,-1.63776000,-1.57133500,0.52775100,1.00155500,0.10634500
-0.07064200,0.04391800,0.71399303,-0.05176199,0.00338300,0.16520698,0.98489386,-0.68733900,0.50510700,0.01385700,1.15199200,0.16453800,-0.26163900,-0.00724800,-0.10120500,-0.28163900,0.46213200,-0.30521700,0.25025100,-0.17432584,-0.19075480,-1.52326900,-0.13632300,0.41889800,1.46305300,0.85124100,-1.63580900,-1.53219700,0.57450200,0.93108400,0.13381900
-0.07216900,0.05434400,0.71830844,-0.06166398,-0.00083200,0.15028995,0.98671667,-0.56793500,0.50198300,0.03891600,1.06669500,0.06844100,-0.26165200,-0.00451400,-0.08680500,-0.25664500,0.45863900,-0.30882800,0.25342300,-0.14293264,-0.20821108,-1.50999200,-0.12377700,0.41362200,1.46821400,0.86020100,-1.64821000,-1.48759200,0.59678500,0.84200200,0.16813700
-0.07334700,0.06665300,0.71383215,-0.07261998,-0.00266900,0.12961696,0.98889770,-0.47041200,0.52258000,0.09572000,0.99799600,-0.08873500,-0.26159200,-0.01869100,-0.07122900,-0.21377700,0.46682100,-0.29290500,0.25994600,-0.10888405,-0.22336252,-1.50525100,-0.10292200,0.39863900,1.46802200,0.87823800,-1.67578400,-1.45369300,0.60650800,0.73938500,0.17399800
-0.07492300,0.07972300,0.70607139,-0.08453397,-0.00207000,0.10328796,0.99105061,-0.38963900,0.55088900,0.17181700,0.94188400,-0.23972200,-0.26025200,-0.05719800,-0.05156400,-0.15848900,0.49481000,-0.24968800,0.26148900,-0.07351675,-0.23397021,-1.48690900,-0.06890900,0.38063300,1.46446900,0.90018200,-1.71576000,-1.41462100,0.59120400,0.64024100,0.18097300
-0.07782000,0.09227800,0.70856048,-0.09625299,0.00244800,0.07197899,0.99274790,-0.33352200,0.57205300,0.24369200,0.89197700,-0.29267000,-0.24603200,-0.13265000,-0.02640200,-0.08498500,0.55576600,-0.16567500,0.26165100,-0.04133057,-0.23803294,-1.45312300,-0.00966200,0.36682500,1.44621000,0.92060300,-1.76640600,-1.36081900,0.53704300,0.55564800,0.21978200
-0.08102400,0.10439500,0.71591093,-0.10431199,0.00808900,0.03703500,0.99382191,-0.28404200,0.58419900,0.32375900,0.83994400,-0.28654500,-0.22380200,-0.22669800,-0.01472100,-0.03716600,0.63572500,-0.05062200,0.26175500,-0.01170905,-0.23343985,-1.47587500,0.01639800,0.35135800,1.43057200,0.93509000,-1.82053000,-1.29813700,0.46536400,0.47954400,0.26163000
-0.08407100,0.11618200,0.72443646,-0.10567296,0.01207200,-0.00017100,0.99432764,-0.22442000,0.58155700,0.42105600,0.77928700,-0.24461900,-0.20689800,-0.33375400,-0.04729200,-0.06244600,0.72671400,0.11590600,0.26174500,0.01620706,-0.21686900,-1.49807400,0.04475100,0.33385200,1.41787800,0.95024200,-1.87544800,-1.23305800,0.38848100,0.41333400,0.28675000
-0.08636200,0.12706900,0.73325742,-0.10267705,0.01442501,-0.03679102,0.99392946,-0.15687400,0.56794500,0.52546300,0.71093000,-0.17838100,-0.20066000,-0.44088600,-0.11958400,-0.12555000,0.82953700,0.25417800,0.26175700,0.04127942,-0.19434550,-1.47240500,0.10410600,0.32528100,1.39744600,0.96353700,-1.93075100,-1.16727600,0.31346800,0.35601000,0.29909000
-0.08683100,0.13648000,0.74318503,-0.09729895,0.01339799,-0.06819796,0.99282549,-0.08255400,0.54467600,0.62703200,0.63222900,-0.10973400,-0.20394100,-0.52376000,-0.22372800,-0.20360000,0.94863100,0.24016000,0.26175200,0.06506681,-0.17457999,-1.45377800,0.14763500,0.32912400,1.37350000,0.96498600,-1.98385200,-1.10887100,0.25223700,0.31313500,0.28940400
-0.08633300,0.14458500,0.75234709,-0.09138802,0.01131700,-0.09301403,0.99139727,-0.02018900,0.51458300,0.70455900,0.55772900,-0.03539800,-0.21634800,-0.59453900,-0.32720800,-0.25420300,1.08620500,0.15632100,0.26173300,0.08852008,-0.16108014,-1.44225300,0.18281900,0.34107000,1.35028800,0.95758300,-2.03679300,-1.05544100,0.19542200,0.28927000,0.27206900
-0.08516100,0.15116100,0.76118538,-0.08704199,0.01018500,-0.11144598,0.98989886,0.01729300,0.48918200,0.74213900,0.50140100,0.04679600,-0.24189400,-0.67348300,-0.39466800,-0.25094000,1.23448900,0.10250300,0.26170100,0.11200558,-0.15448004,-1.42507100,0.21151600,0.36124000,1.33917700,0.94019300,-2.09066400,-1.00283100,0.13925100,0.28495900,0.26025800
-0.08395300,0.15643600,0.76917062,-0.08377903,0.01050600,-0.12433405,0.98864136,0.02850000,0.46723200,0.73503000,0.46362200,0.12369300,-0.25801800,-0.75455300,-0.44372900,-0.22627700,1.38365900,0.05829300,0.26159700,0.13479348,-0.15114181,-1.41112400,0.22995600,0.38197300,1.33553700,0.91927500,-2.14297700,-0.96043000,0.08617600,0.29673300,0.24949800
-0.08346900,0.16052900,0.77587870,-0.08119699,0.01299600,-0.13095698,0.98797187,0.01093100,0.44571400,0.66947600,0.44958600,0.18608700,-0.25993400,-0.83038100,-0.48613900,-0.19990400,1.53045600,0.00316500,0.25795200,0.15461323,-0.14925976,-1.40430700,0.23485200,0.39613200,1.33748600,0.90053400,-2.19019400,-0.93682800,0.03902200,0.32096300,0.23838500
-0.08355600,0.16381600,0.78112610,-0.07868998,0.01701900,-0.13185096,0.98799472,-0.02543600,0.42380600,0.56761200,0.45546400,0.23589100,-0.25978100,-0.89935600,-0.52879800,-0.18120900,1.66609400,-0.04508100,0.22559400,0.17149118,-0.14968319,-1.40494600,0.23111300,0.40335200,1.34217100,0.88556100,-2.23487600,-0.92749800,-0.00359200,0.35901100,0.22933100
-0.08460100,0.16657400,0.78465024,-0.07642498,0.02216900,-0.12659297,0.98875779,-0.07799600,0.39909000,0.44331400,0.48194200,0.27197400,-0.26017700,-0.96284700,-0.57300300,-0.16131000,1.78323400,-0.05201900,0.20527700,0.18666522,-0.15297095,-1.41509900,0.22228700,0.39951700,1.34667200,0.87940200,-2.27980000,-0.93009100,-0.04324700,0.41249400,0.22414600
-0.08580300,0.16906000,0.78549652,-0.07437802,0.02730801,-0.11736303,0.98992328,-0.13154500,0.37209800,0.32138000,0.51825900,0.28651800,-0.26030600,-1.01484400,-0.61224000,-0.14085500,1.87275200,-0.04123000,0.19835900,0.20053154,-0.15889544,-1.42925900,0.20943100,0.39054300,1.35111300,0.87719100,-2.32222900,-0.94144000,-0.07343500,0.47999200,0.22236200
-0.08642200,0.17156300,0.78431820,-0.07212701,0.03112200,-0.10709101,0.99114108,-0.17170600,0.35131700,0.22767200,0.55437400,0.26278100,-0.25972300,-1.04843400,-0.64156700,-0.12836400,1.92405100,-0.04131100,0.18783300,0.21308694,-0.16355909,-1.44431900,0.19373700,0.38052700,1.35447500,0.87628500,-2.36058400,-0.95589800,-0.08848300,0.55982500,0.22817900
-0.08666800,0.17413800,0.78549641,-0.07010801,0.03423100,-0.09987901,0.99193613,-0.19721300,0.34198600,0.17025500,0.58055700,0.22575700,-0.25581900,-1.06475800,-0.65834900,-0.12590800,1.93968300,-0.04197500,0.18285700,0.22323400,-0.16578325,-1.45446600,0.17879800,0.37148900,1.35716800,0.87504900,-2.39011600,-0.97641200,-0.08387000,0.65289200,0.23253600
-0.08650800,0.17708700,0.78483798,-0.06812403,0.03708002,-0.09946605,0.99201345,-0.20010100,0.35454200,0.17590300,0.57948900,0.19780600,-0.22988800,-1.06413600,-0.66016300,-0.13235400,1.91681700,-0.03812900,0.19811200,0.22931185,-0.16760447,-1.45094100,0.16944600,0.36689800,1.35977900,0.87057000,-2.40530900,-1.00336800,-0.05615000,0.76076300,0.23190400
-0.08593400,0.18001300,0.78186469,-0.06594700,0.03862700,-0.10415700,0.99162002,-0.18346200,0.37803300,0.22051300,0.55324800,0.18445900,-0.19201300,-1.04604100,-0.64938200,-0.14528400,1.86048300,-0.02589800,0.21939000,0.23106724,-0.16739957,-1.43847100,0.16356300,0.36485900,1.36361100,0.86452100,-2.40293300,-1.03570800,0.01937700,0.87504100,0.22328400
-0.08490500,0.18273300,0.77610757,-0.06404799,0.03821300,-0.11312299,0.99077788,-0.15048600,0.40381700,0.28455100,0.49910900,0.21751800,-0.16601600,-1.00753800,-0.63176800,-0.16621200,1.77143500,0.00426700,0.23013300,0.22927917,-0.16594119,-1.41945500,0.15980600,0.36557200,1.37152200,0.85607800,-2.37767400,-1.07204500,0.16126100,0.98987800,0.19510100
-0.08346500,0.18499700,0.77596417,-0.06216897,0.03620398,-0.12443195,0.98961658,-0.10776400,0.42007200,0.34270400,0.43596900,0.25160700,-0.15934800,-0.95633700,-0.60537300,-0.18913200,1.66059100,0.04237000,0.23621600,0.22442096,-0.16305546,-1.39918800,0.15781400,0.36510700,1.38109200,0.84837800,-2.33896500,-1.09335700,0.35184700,1.07294500,0.14643500
-0.08150000,0.18645800,0.77353086,-0.05958599,0.03288099,-0.13673698,0.98826684,-0.06672000,0.41469200,0.34762000,0.38686300,0.23401100,-0.18865800,-0.90088400,-0.56920100,-0.20574100,1.53934700,0.07840800,0.23797900,0.21652511,-0.15680834,-1.38267100,0.15594600,0.35892000,1.39200400,0.84495700,-2.29465700,-1.09957500,0.58531200,1.10108900,0.05388700
-0.07947100,0.18700500,0.76776028,-0.05674603,0.02971501,-0.14897907,0.98676347,-0.03163900,0.40109400,0.31748600,0.35819400,0.17718200,-0.23110700,-0.84564700,-0.52202200,-0.21142000,1.41469900,0.11136900,0.24507500,0.20523342,-0.14942497,-1.36898300,0.15754700,0.34925700,1.40033000,0.84445500,-2.25996300,-1.09188900,0.80832600,1.09851600,-0.03731400
-0.07776900,0.18637800,0.75805041,-0.05426801,0.02771400,-0.16041402,0.98516712,-0.00541900,0.38467600,0.26303500,0.36091200,0.07886700,-0.25500200,-0.79557800,-0.45752800,-0.19933600,1.29561100,0.13101700,0.26063500,0.18967133,-0.14082548,-1.35857100,0.16639400,0.33560600,1.39958900,0.84853100,-2.24707000,-1.06755700,0.96973900,1.07097700,-0.07480200
-0.07648600,0.18468100,0.74586246,-0.05100100,0.02695700,-0.17091801,0.98359506,0.01188000,0.36765500,0.20868400,0.38084700,-0.03659300,-0.26074000,-0.74824600,-0.38889200,-0.17418000,1.18526400,0.14818800,0.26159200,0.17064997,-0.13267482,-1.34988500,0.18034200,0.32147100,1.39524800,0.85239500,-2.23986300,-1.04123100,1.09037200,1.02506300,-0.07836100
-0.07586600,0.18220200,0.73373151,-0.04724399,0.02773799,-0.18114795,0.98192873,0.02214300,0.35640600,0.17837700,0.40235500,-0.14040300,-0.26137400,-0.70602900,-0.31777400,-0.12972200,1.08581100,0.21242700,0.26170700,0.14940662,-0.12984975,-1.33911000,0.20208500,0.31171500,1.39123500,0.85076100,-2.23901700,-1.02286900,1.16543000,0.96407100,-0.04686900
-0.07584000,0.17817300,0.72236733,-0.04092200,0.02852900,-0.18600300,0.98128200,0.02538500,0.34411200,0.15828300,0.42341300,-0.22730600,-0.26140100,-0.65731300,-0.26966700,-0.09219200,1.00040000,0.23884600,0.26169700,0.12698138,-0.12806778,-1.33505600,0.22222000,0.30276000,1.38764200,0.84629100,-2.25824300,-1.01195200,1.20848300,0.88762600,-0.01204600
-0.07634700,0.17151300,0.71988906,-0.02915199,0.02759099,-0.17953894,0.98293167,0.02256600,0.32542100,0.14662600,0.43693600,-0.28911600,-0.26127200,-0.58723000,-0.27816800,-0.10503000,0.94059500,0.09036000,0.26167200,0.10459778,-0.12301351,-1.34610800,0.22959700,0.29055100,1.38647100,0.84170900,-2.29516000,-1.00867700,1.24647900,0.81245000,-0.00625500
-0.07768000,0.16329600,0.70960546,-0.01469399,0.02631399,-0.16522894,0.98579463,0.00556500,0.30306600,0.12803000,0.45517500,-0.32073500,-0.26111500,-0.51860100,-0.31390800,-0.14732600,0.90069300,-0.10436000,0.26100100,0.08396196,-0.11695736,-1.36816200,0.22873700,0.27907700,1.38574200,0.83383300,-2.34539500,-1.01230500,1.25869300,0.73469500,-0.00223800
-0.08012500,0.15448700,0.70474293,0.00063200,0.02693199,-0.14463896,0.98911771,-0.03585000,0.27842800,0.08134600,0.49225000,-0.31989400,-0.26132200,-0.47671100,-0.35100900,-0.19432400,0.86937900,-0.21281400,0.22916300,0.06955309,-0.10860063,-1.39799300,0.21954800,0.27524400,1.38510000,0.81636700,-2.40481600,-1.02028400,1.23522800,0.64585500,0.01997200
-0.08348400,0.14478800,0.70452629,0.01373800,0.02951701,-0.11947503,0.99230325,-0.09973000,0.25475600,0.02778500,0.54556800,-0.27645500,-0.26161300,-0.44344200,-0.38188100,-0.25116300,0.83610500,-0.27158200,0.17434200,0.05846720,-0.10014178,-1.43304500,0.20452700,0.26794600,1.38213200,0.80086600,-2.45752000,-1.03435800,1.18602400,0.54599000,0.05570800
-0.08813900,0.13378900,0.71489618,0.02309000,0.03337700,-0.09023799,0.99509293,-0.18972300,0.23099300,-0.03120100,0.61221900,-0.15687400,-0.26132200,-0.40675400,-0.40472200,-0.31260500,0.79344200,-0.28382300,0.14570200,0.04441691,-0.09686571,-1.47196800,0.18782100,0.24445400,1.37259900,0.80057900,-2.49757500,-1.05897900,1.10710400,0.42682700,0.10577900
-0.09278800,0.12238100,0.72348922,0.02990301,0.03610502,-0.05600202,0.99732944,-0.29108500,0.22523500,-0.05208100,0.68679000,-0.02363600,-0.26166900,-0.36112700,-0.42718100,-0.38691200,0.74360900,-0.26316600,0.13486700,0.02687241,-0.10137225,-1.51205500,0.16619000,0.21737200,1.36404800,0.80351200,-2.51975800,-1.09039200,1.01671500,0.30858200,0.15212000
-0.09619300,0.11117000,0.72327369,0.03282302,0.03560602,-0.01755401,0.99867248,-0.39548800,0.27213000,0.02689700,0.77524600,0.05596400,-0.26174000,-0.29806000,-0.44570600,-0.48200700,0.68755800,-0.22834800,0.13321100,0.00654084,-0.11448688,-1.54933700,0.13156900,0.19574800,1.36761300,0.80071800,-2.53159900,-1.12943600,0.90764700,0.21458300,0.17066000
-0.09851100,0.10044100,0.72667175,0.03358000,0.03298000,0.01987600,0.99869397,-0.49359200,0.35273500,0.13281400,0.88178800,0.10087400,-0.26175400,-0.22688400,-0.45464000,-0.58275100,0.62750000,-0.18229600,0.14386600,-0.01658246,-0.12725874,-1.57715700,0.09266400,0.17813500,1.38005300,0.79569300,-2.52802100,-1.16135200,0.77836500,0.13971300,0.18863400
-0.09916300,0.09074400,0.73186013,0.03336501,0.02907000,0.05207601,0.99766217,-0.57368700,0.43497800,0.20864000,1.00672600,0.09204700,-0.26175000,-0.15451600,-0.45276600,-0.67550000,0.56415700,-0.13442400,0.17311300,-0.04362881,-0.13034232,-1.60304400,0.04799400,0.16535600,1.39863200,0.78720000,-2.50464400,-1.17773600,0.63014600,0.10199600,0.22363600
-0.09905700,0.08225800,0.73732101,0.03276000,0.02530400,0.07666999,0.99619687,-0.64391400,0.50998700,0.25300300,1.14776200,0.05397900,-0.26173500,-0.09541900,-0.44078800,-0.74332900,0.50389200,-0.08104100,0.20732100,-0.07392759,-0.12567967,-1.62175600,0.00219000,0.15319100,1.42101000,0.77958400,-2.47740400,-1.18997200,0.47250800,0.09781400,0.25279000
-0.09886200,0.07536000,0.74451697,0.03243301,0.02350300,0.09097702,0.99504718,-0.71733300,0.56402300,0.25722200,1.30299600,0.02572600,-0.26175200,-0.06167100,-0.42534300,-0.77497400,0.45275100,-0.01576400,0.23327400,-0.10663899,-0.11643896,-1.63369000,-0.02828100,0.13556900,1.43564800,0.77995500,-2.45268000,-1.20977500,0.32186400,0.11953600,0.26313600
-0.09871000,0.07002400,0.75210975,0.03254401,0.02298800,0.09918302,0.99427117,-0.78965100,0.60334700,0.24193900,1.46165700,0.00354500,-0.26160700,-0.04848400,-0.41012600,-0.76675800,0.41364400,0.05222800,0.25212400,-0.13850448,-0.10578631,-1.64205200,-0.04970700,0.11679400,1.44351600,0.78292700,-2.42967300,-1.23222100,0.18404500,0.16883200,0.26637100
-0.09914700,0.06657700,0.75953133,0.03315100,0.02269300,0.10336202,0.99383214,-0.85473600,0.63095700,0.22178900,1.61414800,-0.01394500,-0.26119100,-0.05255200,-0.39535800,-0.70939300,0.39064700,0.11535200,0.25986900,-0.16425361,-0.09689424,-1.64444800,-0.06200600,0.10012000,1.44454100,0.78533900,-2.40939400,-1.25136400,0.07068400,0.23954700,0.27250000
-0.09960700,0.06421700,0.76607602,0.03276801,0.02274300,0.10460002,0.99371417,-0.91377600,0.65258100,0.20149500,1.75582500,-0.02561600,-0.25905000,-0.06912500,-0.37762400,-0.61759600,0.38306100,0.16863600,0.26153300,-0.18436410,-0.08972887,-1.64297100,-0.06727000,0.08524000,1.44173900,0.78707800,-2.39173700,-1.27637800,-0.01282600,0.33145800,0.27599400
-0.09964700,0.06234200,0.77121663,0.03095600,0.02323500,0.10439000,0.99378297,-0.96595800,0.67668900,0.18699800,1.88265500,-0.02997200,-0.25562900,-0.09732200,-0.35208500,-0.49355000,0.39385900,0.20539300,0.26163800,-0.20005416,-0.08532711,-1.63575200,-0.06649900,0.07366100,1.43889500,0.78640300,-2.37337500,-1.30953700,-0.05959700,0.44189500,0.27791500
-0.09946800,0.06073600,0.77594237,0.02841201,0.02455401,0.10271805,0.99400144,-1.01071200,0.69966000,0.17554300,1.98780300,-0.02975400,-0.25478900,-0.12578100,-0.32337000,-0.36768500,0.41451900,0.22104100,0.26168500,-0.21280664,-0.08112161,-1.62586700,-0.06298500,0.06351300,1.43668800,0.78460200,-2.35257700,-1.35069200,-0.06377200,0.56376700,0.27681800
-0.09906300,0.05902200,0.77811252,0.02545000,0.02660200,0.10070401,0.99423505,-1.04697600,0.71760200,0.16770700,2.06391000,-0.02986800,-0.25458300,-0.14656900,-0.30052400,-0.26674100,0.43578000,0.21066000,0.26168700,-0.22348378,-0.07568632,-1.61680500,-0.06253300,0.05352300,1.43788400,0.78184800,-2.32749900,-1.40294300,-0.02183000,0.68956900,0.26694800
-0.09861800,0.05708600,0.77774141,0.02204700,0.02904701,0.09876702,0.99444219,-1.07475200,0.73471100,0.16506300,2.10879400,-0.02443900,-0.25690900,-0.15883400,-0.28928500,-0.20392800,0.45261000,0.19050800,0.26166400,-0.23231984,-0.07025120,-1.60855700,-0.06288700,0.04285800,1.43930800,0.77939400,-2.29075600,-1.45528300,0.07035000,0.80490100,0.25449000
-0.09847100,0.05459500,0.77417460,0.01819000,0.03145299,0.09726798,0.99459478,-1.09526800,0.75793700,0.16791400,2.11800500,-0.00859400,-0.26056800,-0.15641800,-0.30671700,-0.21610800,0.45487400,0.17377000,0.26162800,-0.24022680,-0.06448420,-1.60393400,-0.06297600,0.02870400,1.43608800,0.78047600,-2.23588400,-1.50559700,0.20999800,0.90396600,0.23487700
-0.09815600,0.05182300,0.76817778,0.01417000,0.03220100,0.09795300,0.99456901,-1.10192100,0.77679700,0.17902100,2.09142700,0.01912600,-0.26139000,-0.13916700,-0.33113300,-0.26098000,0.44202200,0.15791500,0.25600900,-0.24582469,-0.06169186,-1.59868200,-0.06368300,0.01635500,1.43351400,0.77967200,-2.16782900,-1.54339400,0.37618300,0.96913500,0.21216700
-0.09723200,0.04874900,0.76080344,0.01010300,0.03037400,0.10219799,0.99424892,-1.08746300,0.78422600,0.20107500,2.02317800,0.06514900,-0.26170100,-0.11231400,-0.33818500,-0.29091000,0.41458200,0.16015400,0.25043700,-0.24799480,-0.06474582,-1.58759400,-0.06510100,0.01219400,1.43626100,0.77079900,-2.09052900,-1.55825100,0.55178700,0.98629600,0.19161200
-0.09596300,0.04586600,0.75432015,0.00597600,0.02738099,0.10896197,0.99365077,-1.06044100,0.77355100,0.22329600,1.92554900,0.11692700,-0.26164300,-0.08090400,-0.33422600,-0.30940100,0.38560000,0.15484100,0.25507800,-0.24664835,-0.07185150,-1.57494200,-0.06896100,0.01001300,1.44315700,0.75941500,-2.01725400,-1.56685200,0.72118600,0.96531400,0.16735300
-0.09432300,0.04358300,0.74863130,0.00158100,0.02401801,0.11810405,0.99270946,-1.03083500,0.73313100,0.22680000,1.80923200,0.16349700,-0.26168000,-0.04819400,-0.31794300,-0.31265700,0.36989300,0.10239100,0.26116700,-0.24085525,-0.08135996,-1.56336800,-0.07784200,0.00474400,1.45628400,0.74959200,-1.96273500,-1.57385700,0.87226300,0.89951700,0.12218400
-0.09273800,0.04216700,0.74097064,-0.00398300,0.02083999,0.12765496,0.99159167,-0.99321600,0.67932100,0.21442700,1.68032400,0.20473300,-0.26055000,-0.01926500,-0.29575300,-0.31395200,0.36503300,0.02898800,0.26168900,-0.22957754,-0.09272345,-1.55212300,-0.08874800,-0.00097700,1.47139700,0.73940100,-1.93022500,-1.57103400,0.98422000,0.81745200,0.08420800
-0.09171300,0.04200900,0.73274439,-0.01077700,0.01857901,0.13639705,0.99042139,-0.94305600,0.62757400,0.20037800,1.54581300,0.23384600,-0.24364400,0.00197800,-0.27631700,-0.32688200,0.36770800,-0.04038200,0.26164200,-0.21218752,-0.10468858,-1.54345400,-0.10022100,-0.00592000,1.48331900,0.72828600,-1.92032800,-1.55705200,1.03637600,0.74310700,0.10361200
-0.09100000,0.04325300,0.72439951,-0.01933600,0.01626100,0.14190203,0.98955824,-0.87800700,0.58598600,0.18728700,1.40944100,0.25991300,-0.21328300,0.01662300,-0.25643500,-0.33968300,0.37596300,-0.10249100,0.26165400,-0.19089667,-0.11784128,-1.53315600,-0.10789500,-0.01036900,1.49275900,0.71701500,-1.91810300,-1.54110200,1.05856600,0.66461000,0.13973700
-0.09056800,0.04601800,0.71640648,-0.03037599,0.01285699,0.14124094,0.98942559,-0.79378600,0.56438700,0.17917400,1.27115200,0.31799000,-0.18590200,0.02528000,-0.23424500,-0.34545300,0.38758200,-0.15239200,0.26163000,-0.16893503,-0.13294865,-1.51637800,-0.10782800,-0.01322000,1.49813700,0.70498700,-1.91811700,-1.53138600,1.07113900,0.57770600,0.15756900
-0.09030200,0.05088200,0.72632854,-0.04206500,0.00893800,0.13464798,0.98995988,-0.69468800,0.55886400,0.18647500,1.14686300,0.31810400,-0.17476600,0.02328600,-0.21305100,-0.33719100,0.40758700,-0.18510000,0.26159500,-0.14594004,-0.14906416,-1.49718300,-0.09788600,-0.01792800,1.49943600,0.69543700,-1.92575100,-1.51766200,1.06350500,0.49191200,0.17125600
-0.08987900,0.05916900,0.72370532,-0.05356702,0.00474400,0.11950304,0.99137636,-0.57612600,0.56642000,0.23035600,1.06603900,0.10468200,-0.18583300,0.00440200,-0.19507200,-0.30231500,0.44353900,-0.19718500,0.26162600,-0.11932618,-0.16670668,-1.47805200,-0.07337100,-0.02761600,1.49964400,0.69123700,-1.93621300,-1.48610600,1.03776300,0.41124500,0.18998600
-0.08982700,0.06857000,0.70888015,-0.06568000,0.00204900,0.10014000,0.99280105,-0.47135500,0.58486200,0.29626000,1.01837800,-0.14831700,-0.18719300,-0.03140600,-0.17582600,-0.25514300,0.49044500,-0.18246900,0.26166200,-0.09337832,-0.18192946,-1.46618600,-0.04328700,-0.04188200,1.49959000,0.69118100,-1.94721300,-1.45026800,0.99379300,0.33936400,0.21731000
-0.09072900,0.07713600,0.70753364,-0.07889503,0.00334800,0.07984803,0.99367432,-0.42379100,0.60836100,0.34337300,0.98590000,-0.24032400,-0.16470200,-0.08859900,-0.14923000,-0.19727200,0.54463800,-0.12510500,0.26169100,-0.07398526,-0.19145100,-1.46602200,-0.01335800,-0.06351200,1.49906300,0.69759700,-1.96557600,-1.42315100,0.91934300,0.28136100,0.25845300
-0.09208500,0.08490000,0.71248327,-0.08975503,0.00703200,0.06060502,0.99409336,-0.39848200,0.62573300,0.38172300,0.95036700,-0.24688100,-0.14389400,-0.15184600,-0.13405600,-0.16136000,0.59651700,-0.04069900,0.26170800,-0.05820211,-0.19419261,-1.47761900,0.01102800,-0.08708600,1.49515400,0.70486800,-1.98957200,-1.40072000,0.82722700,0.23149100,0.29746500
-0.09375700,0.09137200,0.71871870,-0.09459802,0.01147900,0.04680801,0.99434826,-0.36732900,0.62146500,0.41666100,0.89402700,-0.21504500,-0.14897800,-0.20791300,-0.15400600,-0.18091900,0.63507700,0.07062100,0.26171600,-0.04451554,-0.18722743,-1.49772200,0.02527700,-0.10872000,1.47608000,0.70978900,-2.01899700,-1.38914700,0.72945500,0.18959800,0.32020600
-0.09532300,0.09680100,0.72888313,-0.09504101,0.01482800,0.03590500,0.99471512,-0.33474400,0.60583600,0.44593100,0.83093100,-0.14993700,-0.16858800,-0.25052600,-0.20621900,-0.24204300,0.66802000,0.16914800,0.26170800,-0.03352083,-0.17397433,-1.51187100,0.03707900,-0.12565000,1.45431200,0.70918900,-2.05482200,-1.37785700,0.62969100,0.15802900,0.33197900
-0.09627400,0.10124700,0.74042314,-0.09156101,0.01546900,0.02655500,0.99532513,-0.30082500,0.58478600,0.46865400,0.77241000,-0.06756800,-0.19204900,-0.26411000,-0.30109500,-0.36240100,0.70878800,0.18690100,0.26166800,-0.02339974,-0.15586905,-1.52345400,0.04847500,-0.12921300,1.43891700,0.69501100,-2.09818600,-1.35918800,0.53469600,0.14412900,0.32942300
-0.09671100,0.10468100,0.75169419,-0.08706901,0.01337500,0.01967700,0.99591813,-0.26929100,0.56394600,0.48038800,0.71976200,0.02791300,-0.22004800,-0.25469000,-0.38720700,-0.47064000,0.74680000,0.17155600,0.26142800,-0.01485770,-0.13901558,-1.53144500,0.06153600,-0.12924900,1.42468200,0.67788600,-2.14265400,-1.33099900,0.44318700,0.15427600,0.32245600
-0.09635500,0.10700700,0.76240784,-0.08476198,0.00791400,0.01446600,0.99626478,-0.24107300,0.55143200,0.47850500,0.67512700,0.13390200,-0.25175300,-0.25138500,-0.41183400,-0.48611000,0.76890000,0.17993900,0.26159000,-0.00698223,-0.12932302,-1.52860100,0.07542600,-0.13543400,1.41688000,0.66657200,-2.17908600,-1.28840400,0.35390800,0.19675000,0.31986000
-0.09584000,0.10833700,0.77141618,-0.08477896,0.00147700,0.01067200,0.99634154,-0.21985800,0.54953900,0.47928600,0.64152100,0.23388100,-0.26144100,-0.24927900,-0.39654400,-0.45681000,0.76764800,0.20338900,0.26170200,-0.00094119,-0.12302007,-1.51914700,0.08718300,-0.14356500,1.41346500,0.65676300,-2.20954900,-1.24706400,0.26802100,0.26149900,0.31650300
-0.09582000,0.10863500,0.77734396,-0.08755003,-0.00468300,0.00844100,0.99611335,-0.20595900,0.56423700,0.49174000,0.62057000,0.31177100,-0.26126800,-0.23748800,-0.34641300,-0.40651200,0.72839700,0.23735000,0.26163000,-0.00052309,-0.11988827,-1.50510000,0.09446000,-0.15202200,1.41124500,0.64670300,-2.23200700,-1.21749100,0.18761700,0.34014900,0.31745800
-0.09596600,0.10822400,0.78028242,-0.09096196,-0.00962100,0.00826300,0.99577361,-0.20499000,0.58644500,0.50473900,0.62196300,0.36506600,-0.26159300,-0.21678800,-0.28386400,-0.34500800,0.66943100,0.27573400,0.26170400,-0.00493917,-0.11755246,-1.49186200,0.09626600,-0.16345200,1.40840400,0.63845000,-2.24817900,-1.20605100,0.11709100,0.42815600,0.31157500
-0.09620500,0.10742900,0.78300420,-0.09375199,-0.01202000,0.01147200,0.99545692,-0.22524400,0.61223200,0.51444500,0.65846700,0.38518900,-0.26167300,-0.19033400,-0.23642700,-0.29932100,0.60698600,0.31436500,0.26170000,-0.01354876,-0.11422250,-1.48603600,0.09019800,-0.18089600,1.40140300,0.63445800,-2.25960400,-1.22105500,0.06291100,0.51742700,0.28820800
-0.09642100,0.10622200,0.78862947,-0.09527803,-0.01365000,0.01691801,0.99521332,-0.26347600,0.63096800,0.50267800,0.72399100,0.37621300,-0.26168900,-0.16096700,-0.20015900,-0.26532700,0.54556500,0.35924400,0.26168600,-0.02652277,-0.10952327,-1.48459200,0.08279800,-0.20091600,1.38961800,0.63247100,-2.26074600,-1.25506900,0.03346300,0.60825300,0.25644700
-0.09635700,0.10456300,0.79279679,-0.09468801,-0.01578700,0.02338500,0.99510708,-0.32182300,0.62467400,0.44739000,0.82289100,0.33427000,-0.26163700,-0.13095100,-0.17665400,-0.24793400,0.49301000,0.42173500,0.26169900,-0.04469544,-0.10112716,-1.48563900,0.07410300,-0.22281900,1.37564600,0.63227600,-2.25037300,-1.30539700,0.03332000,0.69731800,0.21775200
-0.09636700,0.10282400,0.79479042,-0.09171201,-0.01735300,0.03227600,0.99511107,-0.39170400,0.60075900,0.37902000,0.93042900,0.28164500,-0.26172100,-0.10395700,-0.15905900,-0.23162100,0.44813800,0.48281900,0.26175800,-0.06485520,-0.09351057,-1.48861300,0.06443900,-0.24158500,1.35543900,0.62932500,-2.22312900,-1.36075900,0.06538000,0.77625900,0.17508700
-0.09678900,0.10136200,0.79545083,-0.08649702,-0.01691300,0.04427201,0.99512422,-0.46310000,0.56941300,0.32134200,1.02154200,0.24211200,-0.26163200,-0.08683400,-0.13400700,-0.18765800,0.41596000,0.51915400,0.26171200,-0.08189517,-0.08877924,-1.49419900,0.05696000,-0.24971900,1.32231900,0.61760600,-2.17742800,-1.41595700,0.12451700,0.84334500,0.12786400
-0.09741600,0.10029600,0.78818082,-0.08109401,-0.01529000,0.05623900,0.99500108,-0.52644400,0.52819600,0.27015100,1.08285700,0.20922400,-0.26172300,-0.07334100,-0.11302300,-0.14306300,0.39701100,0.52215700,0.26175100,-0.09495190,-0.08497129,-1.49610800,0.05362600,-0.25195500,1.28334600,0.60285400,-2.11131100,-1.46791700,0.20599400,0.88413200,0.07484300
-0.09824400,0.09981900,0.77907731,-0.07646697,-0.01336400,0.06643398,0.99476667,-0.56957900,0.47611900,0.22400900,1.09213800,0.17479000,-0.26161500,-0.05775800,-0.11180400,-0.12832800,0.38896900,0.48042800,0.26149700,-0.10360224,-0.08336078,-1.49030800,0.05476300,-0.25035600,1.24321800,0.58845000,-2.01329200,-1.50612100,0.31354900,0.88802000,0.01814300
-0.09898900,0.09990500,0.76830157,-0.07192004,-0.01184701,0.07587704,0.99444951,-0.59246900,0.41127900,0.17206000,1.06063800,0.15099600,-0.26175000,-0.04116200,-0.12143800,-0.13298800,0.39600800,0.38681400,0.26131000,-0.10868215,-0.08383116,-1.47717400,0.05720300,-0.24587600,1.20213200,0.57466100,-1.89373400,-1.54512300,0.42285000,0.85342000,-0.03991300
-0.09924900,0.10031700,0.75575373,-0.06685197,-0.01150199,0.08369896,0.99417956,-0.58912500,0.33143200,0.10359900,0.98106200,0.16863100,-0.26171100,-0.01799900,-0.13748300,-0.16162800,0.40265700,0.28030100,0.25518600,-0.11166532,-0.08350070,-1.45177900,0.06131600,-0.24394700,1.16509200,0.56503300,-1.75557700,-1.59360300,0.52408400,0.76331300,-0.10622300
-0.09938100,0.10191300,0.75598914,-0.06190000,-0.01179100,0.08901600,0.99403497,-0.56803800,0.24942500,0.01563000,0.89483200,0.17914700,-0.26175300,0.00548800,-0.15605900,-0.19689400,0.41138000,0.16864100,0.24275600,-0.11168392,-0.08278288,-1.41459000,0.06527700,-0.23477000,1.12442300,0.55224500,-1.61310700,-1.64613600,0.58088100,0.63453000,-0.15693100
-0.09954300,0.10575200,0.75339985,-0.05831198,-0.01238100,0.09115697,0.99405072,-0.54194000,0.17244500,-0.09947400,0.85562500,0.12326600,-0.26151900,0.02079100,-0.17106900,-0.21628700,0.42694100,0.05972500,0.23083500,-0.10474137,-0.08165711,-1.36243300,0.06669400,-0.21017500,1.07710200,0.52981600,-1.48881700,-1.68921900,0.56163000,0.48236500,-0.17737100
-0.09992300,0.11101400,0.74671453,-0.05847902,-0.01353100,0.09122903,0.99401931,-0.52120200,0.11815900,-0.18401600,0.85662200,0.03675800,-0.20481700,0.02890100,-0.17917400,-0.22487100,0.44930800,-0.04211800,0.22275900,-0.09120437,-0.08389415,-1.29212600,0.07095800,-0.16928900,1.02712800,0.49957100,-1.36288300,-1.69390900,0.49297800,0.34141400,-0.15415800
-0.10070900,0.11766700,0.73433401,-0.06294203,-0.01546801,0.08785404,0.99402249,-0.51796100,0.10303900,-0.20804900,0.89835500,-0.07985900,-0.17147000,0.02966500,-0.17960600,-0.21992900,0.47659300,-0.13020400,0.21728200,-0.07581394,-0.09109322,-1.21120900,0.07233600,-0.10428800,0.96828300,0.45671100,-1.23315900,-1.60630200,0.37744900,0.23717500,-0.04889800
-0.10205400,0.12443700,0.71976748,-0.06879003,-0.01731201,0.08129704,0.99416247,-0.52294700,0.10539600,-0.20776000,0.95260900,-0.20064400,-0.14818000,0.01947700,-0.17746900,-0.20463200,0.51282200,-0.20487100,0.21410000,-0.06260161,-0.09848650,-1.12062900,0.07298000,-0.03201300,0.92227800,0.41376600,-1.07192800,-1.45896700,0.24453100,0.15515800,0.04196100
-0.10407000,0.12962100,0.70909474,-0.07400200,-0.01835500,0.07214100,0.99447598,-0.52529900,0.10858600,-0.19989900,0.98686400,-0.28627800,-0.11042400,-0.00313900,-0.17603100,-0.18344200,0.56145700,-0.27022700,0.21409900,-0.05745220,-0.10368455,-1.01959600,0.07328300,0.03665100,0.90443400,0.37556200,-0.87999000,-1.28166300,0.14513300,0.07645500,0.04352700
-0.10705800,0.13444900,0.70097198,-0.07620797,-0.01838599,0.06198398,0.99499361,-0.52933800,0.10877700,-0.18306400,1.01171500,-0.34426000,-0.07201600,-0.04121600,-0.18092700,-0.15720700,0.62726300,-0.31350200,0.21620100,-0.05857477,-0.10705837,-0.91836400,0.07484500,0.09558000,0.90823800,0.34346500,-0.70122400,-1.06985400,0.08802400,0.03305700,0.01023600
-0.11149100,0.13964200,0.69496879,-0.07470701,-0.01770500,0.05291701,0.99564310,-0.54167700,0.10116900,-0.16368000,1.03732500,-0.37329500,-0.04333400,-0.10090400,-0.19664000,-0.12858500,0.71969700,-0.31791300,0.22737700,-0.06052991,-0.10913410,-0.82029900,0.07283100,0.11488300,0.95821400,0.33280600,-0.54634500,-0.84412600,0.08264200,0.07100600,-0.00946800
-0.11698200,0.14502300,0.69097468,-0.07139297,-0.01555699,0.04536598,0.99629461,-0.55949000,0.08911700,-0.14398800,1.05858200,-0.38340100,-0.02331500,-0.17789900,-0.21703800,-0.09752700,0.82655800,-0.29082400,0.24013700,-0.06201912,-0.11001659,-0.73355700,0.06196100,0.12066400,1.02565900,0.33088500,-0.43158500,-0.63829700,0.09031700,0.16004000,-0.02840500
-0.12355500,0.15087800,0.68850915,-0.06703201,-0.01098400,0.04042301,0.99687113,-0.58071000,0.07028900,-0.13009900,1.07075100,-0.38502700,-0.01307700,-0.27008500,-0.23932400,-0.06271400,0.93828800,-0.22619300,0.24895700,-0.06138135,-0.10837790,-0.66481000,0.05413800,0.14009100,1.07662700,0.33036700,-0.34304400,-0.47822600,0.07049600,0.29798000,-0.06128500
-0.13045600,0.15660000,0.68723885,-0.06251999,-0.00658600,0.03626599,0.99736285,-0.60055800,0.05270900,-0.11557200,1.07586400,-0.38024500,-0.00715900,-0.36791600,-0.25833000,-0.02620000,1.04791600,-0.14815000,0.24938200,-0.05877361,-0.10500120,-0.60856000,0.05283600,0.15432700,1.11797200,0.33795600,-0.26589300,-0.34250500,0.05853100,0.45698900,-0.08866200
-0.13703700,0.16153000,0.68668721,-0.05823799,-0.00316800,0.03130399,0.99780678,-0.61549600,0.04399100,-0.09415900,1.07297500,-0.37439600,0.00260300,-0.46519600,-0.26974000,0.00680300,1.14616200,-0.08058200,0.21321700,-0.05595803,-0.10033404,-0.56309000,0.06064900,0.15025200,1.14921200,0.35977900,-0.20591200,-0.22482300,0.01071400,0.58547400,-0.07981300
-0.14299600,0.16602300,0.68651930,-0.05370099,-0.00087100,0.02558700,0.99822881,-0.62581900,0.04198500,-0.06762200,1.06641000,-0.36773500,0.01220800,-0.55454000,-0.28145300,0.03126500,1.23612300,-0.03626800,0.17022700,-0.05198628,-0.09462457,-0.52222300,0.07557800,0.14763400,1.16868300,0.38079300,-0.15076400,-0.13521200,-0.05456600,0.68692200,-0.06823100
-0.14760500,0.17036100,0.68597772,-0.04876100,-0.00129400,0.01940700,0.99862108,-0.62949000,0.04632500,-0.03614600,1.06236500,-0.36249500,0.01807500,-0.62309700,-0.29430200,0.04425600,1.31921600,-0.04901600,0.16249100,-0.04433582,-0.08989162,-0.48212500,0.09412400,0.16234800,1.17503100,0.38655300,-0.10030000,-0.08586900,-0.11354100,0.75450500,-0.08518200
-0.15148200,0.17422000,0.68589750,-0.04496201,-0.00260800,0.01342200,0.99889512,-0.62933500,0.05325200,-0.00756900,1.05655200,-0.35677900,0.02231900,-0.67977600,-0.30532700,0.04911000,1.39919200,-0.08808300,0.16401600,-0.03377560,-0.08725966,-0.44079400,0.11696600,0.18679900,1.17343400,0.38242600,-0.05366100,-0.05881100,-0.17808600,0.79342600,-0.09989600
-0.15508000,0.17728900,0.68667810,-0.04296999,-0.00312200,0.00809400,0.99903870,-0.62905800,0.05779500,0.01185200,1.04624500,-0.34941600,0.02652000,-0.73263400,-0.31567900,0.04696300,1.47894700,-0.12336500,0.15080500,-0.02267739,-0.08703905,-0.39540500,0.14587400,0.21963100,1.16847800,0.36840200,-0.01506700,-0.03369500,-0.24402600,0.81435400,-0.09440200
-0.15816800,0.17975500,0.68849597,-0.04174798,-0.00336500,0.00283000,0.99911850,-0.62578500,0.05995400,0.02444300,1.02936700,-0.33918700,0.02980500,-0.77529000,-0.32058200,0.04324200,1.55386000,-0.15586700,0.13617100,-0.01151833,-0.09012622,-0.34730700,0.17626600,0.26088800,1.15669900,0.34400600,0.01628500,-0.01432200,-0.31147500,0.82347500,-0.07745200
-0.16060800,0.18162300,0.69183804,-0.04080998,-0.00380200,-0.00321700,0.99915451,-0.61624300,0.05880600,0.03022500,1.00198600,-0.32356600,0.03044900,-0.80265400,-0.31222300,0.04368700,1.62151200,-0.17898600,0.13400800,-0.00114764,-0.09748633,-0.29483800,0.20590500,0.31129200,1.13750800,0.30715200,0.04135700,0.00165300,-0.38142800,0.82862100,-0.05069900
-0.16257100,0.18315100,0.69643991,-0.03993600,-0.00394700,-0.00964600,0.99914788,-0.60136700,0.05607700,0.03317200,0.96521300,-0.30346100,0.03005000,-0.81604800,-0.29330100,0.04597900,1.67816400,-0.19159200,0.14294300,0.00797478,-0.10730069,-0.24152100,0.23917300,0.36694200,1.10957200,0.26542800,0.05925000,0.01084400,-0.44858200,0.82501100,-0.01894300
-0.16415800,0.18475200,0.70211307,-0.03905299,-0.00374300,-0.01727200,0.99908084,-0.58039900,0.05546200,0.03737000,0.91957500,-0.28006000,0.03128400,-0.81428700,-0.26157100,0.05082600,1.71958700,-0.19061700,0.16530900,0.01607957,-0.11678830,-0.18815100,0.27532200,0.42246000,1.07458200,0.22814500,0.06946200,0.00973900,-0.50713700,0.80848800,0.01315600
-0.16543800,0.18596500,0.70857886,-0.03865401,-0.00445300,-0.02577401,0.99891028,-0.55229600,0.05886600,0.04358200,0.86603100,-0.25340700,0.03130700,-0.79790900,-0.22028600,0.05544600,1.74534100,-0.18257700,0.19064300,0.02226916,-0.12428594,-0.13245500,0.31114700,0.48129300,1.03626200,0.18951400,0.07411700,0.00049200,-0.55700100,0.78773000,0.04343700
-0.16651600,0.18643800,0.71541737,-0.03927402,-0.00683100,-0.03429402,0.99861645,-0.51721200,0.06736700,0.05207000,0.80684500,-0.22454300,0.02726200,-0.76769000,-0.17339800,0.05750500,1.75470200,-0.17163000,0.20515600,0.02520181,-0.12844818,-0.07327000,0.34550100,0.54590600,0.99689800,0.14669500,0.07665000,-0.01457100,-0.59525800,0.77024300,0.06454100
-0.16738000,0.18622400,0.72252245,-0.03988699,-0.00936400,-0.04334399,0.99821974,-0.47765900,0.07891500,0.06508200,0.74010800,-0.19210600,0.02201400,-0.72807900,-0.12352200,0.06013300,1.74738500,-0.16298500,0.21539800,0.02545125,-0.12997810,-0.01481200,0.37696900,0.61154100,0.95543100,0.10202600,0.07518900,-0.03345500,-0.62818100,0.75318800,0.08291500
-0.16814100,0.18512600,0.72975974,-0.03988000,-0.01109700,-0.05294700,0.99773897,-0.43519600,0.09163200,0.08446700,0.66401200,-0.15482800,0.01696400,-0.68271100,-0.07313400,0.06633400,1.72527100,-0.16520100,0.23029800,0.02318256,-0.13068907,0.03984300,0.40419500,0.67306700,0.91031000,0.05638300,0.06842000,-0.05279400,-0.66177800,0.73622100,0.10408500
-0.16852800,0.18351600,0.73645122,-0.03828801,-0.01199800,-0.06156502,0.99729626,-0.39018000,0.10084800,0.10985500,0.57950000,-0.11320600,0.01565500,-0.63004900,-0.03060000,0.07542600,1.68308800,-0.17365900,0.24278400,0.01976535,-0.13073966,0.08999200,0.42812100,0.73357600,0.86589600,0.01048000,0.05721000,-0.07632500,-0.69489300,0.71913400,0.12453500
-0.16820400,0.18178000,0.74195058,-0.03362401,-0.01134500,-0.06774503,0.99707138,-0.34470800,0.10098400,0.14144300,0.48715300,-0.06873700,0.02352800,-0.56984800,-0.00695200,0.08468400,1.61256000,-0.18303300,0.24629500,0.01835447,-0.13029143,0.13251200,0.44740500,0.79658700,0.82695800,-0.03676900,0.04189300,-0.10818600,-0.72859800,0.70076200,0.14297400
-0.16748200,0.17969100,0.74632391,-0.02858901,-0.01081200,-0.07149902,0.99697225,-0.29617100,0.09552200,0.17386000,0.38805400,-0.02097500,0.03721100,-0.50055000,0.00516100,0.09049900,1.51883300,-0.19332600,0.24468800,0.01693102,-0.13030910,0.17009900,0.46799800,0.86080200,0.79401600,-0.07908000,0.02655100,-0.14391700,-0.76280200,0.68456800,0.15838800
-0.16650300,0.17700900,0.74976478,-0.02528200,-0.01217200,-0.07279899,0.99695184,-0.23920400,0.08714100,0.20271700,0.27845500,0.03297400,0.05890400,-0.41938500,0.01104700,0.08868000,1.40452800,-0.20808900,0.23827900,0.01163272,-0.13136739,0.20724100,0.49723500,0.92748500,0.76842100,-0.10769100,0.01559300,-0.17954100,-0.79576800,0.67399100,0.16878200
-0.16544400,0.17417600,0.75170568,-0.02100199,-0.01390400,-0.07169198,0.99710875,-0.18468900,0.07208000,0.22442500,0.17225200,0.08797500,0.07756000,-0.33313500,0.00918000,0.08316800,1.27305000,-0.21739900,0.23082500,0.00377978,-0.13225949,0.23771100,0.52870100,0.99072600,0.74967500,-0.13038900,0.00492500,-0.21808600,-0.83154900,0.66599000,0.17632200
-0.16417800,0.17162900,0.75194439,-0.01440300,-0.01526200,-0.06833199,0.99744191,-0.13890400,0.04970800,0.23373700,0.07813900,0.14387000,0.08047700,-0.24644400,0.00120300,0.07840100,1.12493900,-0.20378500,0.23295800,-0.00340124,-0.13015022,0.25319500,0.55832300,1.04221200,0.73481600,-0.15522200,-0.00743000,-0.26297700,-0.87513100,0.65781800,0.18223400
-0.16376000,0.16914700,0.75121233,-0.00779400,-0.01510301,-0.06466303,0.99776242,-0.11318100,0.02987600,0.22795200,0.01579300,0.18486400,0.07920400,-0.16474700,-0.00772300,0.07292100,0.97176100,-0.18608000,0.23019900,-0.01059093,-0.12549038,0.26218100,0.59025100,1.08253300,0.72157200,-0.17734900,-0.02180800,-0.30897100,-0.91975000,0.65321200,0.18611600
-0.16480400,0.16657900,0.75030928,-0.00254400,-0.01258600,-0.06178898,0.99800663,-0.12124000,0.01932400,0.20295600,0.01097900,0.19121200,0.07829000,-0.09181700,-0.01419100,0.06606100,0.82295700,-0.18317700,0.20546400,-0.02009659,-0.12035820,0.27409900,0.62807200,1.11070100,0.70674200,-0.19262200,-0.03922000,-0.35253200,-0.96020000,0.65534200,0.18893000
-0.16850000,0.16418400,0.74875015,0.00276800,-0.00698500,-0.05853600,0.99825702,-0.14381900,0.01010200,0.17405200,0.01608000,0.18798400,0.07764800,-0.03660500,-0.02250000,0.05234400,0.69312600,-0.19802400,0.16776300,-0.02959960,-0.11493963,0.28134500,0.66573300,1.12855200,0.69304900,-0.20544300,-0.06166500,-0.39325700,-0.99902000,0.65998200,0.19152800
-0.17668200,0.16211900,0.74676796,0.00832600,0.00126200,-0.05457900,0.99847394,-0.18945000,0.00262600,0.15713800,0.04946700,0.16835100,0.08659900,-0.00599000,-0.03429500,0.02647900,0.60168600,-0.24795100,0.12065700,-0.03689493,-0.10928225,0.27877000,0.69972400,1.13817700,0.68239900,-0.21844100,-0.09199000,-0.42932200,-1.03587400,0.66399900,0.19390900
-0.18805500,0.16039200,0.74427822,0.01380100,0.00930600,-0.05023199,0.99859886,-0.24805000,-0.00348800,0.14421100,0.10239400,0.14363200,0.09299200,0.00311400,-0.04433100,-0.00205100,0.54508100,-0.30859800,0.07173700,-0.04028432,-0.10204381,0.26653000,0.72486000,1.13917800,0.67524800,-0.23075200,-0.12914700,-0.45800900,-1.07037700,0.66720200,0.19854700
-0.20231300,0.15923200,0.74129133,0.01949900,0.01677900,-0.04571601,0.99862320,-0.30890000,-0.00881900,0.13079800,0.15285700,0.13129300,0.07958500,-0.01560200,-0.05183700,-0.02949700,0.52562000,-0.34633600,0.02496800,-0.03630904,-0.09087400,0.24094600,0.73387400,1.13101600,0.67370100,-0.24267400,-0.17594800,-0.47578500,-1.10474400,0.66763800,0.21169700
-0.21831400,0.15822900,0.73960691,0.02291699,0.02203599,-0.04202598,0.99861056,-0.37314100,-0.00963000,0.11871500,0.21051200,0.13925400,0.05672100,-0.04788300,-0.05314200,-0.05069300,0.52840800,-0.36839400,-0.01515500,-0.02602968,-0.07606854,0.20943900,0.73111500,1.11566700,0.67227300,-0.25322800,-0.22162800,-0.48615600,-1.13037800,0.66826100,0.22265900
-0.23491300,0.15714300,0.74074076,0.02359901,0.02401901,-0.04009302,0.99862842,-0.44768200,-0.00291800,0.10641400,0.29072000,0.17461000,0.02784000,-0.08276900,-0.04701100,-0.05924900,0.53868800,-0.37358700,-0.03778800,-0.01117085,-0.05854981,0.17790300,0.71577800,1.09466900,0.66753600,-0.26250000,-0.25224600,-0.49032600,-1.13692300,0.67397700,0.21788000
-0.25182000,0.15567100,0.74252498,0.02138800,0.02539900,-0.03859401,0.99870313,-0.53263200,0.01102600,0.08685400,0.38514400,0.22456900,-0.02035100,-0.12161300,-0.03405800,-0.06374500,0.55468500,-0.36769900,-0.04841700,0.00524265,-0.04059227,0.14885100,0.69828100,1.07343700,0.66044500,-0.27023800,-0.27671200,-0.49101900,-1.13583200,0.68098000,0.20890600
-0.26860200,0.15337700,0.74457298,0.01541399,0.02782799,-0.03529298,0.99887057,-0.62811200,0.02556300,0.05127500,0.48063700,0.29406000,-0.10814500,-0.16123800,-0.01486700,-0.07190700,0.57075800,-0.35696800,-0.04756600,0.01957086,-0.02692983,0.12582900,0.69192700,1.05586200,0.65052700,-0.27399600,-0.29926500,-0.49063600,-1.13548700,0.68689300,0.20340200
-0.28453800,0.15056000,0.74390870,0.00785200,0.03082699,-0.02962599,0.99905472,-0.72624600,0.02849900,0.00098600,0.59122800,0.34336300,-0.19357000,-0.20274900,0.00466100,-0.08562800,0.59220100,-0.34703200,-0.04352700,0.03104251,-0.01821702,0.10704100,0.69298100,1.04278200,0.63880700,-0.27821500,-0.31918800,-0.48873200,-1.13540800,0.69028600,0.20102700
-0.29846800,0.14728100,0.73602112,-0.00030700,0.03363098,-0.02119299,0.99920955,-0.82034700,0.01527100,-0.04321500,0.73864000,0.31899600,-0.20946100,-0.24590000,0.02128200,-0.10826500,0.62485300,-0.34733700,-0.04843400,0.03862523,-0.01359506,0.09112000,0.70151200,1.03582400,0.62502600,-0.28726900,-0.33855500,-0.48791200,-1.13975000,0.68953000,0.20470300
-0.31129000,0.14367200,0.72334785,-0.00768700,0.03649600,-0.01096600,0.99924406,-0.90873500,0.00414600,-0.05746600,0.90448600,0.26960700,-0.19210700,-0.29178300,0.03097500,-0.13458700,0.66692300,-0.35422000,-0.05402600,0.04255546,-0.01291120,0.07865900,0.71615200,1.03312800,0.61160500,-0.29815900,-0.35421600,-0.48826500,-1.14632400,0.68621600,0.21069600
-0.32359500,0.13961000,0.70907874,-0.01217100,0.03870801,-0.00159900,0.99917516,-0.98501200,0.01415800,-0.03684700,1.06983400,0.23895600,-0.17699800,-0.34068100,0.03195500,-0.15616300,0.72143600,-0.36744900,-0.05261500,0.04047276,-0.01209100,0.07023700,0.73614700,1.03296300,0.60047900,-0.30943200,-0.36308400,-0.48799100,-1.15277400,0.68193700,0.21649200
-0.33514500,0.13569600,0.70418069,-0.01315900,0.04013001,0.00459500,0.99909725,-1.04425100,0.03593900,-0.00792400,1.22900200,0.21183800,-0.16135800,-0.38652700,0.02647300,-0.16938500,0.77519300,-0.38044400,-0.04664300,0.03204324,-0.00847255,0.06331800,0.75763100,1.03768000,0.59333300,-0.32071600,-0.36786100,-0.49177500,-1.15905600,0.67834900,0.22152800
-0.34590700,0.13268800,0.70173339,-0.01132200,0.04128800,0.00632700,0.99906310,-1.08262200,0.06717200,0.02063200,1.37701200,0.17722600,-0.14229400,-0.42389100,0.02060100,-0.17197800,0.81275400,-0.38341400,-0.03801200,0.02222895,-0.00355354,0.05615100,0.77602900,1.05184500,0.59333300,-0.33078300,-0.37058800,-0.50380500,-1.16283900,0.67696600,0.22380900
-0.35584500,0.13009400,0.70068057,-0.00871900,0.04156100,0.00613000,0.99907912,-1.09872500,0.09760600,0.04059700,1.51013500,0.14174400,-0.12968800,-0.45177200,0.01686200,-0.17027800,0.83613800,-0.38029900,-0.03082300,0.01201735,0.00261995,0.04753700,0.79333000,1.06778400,0.59543200,-0.33958700,-0.36940000,-0.52101000,-1.16821700,0.67605000,0.22603500
-0.36492100,0.12767200,0.70063870,-0.00678500,0.04103901,0.00668100,0.99911217,-1.09242200,0.11354200,0.04623900,1.62169000,0.11858600,-0.14407600,-0.46861600,0.01486700,-0.17098600,0.84327800,-0.37520500,-0.03061000,0.00196072,0.00873392,0.03533200,0.81038000,1.07899700,0.59454500,-0.34754400,-0.36297400,-0.54197000,-1.18009200,0.67442400,0.23086000
-0.37310600,0.12548600,0.70150328,-0.00542000,0.03989902,0.00842500,0.99915350,-1.06525100,0.11956500,0.04694100,1.71017200,0.09975400,-0.16377200,-0.47768800,0.01323100,-0.17486400,0.83973100,-0.36639700,-0.03407300,-0.00572183,0.01334037,0.02235300,0.82523000,1.08492400,0.59278400,-0.35346000,-0.35133900,-0.56582500,-1.19580700,0.67361900,0.23512700
-0.38027600,0.12343500,0.70296335,-0.00464400,0.03794598,0.01236099,0.99919254,-1.01636200,0.11847300,0.05162600,1.77472100,0.07188200,-0.16060500,-0.48241200,0.00978800,-0.18363800,0.83277000,-0.35287400,-0.03956000,-0.00948973,0.01650118,0.01110800,0.83625600,1.08142500,0.59087500,-0.35614000,-0.33232500,-0.59108700,-1.21628000,0.67581400,0.23643200
-0.38669100,0.12176500,0.70520893,-0.00488000,0.03598601,0.01685700,0.99919820,-0.94973800,0.11339200,0.05830500,1.81200600,0.03963600,-0.14654900,-0.48194400,0.00687400,-0.19493900,0.81806700,-0.33530400,-0.04331600,-0.00923587,0.01740140,0.00105200,0.84393600,1.07506400,0.58945700,-0.35634800,-0.31015100,-0.61759600,-1.23621700,0.68056900,0.23449700
-0.39248500,0.12076600,0.70864745,-0.00635600,0.03409900,0.02020600,0.99919396,-0.86729500,0.10866700,0.06168000,1.81851000,0.00779800,-0.13232400,-0.47312000,0.00730800,-0.20555500,0.78939100,-0.31286400,-0.03952500,-0.00499258,0.01558283,-0.00765000,0.84812700,1.07139100,0.59031800,-0.35365400,-0.28810900,-0.64480400,-1.24848300,0.68733300,0.22781600
-0.39790500,0.12013400,0.71246875,-0.00880800,0.03153701,0.02303801,0.99919822,-0.77051200,0.10236300,0.06463800,1.79317500,-0.02340800,-0.11847300,-0.45892200,0.00985200,-0.21590700,0.75480200,-0.28719800,-0.03223800,0.00237979,0.01152314,-0.01422200,0.85015400,1.07161000,0.59337700,-0.34933800,-0.26792300,-0.67408700,-1.25566300,0.69566000,0.21937100
-0.40327300,0.11963400,0.71606645,-0.01146001,0.02744401,0.02521901,0.99923946,-0.65946500,0.09330800,0.06970600,1.73265700,-0.05294200,-0.10812800,-0.44159400,0.01257800,-0.22478800,0.72215600,-0.26054800,-0.02462700,0.01089847,0.00541517,-0.01722500,0.85182600,1.07929000,0.59903100,-0.34426200,-0.25146600,-0.70732100,-1.25833700,0.70490900,0.21023200
-0.40848900,0.11937900,0.71920731,-0.01380000,0.02223701,0.02694401,0.99929430,-0.54054800,0.07793000,0.07353000,1.64127800,-0.08232200,-0.09895300,-0.42362000,0.01488700,-0.23197800,0.69280700,-0.23461100,-0.01748200,0.01932953,-0.00201852,-0.01922300,0.85285500,1.09159400,0.60612100,-0.34011400,-0.24009100,-0.74268700,-1.25820900,0.71437100,0.20295500
-0.41341200,0.11942100,0.72166671,-0.01562400,0.01699100,0.02839301,0.99933029,-0.42151100,0.05256000,0.07204000,1.52000500,-0.11717700,-0.08384600,-0.40927900,0.01609800,-0.23778400,0.66945700,-0.21119600,-0.01200500,0.02701549,-0.00995938,-0.02351100,0.85262000,1.10596900,0.61330100,-0.34055000,-0.23719600,-0.77831400,-1.25816000,0.72314700,0.20238500
-0.41848100,0.11970600,0.72346966,-0.01698200,0.01262200,0.02932000,0.99934610,-0.30685000,0.01881700,0.05967200,1.37804200,-0.14576000,-0.07742100,-0.40119500,0.01642400,-0.24183500,0.65305200,-0.19050800,-0.00855200,0.03346844,-0.01809744,-0.02730600,0.85328700,1.12303100,0.62190900,-0.34033300,-0.23877000,-0.81424400,-1.25521100,0.73141600,0.20250100
-0.42388400,0.12036000,0.72454219,-0.01789099,0.00962800,0.02955299,0.99935671,-0.20169900,-0.02514900,0.02900400,1.22094100,-0.14819100,-0.10162500,-0.40190400,0.01580400,-0.24406200,0.64585800,-0.17285100,-0.00745500,0.03915325,-0.02630058,-0.02697200,0.85609900,1.14272500,0.63423300,-0.33304900,-0.24024800,-0.85075500,-1.24583100,0.73877100,0.19725400
-0.43023000,0.12087600,0.72480186,-0.01920701,0.00918300,0.02986001,0.99932735,-0.10822600,-0.06323400,-0.01265300,1.05903300,-0.15387500,-0.12562700,-0.41331200,0.01574400,-0.24602700,0.64559400,-0.15864500,-0.00949200,0.04314309,-0.03460692,-0.02813700,0.86245300,1.16349600,0.64480300,-0.32606500,-0.24485300,-0.88479800,-1.23446300,0.74507300,0.19301200
-0.43816100,0.12071900,0.72386136,-0.02194600,0.01234100,0.03100800,0.99920197,-0.02879200,-0.07738000,-0.04248700,0.90128700,-0.19562100,-0.11579400,-0.43736300,0.01891200,-0.25000300,0.65006000,-0.14948200,-0.01730100,0.04455618,-0.04300478,-0.03666900,0.87553200,1.18565300,0.64788500,-0.32606600,-0.25537300,-0.91351200,-1.22553100,0.75039400,0.19475900
-0.44776800,0.12010500,0.72197112,-0.02557501,0.01692401,0.03282502,0.99899050,0.03147400,-0.07750200,-0.05853000,0.76400600,-0.25548600,-0.08613600,-0.46992700,0.02326300,-0.25512800,0.66000700,-0.14231500,-0.02639700,0.04412387,-0.05160449,-0.04897300,0.89211500,1.20347700,0.64872700,-0.32860200,-0.26736200,-0.93759200,-1.21743400,0.75431900,0.19945200
-0.45936500,0.11915100,0.71914022,-0.02976301,0.02138501,0.03561302,0.99869343,0.06643800,-0.07126000,-0.06373700,0.66540100,-0.32276600,-0.04186800,-0.50775700,0.02697100,-0.26066600,0.67522700,-0.13637700,-0.03411100,0.04197902,-0.06149682,-0.06235500,0.90958800,1.21063200,0.65060600,-0.33110100,-0.27870900,-0.95679700,-1.20894100,0.75646200,0.20666900
-0.47294100,0.11764700,0.71637109,-0.03407602,0.02632501,0.04012302,0.99826648,0.07548800,-0.06401300,-0.06359600,0.60396900,-0.39254000,0.00351700,-0.55240100,0.02746400,-0.26715400,0.69591800,-0.12353000,-0.03443300,0.03746644,-0.07236330,-0.08057900,0.92873100,1.20970000,0.65374800,-0.33410300,-0.28666700,-0.96990800,-1.20371400,0.75770000,0.21354000
-0.48894000,0.11515800,0.71472171,-0.03815702,0.03207502,0.04712402,0.99764451,0.05440400,-0.05828300,-0.06300200,0.58740100,-0.44998300,0.03720100,-0.60563700,0.02143300,-0.27380500,0.72307200,-0.09435700,-0.01811500,0.02868695,-0.08384762,-0.10670300,0.94988200,1.20166100,0.65960700,-0.33729300,-0.28767100,-0.97493400,-1.20529800,0.75965300,0.21633200
-0.50630700,0.11244200,0.71424086,-0.04053001,0.03633701,0.05534702,0.99698227,0.01491000,-0.05930200,-0.06852800,0.60558000,-0.49735900,0.06163000,-0.66242100,0.00851700,-0.27518100,0.75478200,-0.04716900,0.01179100,0.01785235,-0.09438236,-0.13876000,0.96761700,1.18476000,0.66422800,-0.34042700,-0.28326600,-0.97594700,-1.21116400,0.76146800,0.21691200
-0.52433000,0.11014000,0.71527193,-0.04015302,0.03807802,0.06389203,0.99642140,-0.03478100,-0.07034000,-0.08789800,0.65217200,-0.53311000,0.06794800,-0.72034700,-0.01193900,-0.26901000,0.78852500,0.02382100,0.04810900,0.00881206,-0.10013872,-0.17654300,0.97454300,1.15670300,0.66403400,-0.34330300,-0.27278600,-0.97734200,-1.22060200,0.76304100,0.21597100
-0.54241400,0.10820600,0.71630228,-0.03962300,0.03870100,0.07066899,0.99596092,-0.09198300,-0.08333700,-0.10585300,0.71733500,-0.55800000,0.06435900,-0.78037300,-0.02789100,-0.24458600,0.82452700,0.10809500,0.10792300,0.00203956,-0.10289060,-0.21479000,0.97614500,1.12581300,0.66182800,-0.34660900,-0.26165500,-0.97770700,-1.22766900,0.76454600,0.21425300
-0.55981400,0.10684500,0.71634342,-0.04061498,0.03934798,0.07340697,0.99569753,-0.15423800,-0.08919700,-0.10987200,0.78999300,-0.57171600,0.05845300,-0.84417000,-0.01887700,-0.18099900,0.85703000,0.20272300,0.23036200,-0.00204639,-0.10523294,-0.24748200,0.97916000,1.10033700,0.66029500,-0.35056400,-0.25537600,-0.97555600,-1.22456100,0.76610800,0.21224000
-0.57627600,0.10594600,0.71255248,-0.04140199,0.03995999,0.07178798,0.99575879,-0.21827600,-0.08763800,-0.10118000,0.86366100,-0.57595100,0.04717800,-0.90221600,-0.00422700,-0.14186900,0.90239400,0.26874600,0.26167200,-0.00655937,-0.10255922,-0.27465800,0.98233300,1.07914600,0.65814100,-0.35563300,-0.25316300,-0.97462200,-1.21623400,0.76838300,0.21040300
-0.59119000,0.10557300,0.70322611,-0.04282801,0.03925201,0.06836902,0.99596723,-0.27604900,-0.07977900,-0.08602500,0.93269700,-0.57200100,0.03176800,-0.95453900,0.00370100,-0.12023700,0.99298300,0.27200300,0.26171000,-0.00898350,-0.09715875,-0.29694900,0.98488100,1.06309000,0.65356000,-0.36427600,-0.25530000,-0.97831400,-1.20685300,0.77207900,0.20901800
-0.60491500,0.10542200,0.68967614,-0.04530601,0.03841101,0.06382001,0.99619223,-0.32696000,-0.06646400,-0.07039100,0.99106900,-0.56617400,0.01687900,-1.00543000,0.00833700,-0.10399800,1.11379100,0.24326900,0.26171300,-0.00902223,-0.09153471,-0.30962500,0.99154800,1.05325400,0.64886000,-0.37121300,-0.26145900,-0.98455300,-1.19478800,0.77568500,0.20899900
-0.61768200,0.10509200,0.67314237,-0.04861999,0.03831899,0.05847298,0.99636773,-0.36663000,-0.05258200,-0.05837300,1.02981600,-0.56731700,0.00951000,-1.05577700,0.00784600,-0.09077000,1.25356000,0.21072400,0.26170000,-0.00835881,-0.08695131,-0.30668400,1.00809500,1.04946200,0.64668500,-0.36971300,-0.27207100,-0.99143000,-1.17923400,0.77713400,0.21238900
-0.62927400,0.10495100,0.66617019,-0.05162001,0.03820001,0.05287501,0.99653418,-0.39629400,-0.04155900,-0.04900600,1.05369500,-0.57100200,0.00707100,-1.09859200,0.00370600,-0.07721700,1.39951500,0.17117300,0.26166500,-0.00697437,-0.08385949,-0.29445500,1.02998700,1.05557300,0.64624400,-0.36558100,-0.28402500,-1.00138600,-1.16270300,0.77739000,0.21633900
-0.63944900,0.10518500,0.66561914,-0.05331799,0.03823599,0.04701999,0.99673684,-0.41765200,-0.03589700,-0.04172300,1.06395900,-0.57611200,0.00773600,-1.12807400,-0.00602900,-0.06709900,1.53750200,0.12426100,0.26158700,-0.00538924,-0.08197625,-0.27796700,1.05506600,1.07596600,0.64628300,-0.36228600,-0.29448200,-1.01706300,-1.14680800,0.77672600,0.21876400
-0.64855500,0.10587900,0.66600281,-0.05382100,0.03862800,0.04103400,0.99695907,-0.43313900,-0.03462300,-0.03520600,1.06418500,-0.57790900,0.00977900,-1.14125200,-0.01741700,-0.05522300,1.66235600,0.07587500,0.26085600,-0.00309755,-0.08112744,-0.25848000,1.07794400,1.10490000,0.64943700,-0.35946000,-0.30467800,-1.03752400,-1.13110500,0.77737900,0.21956700
-0.65691900,0.10731400,0.66753144,-0.05299601,0.03936401,0.03463601,0.99721725,-0.44685500,-0.03672700,-0.02834900,1.06019100,-0.57004700,0.01037200,-1.13321800,-0.02719800,-0.04166100,1.76608100,0.02732000,0.24252600,0.00083506,-0.08000154,-0.24010100,1.09216700,1.13775600,0.65874300,-0.35920700,-0.31413900,-1.06412500,-1.11562400,0.78165300,0.21690900
-0.66433800,0.10911400,0.67061739,-0.05135901,0.03969100,0.02728500,0.99751812,-0.45386800,-0.03842400,-0.01868900,1.04652300,-0.55442500,0.00905400,-1.10303000,-0.03817400,-0.03255500,1.84404500,-0.01572800,0.20652300,0.00534910,-0.07813480,-0.22036000,1.09949600,1.17202900,0.67077900,-0.35816000,-0.32765400,-1.09001100,-1.09752700,0.78761900,0.21411500
-0.67060900,0.11109600,0.67586910,-0.04915499,0.03861499,0.01882600,0.99786685,-0.44806200,-0.03592200,-0.00382100,1.01712600,-0.53121900,0.00481100,-1.04724100,-0.04763500,-0.02228200,1.88929300,-0.03377400,0.18930400,0.00978171,-0.07612552,-0.19664300,1.09923700,1.20471600,0.68366900,-0.35288400,-0.35047100,-1.10729700,-1.07454000,0.79322700,0.21463500
-0.67601300,0.11306400,0.68261020,-0.04640200,0.03641900,0.00997400,0.99820891,-0.43263500,-0.03185200,0.01407200,0.97605100,-0.50179700,-0.00140400,-0.97149500,-0.05579600,-0.01186900,1.90470400,-0.04055800,0.18376700,0.01313702,-0.07369732,-0.17209800,1.09350300,1.23461400,0.69540600,-0.34657800,-0.37631900,-1.11851800,-1.04889800,0.79899600,0.21580500
-0.68078400,0.11477100,0.69022576,-0.04311101,0.03345301,0.00123700,0.99850929,-0.41092000,-0.02758700,0.03407900,0.92741200,-0.46712400,-0.00953400,-0.88064400,-0.06358800,-0.00322000,1.89334600,-0.05116800,0.18113100,0.01409402,-0.07093723,-0.14922900,1.08446900,1.26041000,0.70378300,-0.34192400,-0.40055900,-1.12481400,-1.02297000,0.80602900,0.21660200
-0.68480900,0.11614600,0.69798126,-0.03907102,0.02909601,-0.00696900,0.99878842,-0.38092000,-0.02595500,0.05416100,0.87098900,-0.43125800,-0.01670700,-0.77510400,-0.07524900,0.00030100,1.85464100,-0.06889100,0.17396200,0.01234762,-0.06756581,-0.12705400,1.07362300,1.28098000,0.70924600,-0.33716700,-0.42132400,-1.12739400,-0.99790200,0.81351400,0.21614200
-0.68796700,0.11690700,0.70524434,-0.03449600,0.02269600,-0.01371200,0.99905300,-0.33843300,-0.02893400,0.07062500,0.80267200,-0.39989600,-0.01917700,-0.65458600,-0.09513100,-0.00880800,1.78675100,-0.10515400,0.14851600,0.00763945,-0.06355460,-0.10444000,1.06333100,1.29480700,0.71157600,-0.33080200,-0.43556100,-1.12719700,-0.97432800,0.82130900,0.21275300
-0.69048300,0.11733400,0.71148430,-0.02894801,0.01520001,-0.01938201,0.99927739,-0.29357400,-0.03534400,0.08607000,0.73507800,-0.36892400,-0.02143200,-0.52593700,-0.11501700,-0.02592700,1.69289600,-0.14536500,0.11696500,0.00118111,-0.05950712,-0.08322000,1.05429300,1.30370500,0.71245000,-0.32394200,-0.44472500,-1.12635700,-0.95328100,0.82888100,0.20773700
-0.69234400,0.11771300,0.71658620,-0.02240999,0.00756600,-0.02431499,0.99942450,-0.25789300,-0.04433400,0.10233300,0.68344700,-0.33348900,-0.02702500,-0.39744800,-0.12994100,-0.04245400,1.57458600,-0.17084300,0.09387500,-0.00484339,-0.05544740,-0.06446600,1.04725700,1.30866000,0.71349000,-0.31664100,-0.44928700,-1.12764000,-0.93507400,0.83568000,0.20127400
-0.69410600,0.11773800,0.72061156,-0.01588400,0.00152000,-0.02859399,0.99946374,-0.23216600,-0.05399200,0.11610800,0.64347100,-0.30047900,-0.03424800,-0.27484100,-0.13236600,-0.05344900,1.43657300,-0.18484900,0.08393700,-0.01022965,-0.05102699,-0.04871100,1.04370400,1.31180400,0.71402600,-0.31077900,-0.45136700,-1.13009800,-0.92054700,0.84203200,0.19475600
-0.69614200,0.11717300,0.72338123,-0.00994400,-0.00151200,-0.03226100,0.99942887,-0.21764000,-0.06289500,0.12497200,0.61295400,-0.27633700,-0.04232400,-0.16439800,-0.11260500,-0.04798900,1.28213800,-0.19137400,0.09502600,-0.01519061,-0.04585091,-0.03744400,1.04528200,1.31592700,0.71333700,-0.30914400,-0.45291800,-1.13347100,-0.91070200,0.84842100,0.18939500
-0.69893300,0.11612900,0.72514147,-0.00474100,-0.00167500,-0.03639499,0.99932483,-0.21526800,-0.06989600,0.13197000,0.59371500,-0.25950200,-0.05095400,-0.06668500,-0.08513800,-0.02822600,1.11863000,-0.19016300,0.11508700,-0.01941328,-0.03873515,-0.02806200,1.05088000,1.32014200,0.71178600,-0.30934600,-0.45629600,-1.13786000,-0.90351100,0.85382100,0.18572500
-0.70300900,0.11441300,0.72608438,-0.00025900,0.00067400,-0.04172200,0.99912900,-0.22450600,-0.07425900,0.13916700,0.58605600,-0.24894100,-0.06065600,0.01754100,-0.05462400,0.00508800,0.95175300,-0.17304200,0.13614200,-0.02417439,-0.02831098,-0.01813300,1.06019100,1.32376700,0.70883800,-0.30950100,-0.46431800,-1.14301300,-0.89834900,0.85742800,0.18539600
-0.70854100,0.11270600,0.72580072,0.00438700,0.00523700,-0.04892301,0.99877919,-0.24676700,-0.07681600,0.14908600,0.59246500,-0.24604400,-0.06835900,0.08966400,-0.03395400,0.04145700,0.78959000,-0.16428900,0.13720600,-0.02834791,-0.01519686,-0.00837600,1.07158900,1.32867700,0.70725900,-0.31079900,-0.47848900,-1.15081200,-0.88978400,0.85915000,0.18682700
-0.71593400,0.11183800,0.72339391,0.00984200,0.01205200,-0.05907601,0.99813221,-0.28575100,-0.07788500,0.16463300,0.61775300,-0.25502000,-0.06814900,0.15195200,-0.04266600,0.04795200,0.63515800,-0.19752700,0.09084600,-0.02971607,-0.00027319,0.00133300,1.08326600,1.33669200,0.70993100,-0.31361800,-0.50162000,-1.16283500,-0.87136100,0.85794300,0.18900700
-0.72507000,0.11116100,0.71973829,0.01497000,0.01983600,-0.07054798,0.99719878,-0.33595000,-0.07491700,0.18171000,0.65762300,-0.26954700,-0.06653500,0.19480500,-0.06110700,0.02696300,0.50721500,-0.25299800,0.03808300,-0.02929991,0.01586480,0.01031200,1.09532700,1.34674500,0.71529200,-0.31830100,-0.53140100,-1.17677600,-0.84619200,0.85519400,0.19259000
-0.73609600,0.11021100,0.71554971,0.01887200,0.02744501,-0.08211402,0.99606622,-0.39225400,-0.06494800,0.19686000,0.70789200,-0.28497900,-0.07135600,0.20637500,-0.07558500,-0.01011500,0.43655600,-0.30410800,0.00592100,-0.02803357,0.03267653,0.01650000,1.10738600,1.35820000,0.72236400,-0.32642200,-0.56634000,-1.19077800,-0.81825300,0.85246000,0.19848400
-0.74854400,0.10938400,0.71149662,0.02162301,0.03406702,-0.09330605,0.99481951,-0.45280200,-0.04885000,0.20948600,0.76637000,-0.29263100,-0.08190100,0.19943000,-0.08590500,-0.05192100,0.40297100,-0.35706700,-0.01517500,-0.02590867,0.04844390,0.02323400,1.11994100,1.37035800,0.73180800,-0.33490900,-0.60260200,-1.20688000,-0.78577800,0.84994400,0.20354000
-0.76230100,0.10900000,0.70864498,0.02299499,0.03936298,-0.10357395,0.99357648,-0.51622900,-0.02706700,0.21759800,0.83066100,-0.28155300,-0.10116500,0.18274600,-0.09089200,-0.09246100,0.39143100,-0.41331300,-0.02252100,-0.02308578,0.06091775,0.03203200,1.13320800,1.38423700,0.74463600,-0.34243300,-0.63626500,-1.22624300,-0.74645600,0.84699500,0.20515800
-0.77642100,0.10880800,0.70658589,0.02326901,0.04260602,-0.11130806,0.99259951,-0.58000100,-0.00321400,0.22039800,0.89675600,-0.25256200,-0.12351900,0.16045700,-0.09140200,-0.12364800,0.39667000,-0.46690800,-0.02555300,-0.01957546,0.06969007,0.04572700,1.14727100,1.39359100,0.75864300,-0.34524800,-0.66617200,-1.24920900,-0.70524300,0.84498600,0.20338600
-0.79016600,0.10873200,0.70562451,0.02305800,0.04403100,-0.11512300,0.99210700,-0.64478800,0.01975200,0.21987400,0.96052900,-0.19899300,-0.13838700,0.13432100,-0.08625900,-0.12762200,0.41147500,-0.51452200,-0.03060800,-0.01535914,0.07445888,0.06928000,1.16157300,1.39047500,0.77182000,-0.33766000,-0.68828600,-1.27862300,-0.66388100,0.84469500,0.19534200
-0.80289900,0.10849200,0.70478616,0.02215200,0.04458299,-0.11602598,0.99199779,-0.70755200,0.04042200,0.21172900,1.02010000,-0.13526600,-0.15628800,0.10676400,-0.07699700,-0.12145300,0.43250700,-0.55267800,-0.03786000,-0.01084636,0.07665658,0.09845700,1.17746000,1.38108200,0.78309200,-0.32468300,-0.70649000,-1.30725200,-0.62766900,0.84622800,0.18764200
-0.81366800,0.10774900,0.70361776,0.02040100,0.04407601,-0.11401501,0.99229113,-0.76465300,0.05371300,0.19089500,1.07172900,-0.07271200,-0.19403500,0.08435600,-0.06541900,-0.12141400,0.45425000,-0.57707500,-0.05109900,-0.00627053,0.07739259,0.13120600,1.19698900,1.36917200,0.79083200,-0.30917300,-0.72542300,-1.33002100,-0.60442500,0.85094800,0.18649900
-0.82274600,0.10665700,0.70038936,0.01776900,0.04381900,-0.10971201,0.99283807,-0.81607900,0.05576400,0.16102600,1.12213000,-0.02924100,-0.23094300,0.06383600,-0.05295100,-0.12494700,0.47471200,-0.58609300,-0.06152200,-0.00201324,0.07608677,0.16648200,1.21782300,1.35650400,0.79625900,-0.29092800,-0.74127900,-1.34857200,-0.58775200,0.85939600,0.18791300
-0.83002400,0.10515900,0.69263464,0.01388700,0.04417799,-0.10348197,0.99355269,-0.85883500,0.04358300,0.12582200,1.17916900,-0.03441800,-0.24283800,0.04517400,-0.03937500,-0.13285200,0.49151500,-0.57653500,-0.05932900,0.00083347,0.07239323,0.20015000,1.23899900,1.34636700,0.79862800,-0.27338600,-0.75325200,-1.36234000,-0.57500200,0.87381300,0.19176600
-0.83578400,0.10346700,0.68401852,0.01044300,0.04477898,-0.09611497,0.99430765,-0.89111000,0.02751500,0.09929900,1.24072600,-0.06237200,-0.24027800,0.02844800,-0.02937500,-0.14400200,0.50532500,-0.55332500,-0.04877600,0.00206858,0.06671497,0.23667300,1.25797500,1.33412600,0.80452300,-0.24798800,-0.75914900,-1.37267700,-0.55877100,0.89215500,0.19433700
-0.84022400,0.10175000,0.68795629,0.00936800,0.04565499,-0.08958799,0.99488786,-0.91097400,0.01807000,0.09365700,1.30514600,-0.09137600,-0.22622300,0.01112500,-0.02862200,-0.15349700,0.51952900,-0.52064200,-0.03114400,0.00013423,0.06116893,0.28137400,1.27250600,1.31671000,0.82208600,-0.20464700,-0.75704000,-1.37934600,-0.53158400,0.91228200,0.19312300
-0.84344800,0.10007100,0.69310127,0.01059400,0.04612700,-0.08449800,0.99529903,-0.92025200,0.01562800,0.10320600,1.36826400,-0.11732100,-0.20354300,-0.00189000,-0.03477500,-0.16194600,0.52685000,-0.48232200,-0.01167500,-0.00553413,0.05764701,0.32762500,1.27975400,1.28556900,0.84395500,-0.15557600,-0.74577500,-1.38442200,-0.48763100,0.93122000,0.18605000
-0.84553800,0.09854400,0.69918036,0.01372800,0.04610500,-0.08125200,0.99553201,-0.91998200,0.02592300,0.12608700,1.42779600,-0.13236500,-0.17606100,-0.00533000,-0.04586900,-0.17273900,0.51719100,-0.44340200,0.00136600,-0.01353705,0.05705850,0.37042700,1.27684500,1.23377200,0.86391800,-0.10964600,-0.72183800,-1.39245200,-0.41900600,0.94762800,0.16659500
-0.84667500,0.09722200,0.70598553,0.01792600,0.04631299,-0.07993999,0.99556183,-0.91146500,0.04010700,0.15195600,1.47825700,-0.13827600,-0.14705300,-0.00307700,-0.05893200,-0.18275800,0.49552100,-0.40111700,0.01200400,-0.02285472,0.06007649,0.40943700,1.26431000,1.15900900,0.88075600,-0.06392800,-0.69017200,-1.39813700,-0.32855300,0.95500100,0.14406700
-0.84699700,0.09619700,0.71338926,0.02225801,0.04709101,-0.08014702,0.99542125,-0.89676100,0.04976600,0.17243900,1.51470700,-0.12833700,-0.12238200,0.00338800,-0.07056900,-0.19093400,0.46332700,-0.35364700,0.02375700,-0.03153411,0.06667439,0.44589400,1.24330400,1.05412500,0.88998900,-0.01410000,-0.65316000,-1.39864900,-0.21834500,0.94577400,0.12122600
-0.84669700,0.09547000,0.72083260,0.02588401,0.04849402,-0.08171903,0.99513836,-0.87632000,0.05587500,0.18769600,1.53422900,-0.11328600,-0.10478300,0.01055500,-0.07957100,-0.19575300,0.42730000,-0.30298600,0.03565400,-0.03849805,0.07550770,0.47085600,1.21428800,0.93533300,0.89088300,0.03201600,-0.61434200,-1.39258600,-0.09775000,0.92473300,0.10343800
-0.84608400,0.09511300,0.72807200,0.02831201,0.05069901,-0.08435602,0.99474223,-0.85164300,0.05619200,0.19662300,1.53262500,-0.10351000,-0.09775100,0.01352400,-0.08552300,-0.19552800,0.39585100,-0.24979300,0.04910100,-0.04340106,0.08511792,0.47577800,1.17414600,0.81648600,0.88482100,0.06599900,-0.57708300,-1.37473100,0.02385900,0.89212900,0.10078100
-0.84498400,0.09500100,0.73451806,0.02951200,0.05291701,-0.08761401,0.99431012,-0.82071100,0.05129400,0.19993400,1.51166900,-0.10081600,-0.09547300,0.01525100,-0.08808600,-0.19102600,0.36864100,-0.19888800,0.06269600,-0.04592022,0.09460763,0.46633900,1.12468300,0.70228500,0.87586500,0.09342700,-0.53915000,-1.34870200,0.14628700,0.85280600,0.10393500
-0.84323100,0.09507800,0.73967278,0.02941800,0.05428500,-0.09134800,0.99390304,-0.78083100,0.04112100,0.19693200,1.47106800,-0.11412600,-0.09292800,0.01816600,-0.08724100,-0.18228800,0.34674500,-0.15439700,0.07616200,-0.04583781,0.10328854,0.44405100,1.06516600,0.60217800,0.87020500,0.11364300,-0.50339800,-1.31665800,0.26730600,0.80875000,0.10610600
-0.84110700,0.09523100,0.74339001,0.02800600,0.05514199,-0.09503499,0.99355089,-0.73464700,0.02749400,0.18829700,1.41303000,-0.13224900,-0.09040800,0.02170700,-0.08303200,-0.17154600,0.32989300,-0.11869300,0.08651700,-0.04370073,0.11058817,0.41572700,0.99972400,0.51350400,0.87009000,0.12923500,-0.47180700,-1.27935900,0.38327000,0.75974600,0.10507600
-0.83885500,0.09527400,0.74541288,0.02526299,0.05573899,-0.09823597,0.99327974,-0.68414600,0.01198500,0.17473600,1.33630600,-0.14260400,-0.08622100,0.02571400,-0.07559600,-0.16125800,0.31771300,-0.09506700,0.08945200,-0.04071106,0.11580843,0.38704200,0.93449700,0.43590900,0.87596500,0.14208700,-0.44400900,-1.23520300,0.49231100,0.71159300,0.09806400
-0.83647300,0.09537400,0.74588196,0.02202299,0.05604397,-0.10072395,0.99309050,-0.62990000,-0.00496900,0.15718600,1.24890400,-0.14864200,-0.08049100,0.03007600,-0.06684600,-0.15203800,0.31101000,-0.08368600,0.08679300,-0.03667630,0.11893141,0.35757100,0.86966400,0.36353000,0.88652100,0.15215800,-0.42113200,-1.18521300,0.59296300,0.66723100,0.08465400
-0.83399700,0.09573900,0.74503872,0.01863399,0.05593198,-0.10251796,0.99298261,-0.57245900,-0.02189700,0.13737500,1.15787200,-0.15433000,-0.07090500,0.03497800,-0.05734300,-0.14345100,0.30971900,-0.08294400,0.07895100,-0.03027648,0.11992923,0.32712000,0.80620600,0.28973100,0.90090000,0.16187700,-0.40275700,-1.13150800,0.68479900,0.63001300,0.06276000
-0.83158700,0.09606000,0.74197556,0.01486400,0.05552899,-0.10294397,0.99302474,-0.51430300,-0.03695600,0.11689400,1.06949600,-0.15556500,-0.06217800,0.03998600,-0.04744100,-0.13751700,0.31610700,-0.10053300,0.06787200,-0.02303252,0.11949052,0.29553600,0.74629800,0.21398400,0.91690000,0.16817100,-0.38671800,-1.07745700,0.76534700,0.59621400,0.04146500
-0.82944200,0.09593400,0.73518422,0.01130099,0.05474097,-0.10164195,0.99324953,-0.45858000,-0.04913600,0.09958800,0.99273300,-0.13487100,-0.06423300,0.04532800,-0.03879500,-0.13522600,0.33304800,-0.14980300,0.05505500,-0.01828401,0.11848243,0.26203800,0.69062300,0.13632900,0.93259400,0.16634800,-0.36839900,-1.02646500,0.83410800,0.56124400,0.03044900
-0.82745000,0.09581900,0.72601923,0.00879700,0.05342300,-0.09848100,0.99366498,-0.40432300,-0.05917200,0.08839300,0.92424900,-0.13093200,-0.06388800,0.04878300,-0.03256200,-0.13468800,0.36197400,-0.21794600,0.04161100,-0.01554208,0.11718837,0.22833900,0.64408600,0.04925200,0.94268900,0.16770100,-0.34993400,-0.98648300,0.88605700,0.52135900,0.02500600
-0.82546200,0.09610700,0.71526148,0.00749400,0.05175102,-0.09250304,0.99433840,-0.34936600,-0.06911000,0.08655600,0.86319700,-0.19881900,-0.04271600,0.05090800,-0.02898600,-0.13859900,0.39947900,-0.29653700,0.02647400,-0.01232097,0.11674106,0.19434700,0.61231800,-0.05985200,0.94048600,0.18794100,-0.33151200,-0.96482600,0.91442200,0.47406900,0.02412900
-0.82373500,0.09657500,0.70734711,0.00609000,0.04985901,-0.08540702,0.99507921,-0.30083800,-0.07817200,0.08627400,0.81729500,-0.30176900,-0.01455200,0.04365000,-0.02446800,-0.13863300,0.45738400,-0.37292000,0.01589300,-0.00946561,0.11564214,0.15736900,0.59218900,-0.17427900,0.93068500,0.21321300,-0.31674500,-0.95729500,0.92308600,0.41892600,0.02295400
-0.82242300,0.09720200,0.69645043,0.00401400,0.04770498,-0.07802196,0.99580153,-0.26532200,-0.08369300,0.08248800,0.79216900,-0.41233400,0.00659400,0.02070000,-0.01675300,-0.12994600,0.54634300,-0.44119900,0.02213400,-0.00763769,0.11232819,0.11703000,0.58390700,-0.28303900,0.91811300,0.23673400,-0.31248700,-0.96504600,0.91533600,0.35694300,0.01100800
-0.82165200,0.09781000,0.68528852,0.00126800,0.04651102,-0.07074803,0.99640847,-0.24380500,-0.08771500,0.07635100,0.78234800,-0.51173500,0.02774100,-0.02807500,-0.00831400,-0.11605500,0.67450000,-0.47540400,0.03528800,-0.00855209,0.10479323,0.07389800,0.58194500,-0.38320000,0.90092800,0.25020500,-0.31629900,-0.98234000,0.88013900,0.28638300,0.00363400
-0.82178100,0.09809100,0.67836717,-0.00230100,0.04778699,-0.06410299,0.99679582,-0.24149300,-0.09123900,0.06863800,0.78395300,-0.56899200,0.06002400,-0.12211300,-0.00337100,-0.09843700,0.86596000,-0.43312000,0.06223100,-0.01687372,0.08892438,0.03355800,0.57789500,-0.46777000,0.88305800,0.23652500,-0.32395900,-0.99689100,0.81819900,0.20096900,0.01692200
-0.82220700,0.09847500,0.67424661,-0.00387300,0.04917398,-0.05660098,0.99717764,-0.24924200,-0.09960600,0.05919800,0.79314800,-0.59682700,0.08820100,-0.24095400,-0.00714200,-0.07969900,1.07972200,-0.34303300,0.10257700,-0.03000000,0.06594530,-0.00403800,0.57709100,-0.54930200,0.86201200,0.21282900,-0.33571300,-1.02496900,0.73347600,0.11697600,0.03781400
-0.82262800,0.09928400,0.67246051,-0.00226000,0.04940502,-0.04783002,0.99763036,-0.26071300,-0.11450000,0.04686000,0.80888100,-0.59966100,0.09131800,-0.36938400,-0.01569200,-0.05203400,1.27931900,-0.20341500,0.13646500,-0.04298281,0.03765584,-0.04223100,0.58452900,-0.63501200,0.83506000,0.19233300,-0.35685600,-1.07223900,0.63241300,0.02998900,0.05616200
-0.82243400,0.10039500,0.67210543,0.00063400,0.04868300,-0.03941700,0.99803600,-0.27044400,-0.12971300,0.03664600,0.82462100,-0.58959400,0.08451800,-0.49243300,-0.02333300,-0.02196600,1.45424800,-0.07683900,0.16522200,-0.05367770,0.00604154,-0.07678900,0.59599000,-0.72178100,0.80667100,0.17036400,-0.38297600,-1.12340000,0.55232500,-0.06728800,0.07361500
-0.82112800,0.10170700,0.67172016,0.00383300,0.04674299,-0.03331600,0.99834385,-0.27169800,-0.13958200,0.03492200,0.83493500,-0.58056700,0.08081100,-0.58819900,-0.03299500,-0.00351800,1.58542300,-0.06508300,0.16891800,-0.05947154,-0.02658152,-0.10650300,0.61181900,-0.80503300,0.77820100,0.14634700,-0.42912100,-1.17867500,0.46081200,-0.15059800,0.09755700
-0.81810800,0.10344400,0.67137380,0.00630300,0.04350100,-0.02881100,0.99861798,-0.26100400,-0.14588700,0.03583400,0.83570000,-0.57472400,0.08038300,-0.66651300,-0.04536400,0.00633700,1.68855100,-0.10499300,0.14957200,-0.05899701,-0.05813376,-0.12932400,0.62893100,-0.88796700,0.75226300,0.12307000,-0.49419800,-1.22934500,0.36022400,-0.22157600,0.12120500
-0.81233700,0.10607400,0.67006882,0.00750000,0.03864500,-0.02586200,0.99889012,-0.23160500,-0.15046000,0.03564200,0.82055500,-0.58210600,0.08902600,-0.73476600,-0.06069500,0.01183800,1.77186500,-0.13774300,0.11491900,-0.05109399,-0.08585985,-0.14321800,0.64378700,-0.97374400,0.73036700,0.10406300,-0.56739800,-1.27299200,0.26050300,-0.26480500,0.13277000
-0.80468800,0.10884400,0.67001043,0.00623400,0.03428801,-0.02428801,0.99909737,-0.19224300,-0.15137000,0.03144300,0.78937200,-0.58816800,0.09855700,-0.79209200,-0.07309700,0.01021900,1.82580700,-0.17475800,0.07207600,-0.03752270,-0.10950057,-0.15094800,0.65862100,-1.05828400,0.70666600,0.08765400,-0.65077700,-1.30163200,0.16167200,-0.28635900,0.14198500
-0.79555000,0.11103900,0.67366821,0.00235800,0.03233700,-0.02319900,0.99920497,-0.14861200,-0.14771100,0.01877400,0.73714800,-0.57677500,0.09827800,-0.83711900,-0.08185300,-0.00489500,1.84251900,-0.21703300,0.02768600,-0.02119264,-0.12914200,-0.15227100,0.67449700,-1.14014100,0.67853400,0.07285400,-0.73716200,-1.30675100,0.07362700,-0.29771700,0.16119400
-0.78535500,0.11291900,0.67975324,-0.00365800,0.03231800,-0.02266400,0.99921395,-0.10267800,-0.13730600,0.00437500,0.67136400,-0.55184600,0.09037100,-0.87046500,-0.08350400,-0.02903000,1.82802000,-0.26168500,-0.01200800,-0.00312426,-0.14604607,-0.15049400,0.69025500,-1.21698300,0.64831300,0.05832300,-0.82706300,-1.30239400,-0.00880100,-0.28667600,0.17568900
-0.77461300,0.11446900,0.68746208,-0.01191601,0.03394701,-0.02235901,0.99910244,-0.05757600,-0.11908200,-0.00783800,0.59971100,-0.51464100,0.07435000,-0.89249700,-0.06941000,-0.05429500,1.78791700,-0.30515400,-0.03384800,0.01524621,-0.16173502,-0.14524500,0.70587000,-1.28766800,0.62046400,0.03955500,-0.92132300,-1.29725000,-0.08439400,-0.25519400,0.17370000
-0.76342000,0.11586900,0.69584465,-0.02111099,0.03626898,-0.02196699,0.99887754,-0.01350600,-0.09511800,-0.01459500,0.52519700,-0.46874000,0.05598600,-0.90385300,-0.04741100,-0.07846400,1.72135200,-0.33804300,-0.03335800,0.03362603,-0.17610740,-0.13929700,0.71923500,-1.35327100,0.59614800,0.02135300,-1.01619500,-1.29310200,-0.15140600,-0.20642400,0.16324900
-0.75193300,0.11738400,0.70381287,-0.03062299,0.03903699,-0.02156099,0.99853566,0.02808600,-0.06809400,-0.01267000,0.45198400,-0.41937200,0.04599200,-0.90593900,-0.02202100,-0.09824000,1.62609800,-0.34852800,0.00035400,0.05233364,-0.18957559,-0.13569500,0.72843600,-1.41314000,0.57727000,0.00852800,-1.10907000,-1.29293500,-0.20629000,-0.14416300,0.14915900
-0.74043500,0.11873200,0.71080241,-0.03976998,0.04280198,-0.02008799,0.99808958,0.06452000,-0.04164000,-0.00509600,0.38445900,-0.37054100,0.03995500,-0.89989500,0.00071000,-0.11461900,1.50782000,-0.34763500,0.04738700,0.07015101,-0.20152269,-0.13356200,0.73424600,-1.46910800,0.56202100,-0.00156500,-1.19739000,-1.29637700,-0.25061400,-0.06675100,0.13260000
-0.72928000,0.11970200,0.71623369,-0.04725000,0.04761500,-0.01619900,0.99761608,0.09276100,-0.01988200,0.00526100,0.32863000,-0.32692200,0.03650100,-0.88577500,0.01142200,-0.13230400,1.37056300,-0.34306400,0.08519100,0.08539163,-0.21042820,-0.12506600,0.73570400,-1.49988900,0.54927900,0.00242600,-1.28028100,-1.30686600,-0.28515600,0.02502200,0.11538800
-0.71837000,0.12035600,0.72023911,-0.05280702,0.05235702,-0.01162701,0.99716346,0.11616600,-0.00386700,0.01626700,0.28384600,-0.28906300,0.03440300,-0.86235000,0.01460300,-0.14995100,1.22088700,-0.33611500,0.11504600,0.09692166,-0.21740119,-0.10497100,0.73461800,-1.49996600,0.54068000,0.01288500,-1.36022700,-1.32159600,-0.30644500,0.12816100,0.09942200
-0.70777800,0.12067100,0.72279696,-0.05588300,0.05591100,-0.00754800,0.99684205,0.13773300,0.00489400,0.02638900,0.24940900,-0.25656800,0.03140500,-0.82648700,0.01099900,-0.16825200,1.06194200,-0.32892300,0.13464800,0.10376553,-0.22374729,-0.08313700,0.73321400,-1.49997700,0.53448500,0.00566100,-1.43957800,-1.33537300,-0.31210500,0.24039400,0.08825000
-0.69730100,0.12063000,0.72375055,-0.05666201,0.05828201,-0.00364400,0.99668418,0.15768000,0.00667900,0.03225600,0.22564200,-0.23189900,0.02677900,-0.78456700,0.00296400,-0.18618300,0.90693400,-0.32227900,0.14677800,0.10528066,-0.22933428,-0.06296700,0.73211400,-1.49998200,0.53176700,-0.01004000,-1.51818900,-1.35288700,-0.30128100,0.36406500,0.07891800
-0.68678900,0.12009900,0.72306094,-0.05560197,0.05960097,-0.00022100,0.99667251,0.17577700,0.00309800,0.02985000,0.21342400,-0.21691100,0.01552300,-0.74261500,-0.00667700,-0.20002800,0.76800500,-0.32057900,0.15018400,0.10002491,-0.23398989,-0.04740300,0.73255000,-1.49998300,0.53289900,-0.03201700,-1.59639800,-1.37613300,-0.27283100,0.49974400,0.07198700
-0.67617900,0.11942700,0.72009808,-0.05211498,0.05962197,0.00251100,0.99685653,0.19289400,-0.00654000,0.02253700,0.21330400,-0.21585000,0.00425100,-0.70471600,-0.01743500,-0.20703900,0.65751700,-0.32091900,0.15033300,0.09050364,-0.23722221,-0.03583800,0.73278900,-1.49998400,0.53677800,-0.05097600,-1.66819000,-1.40271700,-0.21838100,0.63661200,0.06645500
-0.66541300,0.11893000,0.71558546,-0.04673699,0.05836599,0.00440400,0.99719089,0.20952500,-0.02083600,0.01200600,0.22734300,-0.23630400,0.00094900,-0.67572800,-0.02722100,-0.20269600,0.59167000,-0.32142600,0.15584900,0.08097538,-0.23803959,-0.02841800,0.73139000,-1.49998400,0.54339900,-0.05275400,-1.72808600,-1.43263300,-0.13737400,0.77080700,0.05768600
-0.65443400,0.11862900,0.71904824,-0.04100600,0.05689101,0.00505500,0.99752512,0.22419400,-0.03636900,0.00149400,0.25218700,-0.27009500,0.00248000,-0.65983200,-0.03351800,-0.18825800,0.56852500,-0.31961800,0.15027100,0.07365934,-0.23629374,-0.02390300,0.72980500,-1.49998400,0.54975300,-0.04919500,-1.77416900,-1.45615900,-0.03009400,0.88382400,0.04517800
-0.64317000,0.11869100,0.71745683,-0.03606301,0.05581802,0.00471800,0.99777831,0.23761100,-0.05032300,-0.00601500,0.28248200,-0.31288500,0.00884800,-0.66428000,-0.03177200,-0.16449000,0.59743000,-0.30895200,0.10875900,0.07162304,-0.23181061,-0.02294700,0.72920200,-1.49998300,0.55304000,-0.04448500,-1.80092300,-1.47328700,0.10267600,0.96567800,0.01930700
-0.63164600,0.11899000,0.71192443,-0.03290701,0.05491602,0.00159400,0.99794730,0.24737300,-0.06091400,-0.00853700,0.32087000,-0.35300000,0.01575000,-0.68095800,-0.02114600,-0.13713700,0.65537800,-0.29370000,0.06111500,0.07520834,-0.22480649,-0.02006400,0.72729200,-1.49998000,0.55459200,-0.04759000,-1.81972700,-1.48465500,0.23463800,1.01732400,-0.00655100
-0.62001600,0.11945200,0.70416554,-0.03181300,0.05420600,-0.00630800,0.99800293,0.25180100,-0.06826600,-0.00089500,0.36804200,-0.37792400,0.01659000,-0.70516200,-0.00110700,-0.10684300,0.72204500,-0.27711000,0.04288700,0.08397111,-0.21599734,-0.00824500,0.72175800,-1.49997400,0.55499100,-0.07402700,-1.84078600,-1.47930200,0.34985300,1.02667200,-0.01460900
-0.60775300,0.12011800,0.69563455,-0.03306199,0.05282198,-0.01688699,0.99791361,0.24924000,-0.07055700,0.01411900,0.42728000,-0.38322400,0.01190100,-0.72494500,0.02467900,-0.08178700,0.78579700,-0.25966200,0.03349000,0.09673933,-0.20627370,0.00831500,0.71297300,-1.49995700,0.55688000,-0.10776100,-1.85638100,-1.46542600,0.45246300,1.00733400,-0.00601600
-0.59414200,0.12121900,0.69087202,-0.03711600,0.05076400,-0.02911200,0.99759607,0.23690300,-0.06588300,0.03363300,0.50202600,-0.36358300,-0.00129400,-0.72612300,0.05093500,-0.07189300,0.82477100,-0.23827900,0.01045900,0.11247889,-0.19948820,0.02859000,0.70071400,-1.49978100,0.56235600,-0.14091600,-1.86672100,-1.44913200,0.53898500,0.96194800,0.02158700
-0.57988700,0.12203800,0.69086945,-0.04255998,0.04834298,-0.03850398,0.99718055,0.21124900,-0.05503400,0.05116000,0.59596600,-0.31456900,-0.02069100,-0.71502700,0.07225600,-0.07309000,0.84870000,-0.22514400,-0.01538300,0.12993036,-0.19434256,0.05571200,0.68780100,-1.47878600,0.57136500,-0.15826500,-1.87392000,-1.44057900,0.60896300,0.89203300,0.05837300
-0.56525200,0.12201000,0.68912102,-0.04743600,0.04526300,-0.04159500,0.99698091,0.16832900,-0.04143100,0.06054100,0.71450800,-0.22298200,-0.04031400,-0.69415100,0.08404700,-0.07949000,0.86672200,-0.24181200,-0.03387100,0.14629654,-0.18708115,0.07653000,0.67991700,-1.45334300,0.58102800,-0.15349500,-1.87455700,-1.44487500,0.66496800,0.81155000,0.09920600
-0.55092600,0.12093800,0.68665728,-0.05177599,0.04266199,-0.04007799,0.99694180,0.10652300,-0.02333700,0.06098200,0.85586500,-0.10840300,-0.07937000,-0.66847700,0.09059300,-0.08973500,0.87932500,-0.27254700,-0.04838300,0.15921858,-0.17756366,0.08772700,0.68304700,-1.43339700,0.58535800,-0.14009200,-1.87563400,-1.46406000,0.70364300,0.71960200,0.13533300
-0.53784200,0.11810000,0.68472266,-0.05601699,0.04110399,-0.03343600,0.99702286,0.01986400,-0.00110100,0.04243100,1.02797400,0.02621200,-0.17697600,-0.64203000,0.09408300,-0.10445800,0.88584700,-0.30244900,-0.06122900,0.16627039,-0.16477923,0.08858300,0.70420800,-1.41760700,0.58150000,-0.11904500,-1.88357000,-1.50192400,0.72241000,0.61734900,0.15420600
-0.52556500,0.11447300,0.68341113,-0.05899199,0.03940999,-0.02343600,0.99720487,-0.07696300,0.01358800,0.01671300,1.21097200,0.12419500,-0.25804400,-0.61369100,0.09441600,-0.12039800,0.88824000,-0.33119600,-0.07162500,0.16850393,-0.15021254,0.08583700,0.73788600,-1.40124200,0.56858400,-0.09980400,-1.89777400,-1.54125000,0.71641800,0.51903200,0.16641100
-0.51414400,0.11076600,0.68265756,-0.06037902,0.03687801,-0.01145300,0.99742830,-0.16839500,0.03095000,0.00160600,1.38651900,0.10883000,-0.25939800,-0.58498900,0.09313500,-0.13502000,0.88988000,-0.35474800,-0.07830700,0.16815497,-0.13396600,0.08581300,0.77868400,-1.37727900,0.54540800,-0.09556500,-1.92392600,-1.57149000,0.67688700,0.43585500,0.18072200
-0.50304400,0.10704000,0.68208311,-0.06160099,0.03339700,0.00032500,0.99754191,-0.25877800,0.04813900,-0.01241900,1.55533900,0.04308800,-0.23292500,-0.55320800,0.09284200,-0.14892900,0.88819200,-0.37541400,-0.08330900,0.16600598,-0.11642717,0.08648500,0.82496900,-1.35032300,0.51743800,-0.09626100,-1.95560100,-1.58463700,0.61787400,0.36599700,0.19451000
-0.49183600,0.10361900,0.68134444,-0.06352800,0.02927100,0.00986300,0.99750194,-0.34906400,0.05776500,-0.02901100,1.70978100,-0.02148100,-0.18421600,-0.51699600,0.09603700,-0.16352200,0.88197600,-0.39561800,-0.08832600,0.16308992,-0.10040163,0.08865800,0.87443300,-1.32130300,0.49109200,-0.09704800,-1.99270300,-1.57419100,0.54479300,0.31631400,0.20688700
-0.48025500,0.10041400,0.68101868,-0.06563602,0.02420201,0.01919701,0.99736535,-0.43460300,0.06039800,-0.04832300,1.84100400,-0.08651900,-0.13720300,-0.47458000,0.10052200,-0.17884600,0.86864700,-0.41354700,-0.09226100,0.15944573,-0.08616950,0.09010100,0.92417100,-1.29545500,0.46458000,-0.09423500,-2.03437400,-1.54514900,0.46362300,0.28428500,0.21494300
-0.46787000,0.09747700,0.68147101,-0.06756501,0.01791500,0.02904400,0.99713112,-0.51248900,0.06045700,-0.06881200,1.94058800,-0.14671000,-0.11540200,-0.42386800,0.10474000,-0.19432500,0.84494700,-0.42798900,-0.09378400,0.15450623,-0.07415683,0.08812300,0.97195700,-1.27766800,0.43622000,-0.07948000,-2.07668700,-1.49803000,0.38454800,0.26561800,0.21877500
-0.45474000,0.09478800,0.68322550,-0.06821199,0.01152800,0.03924899,0.99683185,-0.58230400,0.05722700,-0.08668600,2.00603700,-0.20273500,-0.10053800,-0.36673000,0.10616700,-0.21007000,0.81030600,-0.43654600,-0.09336100,0.14803034,-0.06245522,0.08259500,1.01348600,-1.26762400,0.40782000,-0.06132500,-2.11921500,-1.44517400,0.31085300,0.25679300,0.21653700
-0.44069900,0.09235600,0.68681067,-0.06635200,0.00521900,0.04960000,0.99654905,-0.64297500,0.05657400,-0.09206100,2.03438200,-0.25493700,-0.07086500,-0.30297700,0.10146800,-0.22657000,0.76279400,-0.43604500,-0.09159400,0.13935166,-0.04776341,0.07350600,1.04278100,-1.27010900,0.37921000,-0.04639400,-2.15970000,-1.40104000,0.24848800,0.25335700,0.20258500
-0.42599700,0.09017600,0.69142059,-0.06233803,-0.00102200,0.05835003,0.99634743,-0.69123900,0.05752100,-0.08533800,2.02157200,-0.30425400,-0.03819700,-0.23420000,0.09383500,-0.24121500,0.70517900,-0.42808400,-0.08703400,0.12762308,-0.03006003,0.06171800,1.06337300,-1.27923800,0.35318800,-0.03112100,-2.19756900,-1.36218100,0.19794100,0.26154300,0.18580400
-0.41080600,0.08822000,0.69653300,-0.05632602,-0.00720100,0.06476902,0.99628334,-0.72269600,0.05706900,-0.06759800,1.95934900,-0.34744600,-0.01857600,-0.16134800,0.08392100,-0.25206000,0.63925000,-0.41362200,-0.07744200,0.11237766,-0.01000415,0.04817700,1.07831000,-1.29005800,0.33218500,-0.01410000,-2.23180500,-1.32744000,0.16208800,0.28413000,0.17205500
-0.39519900,0.08657500,0.70181438,-0.04830301,-0.01248200,0.06874202,0.99638625,-0.73880500,0.05296000,-0.03977500,1.85698500,-0.38401300,-0.00764700,-0.08836100,0.07011800,-0.26057500,0.56863700,-0.39384900,-0.06494000,0.09417541,0.01136017,0.03384100,1.08727500,-1.30219100,0.31544400,0.00404400,-2.26479200,-1.29750600,0.14201700,0.32547500,0.16140300
-0.37921700,0.08528600,0.70696934,-0.03825001,-0.01552301,0.07018703,0.99667936,-0.74137800,0.04030200,-0.00486500,1.72092100,-0.41610100,-0.00419100,-0.02056400,0.05166000,-0.26737900,0.49772400,-0.37106500,-0.05161200,0.07364501,0.03226213,0.01926000,1.09139700,-1.31309500,0.30299900,0.02461200,-2.29835800,-1.27147600,0.13754500,0.39148200,0.15615500
-0.36313100,0.08447100,0.71180536,-0.02699399,-0.01676700,0.07007098,0.99703573,-0.73255900,0.01872700,0.02665700,1.55663000,-0.43796900,-0.01584900,0.04197800,0.03041800,-0.27434400,0.42846500,-0.34545800,-0.03909900,0.05232148,0.05171014,0.00666200,1.09039300,-1.32397300,0.29378000,0.04264700,-2.33213900,-1.25140300,0.15471800,0.47578600,0.15501000
-0.34726200,0.08427800,0.71622843,-0.01574001,-0.01648001,0.06914303,0.99734643,-0.71378000,-0.01451800,0.03783600,1.36981100,-0.44678800,-0.05276400,0.10007200,0.01003800,-0.28297300,0.36067600,-0.31655600,-0.03028500,0.03295737,0.06845304,-0.00066600,1.08420300,-1.33493100,0.28724000,0.05066900,-2.36615600,-1.23834100,0.19701300,0.57333000,0.15741900
-0.33149600,0.08460600,0.71968791,-0.00600000,-0.01550100,0.06766099,0.99756990,-0.68463900,-0.04916500,0.03134100,1.16658300,-0.44106400,-0.10230000,0.15113300,-0.00713600,-0.29224600,0.30215800,-0.28770200,-0.02474700,0.01731017,0.08179716,-0.00550100,1.07557200,-1.34599600,0.27966300,0.05704900,-2.39626000,-1.23010100,0.26898700,0.67991600,0.16247200
-0.31588600,0.08537300,0.72203763,0.00080000,-0.01446400,0.06564798,0.99773769,-0.64266400,-0.07508700,0.01328900,0.94561300,-0.41078400,-0.15168100,0.19267000,-0.01746000,-0.30057000,0.26029900,-0.26090400,-0.02557600,0.00657963,0.09197685,-0.01031700,1.06679300,-1.35777500,0.26712400,0.06902100,-2.41888500,-1.22491300,0.36933200,0.79321800,0.17198100
-0.30025600,0.08665700,0.72296572,0.00478200,-0.01409500,0.06258000,0.99792896,-0.59278400,-0.09038100,-0.00999700,0.73177200,-0.37006900,-0.19239300,0.22664200,-0.02223400,-0.30415900,0.23576500,-0.24040200,-0.02892200,0.00134710,0.09911874,-0.01311300,1.05889300,-1.36847900,0.25013200,0.08248700,-2.42706900,-1.22143500,0.50365200,0.89511900,0.17584300
-0.28433500,0.08857300,0.72205134,0.00610400,-0.01516600,0.05812901,0.99817521,-0.53910000,-0.09002200,-0.02428600,0.54444300,-0.33255600,-0.21758100,0.25362400,-0.02291500,-0.30040000,0.23131000,-0.23089200,-0.02966700,0.00233904,0.10380917,-0.01356300,1.05256600,-1.37704700,0.22801000,0.09702500,-2.40712500,-1.21900500,0.68247400,0.97421100,0.16141000
-0.26847000,0.09094800,0.72585376,0.00471900,-0.01697299,0.05169298,0.99850763,-0.49336700,-0.07964500,-0.02556900,0.40928000,-0.29637200,-0.22663300,0.27240800,-0.02027800,-0.28654800,0.24730700,-0.23260300,-0.02775800,0.00734241,0.10498716,-0.00948400,1.04999600,-1.38211100,0.20312100,0.10874600,-2.37516500,-1.22067300,0.87741200,1.01259600,0.13938100
-0.25278600,0.09393800,0.72819433,0.00156800,-0.01916799,0.04202198,0.99893157,-0.47010100,-0.06341700,-0.00753300,0.37055800,-0.26517800,-0.20202200,0.28229500,-0.01828100,-0.25822200,0.28560500,-0.25076000,-0.01976000,0.01321282,0.10028390,0.00325000,1.05253500,-1.38206900,0.17798200,0.11125800,-2.34354700,-1.22248000,1.08085600,0.98511100,0.10488100
-0.23767000,0.09665800,0.72824574,-0.00227800,-0.02135099,0.03205198,0.99925553,-0.46543800,-0.04813000,0.01118000,0.39348100,-0.23915800,-0.16264400,0.28173600,-0.01633500,-0.22169800,0.34756000,-0.27663200,-0.00896900,0.01582136,0.09076612,0.01772900,1.06287500,-1.37719600,0.15022300,0.11160400,-2.32036500,-1.23274100,1.25580600,0.90978200,0.08984500
-0.22366300,0.09804200,0.72524966,-0.00578500,-0.02367801,0.02376101,0.99942048,-0.47708200,-0.04453300,0.00773600,0.45338000,-0.20810600,-0.12979900,0.27223700,-0.01293400,-0.18068600,0.43266000,-0.30658600,0.00305900,0.00979475,0.07581270,0.02813600,1.08524000,-1.36525800,0.11837200,0.11539700,-2.31714200,-1.25374800,1.35419600,0.78938500,0.13607400
-0.21042600,0.09876900,0.71913613,-0.00707000,-0.02676601,0.01986601,0.99941930,-0.49399500,-0.05232700,0.00040100,0.53263900,-0.17789300,-0.10690300,0.24982300,-0.01173700,-0.14323600,0.54602100,-0.32301500,0.01335500,-0.00369969,0.05556278,0.03149000,1.11548200,-1.35010600,0.08178600,0.12109300,-2.32858200,-1.28737800,1.39841900,0.64511000,0.19643500
-0.19782200,0.09892500,0.71173406,-0.00564100,-0.03047400,0.02303900,0.99925408,-0.50868300,-0.06572000,-0.00266100,0.60732500,-0.16109500,-0.10195100,0.20783700,-0.01462200,-0.11538700,0.69503400,-0.30072300,0.01977000,-0.02323974,0.03276022,0.02360500,1.15170500,-1.33817500,0.04308000,0.13100700,-2.34612600,-1.33449300,1.40266900,0.50091700,0.25413300
-0.18575200,0.09912000,0.70333875,-0.00156200,-0.03571700,0.03020800,0.99890407,-0.51782900,-0.08663300,-0.00649500,0.67769400,-0.15812500,-0.09957300,0.14973800,-0.02344700,-0.09817300,0.87051500,-0.24540000,0.03866200,-0.04533416,0.01014011,0.00843200,1.19231400,-1.32741000,-0.00150400,0.13801000,-2.36525000,-1.38462500,1.37878300,0.36839200,0.30320500
-0.17410500,0.10017100,0.69703773,0.00401400,-0.04215600,0.04122900,0.99825194,-0.51731200,-0.11845200,-0.01505100,0.73808700,-0.17326200,-0.08156500,0.07281200,-0.04376700,-0.09188400,1.07148000,-0.13809300,0.09033400,-0.06450992,-0.00858209,-0.01161300,1.23464700,-1.31601100,-0.05462700,0.13035900,-2.39173000,-1.42696100,1.32869700,0.25942700,0.33230300
-0.16282300,0.10180700,0.69289237,0.00974700,-0.04820899,0.05165899,0.99745287,-0.51093600,-0.15041100,-0.02268200,0.78921000,-0.20006000,-0.05865900,-0.01658200,-0.05519300,-0.07122800,1.27829400,-0.03683600,0.16327100,-0.07899979,-0.02442511,-0.03455100,1.27753500,-1.30735600,-0.11285200,0.11966500,-2.41878600,-1.44904100,1.25950700,0.17218500,0.34837200
-0.15171800,0.10424200,0.68843707,0.01524401,-0.05287702,0.05489802,0.99697435,-0.49988200,-0.17089000,-0.01947500,0.82889700,-0.23431800,-0.03918000,-0.10509100,-0.04401000,-0.03991600,1.46683600,-0.03433600,0.20592700,-0.08643310,-0.03528826,-0.05884600,1.31946000,-1.30025600,-0.17917100,0.11668100,-2.44801300,-1.44910100,1.17475000,0.12141300,0.34014500
-0.14107600,0.10685600,0.68459118,0.01847200,-0.05601799,0.05243499,0.99688081,-0.48792700,-0.17806700,-0.01045700,0.86068300,-0.27023700,-0.02504500,-0.19365500,-0.02711900,-0.01726600,1.63897800,-0.07392400,0.22500200,-0.08806812,-0.03958131,-0.08447700,1.36046000,-1.29399300,-0.24470300,0.11724400,-2.47826900,-1.43260300,1.07548300,0.10132900,0.32161000
-0.13125500,0.10904000,0.68267724,0.01876100,-0.05788500,0.04646200,0.99706501,-0.47886200,-0.17222700,0.00133000,0.88987500,-0.30043300,-0.02190000,-0.28521600,-0.00928400,0.00016600,1.79028600,-0.09472300,0.23938500,-0.08675540,-0.04071064,-0.10989200,1.40085900,-1.29203600,-0.30093500,0.12432700,-2.50516100,-1.40429100,0.96985800,0.10559400,0.30328100
-0.12185300,0.11093800,0.68163271,0.01762699,-0.05933197,0.03876498,0.99732958,-0.46776200,-0.16011600,0.01394400,0.91100900,-0.32485100,-0.02574900,-0.37379500,0.00387600,0.00937800,1.91721800,-0.11498900,0.24070200,-0.08416741,-0.04074849,-0.13378600,1.43499400,-1.29333600,-0.35020800,0.13380600,-2.52795200,-1.36942800,0.86193700,0.13007500,0.28658300
-0.11273800,0.11233000,0.68168118,0.01567000,-0.06061798,0.03222199,0.99751775,-0.45237700,-0.14856000,0.02194900,0.92007300,-0.34120200,-0.03323700,-0.45555400,-0.00244900,0.00608200,2.01937900,-0.15375500,0.21804200,-0.08270371,-0.04250525,-0.15485600,1.45835700,-1.29924400,-0.39206400,0.14256200,-2.54392200,-1.33158000,0.75470100,0.17098200,0.28019700
-0.10347800,0.11369400,0.68322807,0.01407000,-0.06241701,0.02649700,0.99759915,-0.42872000,-0.13927700,0.02698600,0.91492100,-0.35064100,-0.04185600,-0.52725600,-0.02020800,0.00262400,2.09063000,-0.19611900,0.18110100,-0.08068446,-0.04875669,-0.17115800,1.46824000,-1.31095900,-0.42287800,0.14788800,-2.55366100,-1.29408900,0.65615400,0.22361800,0.27593300
-0.09352800,0.11555900,0.68728508,0.01310000,-0.06574398,0.02016999,0.99754664,-0.39094100,-0.13141000,0.03095600,0.89065000,-0.35385100,-0.04794000,-0.58503700,-0.04152400,0.00414300,2.12093400,-0.22061600,0.14299300,-0.07463906,-0.06064657,-0.17858200,1.46107100,-1.33028700,-0.43831500,0.14255900,-2.55678700,-1.25719200,0.57328600,0.28097900,0.27068800
-0.08308600,0.11758100,0.69282548,0.01149200,-0.06941701,0.01401300,0.99742310,-0.34395400,-0.12374200,0.03225100,0.85162300,-0.35063900,-0.05337400,-0.62883400,-0.06135900,0.00425300,2.11335300,-0.24030000,0.10211700,-0.06479863,-0.07618813,-0.18194200,1.44195600,-1.35328300,-0.44294100,0.13583600,-2.55423500,-1.22665100,0.51471900,0.35015200,0.26525200
-0.07214900,0.11965400,0.69921010,0.00901400,-0.07316200,0.00764700,0.99725002,-0.29036300,-0.11484200,0.03203200,0.80192800,-0.34102900,-0.05950000,-0.65579100,-0.07145700,-0.00153200,2.06865100,-0.26635100,0.05576200,-0.05198312,-0.09221013,-0.18616100,1.41454800,-1.37504800,-0.44066000,0.13554200,-2.54515800,-1.20608400,0.49308600,0.43457000,0.25697500
-0.06077800,0.12162300,0.70619317,0.00536300,-0.07680703,0.00054800,0.99703140,-0.23163400,-0.10313200,0.03181500,0.74199000,-0.32590700,-0.06831700,-0.66724600,-0.07120600,-0.01321100,1.98989600,-0.29428900,0.01091000,-0.03732966,-0.10673240,-0.18791700,1.38417100,-1.39575000,-0.43452100,0.13672600,-2.53203400,-1.19127400,0.50955500,0.53085400,0.25347100
-0.04902200,0.12327100,0.71348086,0.00035600,-0.07976002,-0.00744600,0.99678622,-0.16904200,-0.08789200,0.03220800,0.67147100,-0.30594600,-0.08374500,-0.66499600,-0.05562200,-0.02546800,1.87935100,-0.31847800,-0.01698900,-0.02256208,-0.11815191,-0.18617400,1.35603100,-1.41539300,-0.42882800,0.13777600,-2.51459100,-1.17913100,0.56465300,0.63669600,0.26119600
-0.03690400,0.12458300,0.72063115,-0.00519600,-0.08164497,-0.01611699,0.99651761,-0.10671100,-0.07003000,0.03652800,0.59514400,-0.27997200,-0.10236100,-0.64977400,-0.03195300,-0.03442400,1.74136900,-0.33411800,-0.03460500,-0.00834058,-0.12632114,-0.17996600,1.33290800,-1.43271900,-0.42477600,0.13758800,-2.49312700,-1.16595100,0.65343100,0.73916400,0.27755500
-0.02437300,0.12546400,0.72716061,-0.01044700,-0.08181102,-0.02500801,0.99627929,-0.04820800,-0.05268500,0.04675100,0.51627100,-0.24684300,-0.12058000,-0.62160200,-0.01046400,-0.03952400,1.58100700,-0.33630600,-0.05291800,0.00455291,-0.13188693,-0.16685700,1.31843700,-1.44654400,-0.42360900,0.13350600,-2.46727500,-1.15273400,0.76510600,0.83055100,0.30191400
-0.01173500,0.12590700,0.73294001,-0.01487001,-0.08008803,-0.03287901,0.99613441,0.00260400,-0.03799100,0.06024000,0.44229700,-0.21070200,-0.13645100,-0.58209200,0.00668300,-0.04336900,1.39629000,-0.33050500,-0.06370700,0.01479167,-0.13531900,-0.15065700,1.31103400,-1.45804400,-0.42462100,0.12869100,-2.43500100,-1.13864400,0.89731300,0.89323500,0.32683900
0.00072900,0.12598400,0.73728872,-0.01804500,-0.07609401,-0.03846300,0.99619510,0.03967400,-0.02792700,0.07370400,0.38299900,-0.17642600,-0.14552400,-0.53084700,0.01403700,-0.05532200,1.18067500,-0.32278100,-0.05794400,0.02160564,-0.13654637,-0.13557800,1.30989800,-1.46813100,-0.42640900,0.12686600,-2.39705800,-1.13077200,1.04911500,0.92116300,0.34258600
0.01299500,0.12548300,0.74005880,-0.01965799,-0.07123397,-0.04182098,0.99638862,0.06735500,-0.02391800,0.08512200,0.33757300,-0.14862500,-0.14722100,-0.47039100,0.01593200,-0.06825000,0.95055500,-0.30559800,-0.03503900,0.02359455,-0.13684325,-0.11838700,1.31410000,-1.47564300,-0.42891700,0.12357100,-2.36678600,-1.14642000,1.20284500,0.91113100,0.34369700
0.02490900,0.12407200,0.74209516,-0.01898500,-0.06746601,-0.04259301,0.99663120,0.09133900,-0.02829100,0.09357400,0.30353400,-0.13023300,-0.13801200,-0.40277500,0.01795000,-0.06376700,0.71909300,-0.27776300,0.00560500,0.01776492,-0.13753598,-0.09650200,1.32245800,-1.48047700,-0.43200500,0.11482100,-2.35415500,-1.17988500,1.35653200,0.84428300,0.30967900
0.03657600,0.12217800,0.74210130,-0.01559800,-0.06360201,-0.04116001,0.99700418,0.10543000,-0.03964300,0.09671800,0.28827800,-0.12596200,-0.12479500,-0.33935800,0.01630300,-0.05081100,0.51028600,-0.24601600,0.05276000,0.00509056,-0.13796212,-0.07119600,1.33451700,-1.48038100,-0.43333500,0.10250400,-2.35805500,-1.21478600,1.46542300,0.75153200,0.27294400
0.04822300,0.11990700,0.73997687,-0.01062900,-0.05798200,-0.03756600,0.99755396,0.10156900,-0.05433200,0.09053800,0.30277000,-0.14218400,-0.11730700,-0.29101500,0.01134900,-0.04110400,0.34427100,-0.21829200,0.09264500,-0.01308895,-0.13865429,-0.04160000,1.35017400,-1.47356200,-0.42976600,0.08371300,-2.37157600,-1.24633500,1.49024500,0.65122200,0.27714000
0.05934000,0.11797600,0.73774690,-0.00404300,-0.05172098,-0.03088999,0.99817554,0.08433900,-0.07257600,0.07606100,0.34218400,-0.17841900,-0.11043300,-0.26131300,0.00522400,-0.02805100,0.23233400,-0.18266200,0.10810100,-0.03055485,-0.13939347,-0.01479600,1.36386400,-1.45905900,-0.42501100,0.06810600,-2.38740400,-1.27521400,1.45749900,0.54915900,0.29401900
0.06959500,0.11720600,0.73912776,0.00354600,-0.04461498,-0.02059599,0.99878563,0.05715000,-0.09280800,0.05406100,0.40394200,-0.24183800,-0.09700400,-0.25631200,-0.00136800,-0.01629000,0.19615400,-0.10929100,0.06545700,-0.03734721,-0.13823399,0.00059300,1.37082200,-1.43547500,-0.42194500,0.06824900,-2.40931000,-1.29437000,1.36648900,0.45445400,0.31654300
0.07864800,0.11723300,0.73801482,0.00854500,-0.03716100,-0.01046400,0.99921797,0.02234900,-0.10934800,0.02839300,0.48314800,-0.31035400,-0.08795600,-0.26789200,-0.00705200,-0.02023800,0.20393300,-0.03120500,0.00234500,-0.03295300,-0.13424014,0.01248900,1.37213700,-1.40590300,-0.41781700,0.07406200,-2.42669700,-1.30364200,1.23834900,0.36759100,0.33167700
0.08562200,0.11816300,0.73594114,0.00960300,-0.03054899,-0.00266700,0.99948358,-0.01575900,-0.11817000,0.00206600,0.57144300,-0.36409900,-0.09671200,-0.29209500,-0.00948000,-0.03494800,0.23591400,0.00878000,-0.03990900,-0.01746223,-0.12642319,0.02395200,1.36722100,-1.37165100,-0.41164500,0.08279500,-2.43727400,-1.30527800,1.08968300,0.28681600,0.31846000
