8.265297326187674709e-02,-6.502073220550440291e-02,4.965041279792785645e-01,3.609844716265797615e-03,3.584780544042587280e-02,6.383530497550964355e-01,7.689000368118286133e-01,-1.404990911483764648e+00,3.901987895369529724e-02,7.262981683015823364e-02,2.234385013580322266e+00,-6.748327016830444336e-01,3.193534910678863525e-02,-1.294727444648742676e+00,-2.931540012359619141e-01,4.392107576131820679e-02,2.336373805999755859e+00,-7.599816918373107910e-01,-7.964488118886947632e-03,4.527346044778823853e-02,-1.135292928665876389e-02,3.998950123786926270e-01,-4.314275085926055908e-01,7.761134505271911621e-01,-7.659544944763183594e-01,9.285765290260314941e-01,1.058704629540443420e-01,-2.527514696121215820e-01,1.138687580823898315e-01,-1.558555245399475098e+00,-1.022979259490966797e+00,5.785704255104064941e-01,3.496225774288177490e-01,2.686774134635925293e-01,-3.142219483852386475e-01,-5.410280823707580566e-01
8.390419758283175489e-02,-9.129554291184131809e-02,4.585689902305603027e-01,8.302289061248302460e-03,2.490148134529590607e-02,6.388892531394958496e-01,7.688507437705993652e-01,-1.482414245605468750e+00,2.295100875198841095e-02,7.438879460096359253e-02,2.338134050369262695e+00,-6.371322274208068848e-01,1.885838806629180908e-02,-1.362293243408203125e+00,-2.865085899829864502e-01,7.902493327856063843e-02,2.443814039230346680e+00,-7.248479723930358887e-01,9.398126974701881409e-03,5.796879157423973083e-02,-6.732156965881586075e-03,4.054688215255737305e-01,-4.749544560909271240e-01,7.992594838142395020e-01,-7.438312768936157227e-01,9.866090416908264160e-01,7.274246215820312500e-02,-2.492480278015136719e-01,1.195244267582893372e-01,-1.603782534599304199e+00,-1.009294390678405762e+00,5.538750290870666504e-01,3.424139916896820068e-01,2.763463556766510010e-01,-3.233129382133483887e-01,-5.702027678489685059e-01
8.636811565464505569e-02,-9.817118378571020043e-02,4.382026493549346924e-01,7.733430713415145874e-03,1.678297296166419983e-02,6.397410035133361816e-01,7.683684229850769043e-01,-1.538447499275207520e+00,2.402414754033088684e-02,7.622823119163513184e-02,2.393375635147094727e+00,-5.970693230628967285e-01,1.937087066471576691e-02,-1.407343387603759766e+00,-2.770189344882965088e-01,9.136793762445449829e-02,2.499283313751220703e+00,-6.872569322586059570e-01,2.209053561091423035e-02,6.712041795253753662e-02,-7.485336624085903168e-03,4.167388081550598145e-01,-5.072007179260253906e-01,8.220103383064270020e-01,-7.040073871612548828e-01,1.044488668441772461e+00,3.328350186347961426e-02,-2.423736602067947388e-01,1.443552970886230469e-01,-1.652122259140014648e+00,-1.008863329887390137e+00,5.528230071067810059e-01,3.591425716876983643e-01,2.740955054759979248e-01,-3.188240230083465576e-01,-5.950545668601989746e-01
8.511229411054116456e-02,-1.094338457243373697e-01,4.383162856101989746e-01,7.565274368971586227e-03,1.640783809125423431e-02,6.391109228134155273e-01,7.689023017883300781e-01,-1.557142019271850586e+00,3.112002462148666382e-02,8.091238141059875488e-02,2.384011507034301758e+00,-5.698846578598022461e-01,1.605898700654506683e-02,-1.425151944160461426e+00,-2.723212540149688721e-01,9.452562779188156128e-02,2.491415023803710938e+00,-6.741420626640319824e-01,1.531462743878364563e-02,7.401870936155319214e-02,-1.151803229004144669e-02,4.227212071418762207e-01,-5.324456691741943359e-01,8.417742848396301270e-01,-6.733676195144653320e-01,1.088218212127685547e+00,7.699060253798961639e-03,-2.417406886816024780e-01,1.707608997821807861e-01,-1.693526744842529297e+00,-1.020323753356933594e+00,5.873023271560668945e-01,4.313870072364807129e-01,2.943502366542816162e-01,-3.093172907829284668e-01,-5.943421125411987305e-01
8.650189061434222781e-02,-1.215232315365798177e-01,4.434493184089660645e-01,8.573273196816444397e-03,2.069283276796340942e-02,6.411067843437194824e-01,7.671247720718383789e-01,-1.555101633071899414e+00,3.831871971487998962e-02,8.580057322978973389e-02,2.346533775329589844e+00,-5.301535725593566895e-01,2.297199796885251999e-03,-1.413189768791198730e+00,-2.746315598487854004e-01,9.056445211172103882e-02,2.454255342483520508e+00,-6.656953096389770508e-01,3.279775613918900490e-03,7.199697941541671753e-02,-1.563327573239803314e-02,4.313042461872100830e-01,-5.480642914772033691e-01,8.563641309738159180e-01,-6.630148887634277344e-01,1.111776590347290039e+00,-1.400581374764442444e-02,-2.414853721857070923e-01,1.726060509681701660e-01,-1.731549263000488281e+00,-1.025295019149780273e+00,6.379670500755310059e-01,5.212583541870117188e-01,3.395781517028808594e-01,-3.011614680290222168e-01,-5.633420944213867188e-01
8.652321779384063161e-02,-1.108601013771616517e-01,4.754852056503295898e-01,1.156195439398288727e-02,3.210694342851638794e-02,6.426500678062438965e-01,7.653995156288146973e-01,-1.526586532592773438e+00,6.536027044057846069e-02,9.762947261333465576e-02,2.265906572341918945e+00,-5.205456018447875977e-01,6.679156329482793808e-03,-1.355993270874023438e+00,-2.849454581737518311e-01,7.529744505882263184e-02,2.365426063537597656e+00,-7.180591225624084473e-01,-3.344374522566795349e-02,6.121953949332237244e-02,-2.645005658268928528e-02,4.286676049232482910e-01,-5.467616915702819824e-01,8.806948065757751465e-01,-6.665339469909667969e-01,1.118036627769470215e+00,-2.320345491170883179e-02,-2.484410852193832397e-01,1.653556376695632935e-01,-1.771173715591430664e+00,-1.046488881111145020e+00,7.273147702217102051e-01,6.511240601539611816e-01,3.665190041065216064e-01,-2.826745808124542236e-01,-5.058999061584472656e-01
8.661461023327249320e-02,-7.039805002009066892e-02,5.211408138275146484e-01,1.523498725146055222e-02,4.291965067386627197e-02,6.390517354011535645e-01,7.678142189979553223e-01,-1.485674858093261719e+00,6.863025575876235962e-02,1.179094836115837097e-01,2.149283885955810547e+00,-5.200283527374267578e-01,-8.270992897450923920e-03,-1.287844538688659668e+00,-2.855790555477142334e-01,5.721850693225860596e-02,2.236959695816040039e+00,-7.189863920211791992e-01,-4.872938990592956543e-02,5.200493335723876953e-02,-3.599401190876960754e-02,4.270121157169342041e-01,-5.187157988548278809e-01,9.052530527114868164e-01,-6.699586510658264160e-01,1.108413815498352051e+00,2.923684660345315933e-03,-2.515683472156524658e-01,1.676618009805679321e-01,-1.813802480697631836e+00,-1.087747573852539062e+00,8.242340683937072754e-01,7.504235506057739258e-01,3.387998938560485840e-01,-2.673402726650238037e-01,-4.513591825962066650e-01
8.713304760077825173e-02,-5.854585190088703456e-02,5.594075918197631836e-01,1.760366000235080719e-02,4.816142469644546509e-02,6.346203684806823730e-01,7.711210250854492188e-01,-1.416041731834411621e+00,6.484840065240859985e-02,1.282344460487365723e-01,2.032068490982055664e+00,-4.563795626163482666e-01,-4.793111979961395264e-02,-1.213946342468261719e+00,-2.732193171977996826e-01,4.204749688506126404e-02,2.104670524597167969e+00,-6.492461562156677246e-01,-2.301844023168087006e-02,3.880724683403968811e-02,-4.517216980457305908e-02,4.299735426902770996e-01,-4.844165444374084473e-01,9.225164055824279785e-01,-6.818486452102661133e-01,1.089785695075988770e+00,3.358077630400657654e-02,-2.495623677968978882e-01,1.650545150041580200e-01,-1.859988212585449219e+00,-1.117934107780456543e+00,9.043695926666259766e-01,7.950163483619689941e-01,3.164047598838806152e-01,-2.625435888767242432e-01,-4.075294733047485352e-01
8.458265787563644389e-02,-4.791965426948781304e-02,5.884405970573425293e-01,2.631979435682296753e-02,5.225435271859169006e-02,6.308574080467224121e-01,7.736896276473999023e-01,-1.342950820922851562e+00,6.974021345376968384e-02,1.164464354515075684e-01,1.957965970039367676e+00,-3.765706717967987061e-01,-8.546286076307296753e-02,-1.162276387214660645e+00,-2.770317196846008301e-01,3.900356218218803406e-02,1.998738527297973633e+00,-5.492246747016906738e-01,1.022320427000522614e-02,2.869176119565963745e-02,-6.257935613393783569e-02,4.287741184234619141e-01,-4.532371759414672852e-01,9.321265816688537598e-01,-6.812450885772705078e-01,1.087779879570007324e+00,4.136683791875839233e-02,-2.420177161693572998e-01,1.651316434144973755e-01,-1.911792516708374023e+00,-1.129995107650756836e+00,9.661246538162231445e-01,8.038408756256103516e-01,3.156944513320922852e-01,-2.597744762897491455e-01,-3.829979002475738525e-01
8.574375997369106106e-02,-5.130434050582922262e-02,5.966325402259826660e-01,2.747297100722789764e-02,5.544950440526008606e-02,6.280874013900756836e-01,7.756782770156860352e-01,-1.302931666374206543e+00,7.917604595422744751e-02,9.835699200630187988e-02,1.945813775062561035e+00,-3.430376946926116943e-01,-1.019966676831245422e-01,-1.141321063041687012e+00,-2.843513786792755127e-01,3.320780023932456970e-02,1.948815464973449707e+00,-4.839177727699279785e-01,3.775063529610633850e-02,1.808378286659717560e-02,-8.088559657335281372e-02,4.179361164569854736e-01,-4.255008697509765625e-01,9.386094808578491211e-01,-6.769509911537170410e-01,1.099272966384887695e+00,5.072440579533576965e-02,-2.366948872804641724e-01,1.630329042673110962e-01,-1.947184562683105469e+00,-1.139150381088256836e+00,9.932972192764282227e-01,7.748362421989440918e-01,3.271754086017608643e-01,-2.677007615566253662e-01,-3.958691656589508057e-01
8.505398138927725005e-02,-4.656574067373115550e-02,6.110691428184509277e-01,3.531969711184501648e-02,5.789576098322868347e-02,6.204533576965332031e-01,7.813054323196411133e-01,-1.234631419181823730e+00,9.425346553325653076e-02,5.901120975613594055e-02,1.934809684753417969e+00,-3.149696886539459229e-01,-1.160184741020202637e-01,-1.123512387275695801e+00,-3.078991770744323730e-01,3.182603791356086731e-02,1.903333902359008789e+00,-4.395756125450134277e-01,5.062517523765563965e-02,1.675196364521980286e-02,-1.054790392518043518e-01,4.017312824726104736e-01,-3.809307217597961426e-01,9.317527413368225098e-01,-6.440215110778808594e-01,1.125884890556335449e+00,4.649230092763900757e-02,-2.257502228021621704e-01,1.674164682626724243e-01,-1.988597631454467773e+00,-1.138476371765136719e+00,1.001248121261596680e+00,7.200487256050109863e-01,3.463229835033416748e-01,-2.815088331699371338e-01,-4.260433912277221680e-01
8.238687086850404739e-02,-6.014223629608750343e-02,6.152031421661376953e-01,4.316215589642524719e-02,6.455992162227630615e-02,6.096152663230895996e-01,7.888841629028320312e-01,-1.162165760993957520e+00,9.999474138021469116e-02,-5.869358312338590622e-03,1.956649422645568848e+00,-3.065866827964782715e-01,-1.252526044845581055e-01,-1.129506945610046387e+00,-3.500223457813262939e-01,2.884705364704132080e-02,1.883291006088256836e+00,-4.244737923145294189e-01,4.887707903981208801e-02,2.247733436524868011e-02,-1.321370005607604980e-01,3.726910352706909180e-01,-3.359872102737426758e-01,9.163335561752319336e-01,-5.970404744148254395e-01,1.170553684234619141e+00,5.321883037686347961e-02,-2.053051739931106567e-01,1.735272556543350220e-01,-2.025263071060180664e+00,-1.137455821037292480e+00,1.006959795951843262e+00,6.411262750625610352e-01,3.346073627471923828e-01,-2.906560301780700684e-01,-4.679545760154724121e-01
8.001423709524366212e-02,-5.354900441419047086e-02,6.135533452033996582e-01,5.017801001667976379e-02,7.319002598524093628e-02,5.964275002479553223e-01,7.977465987205505371e-01,-1.080872178077697754e+00,8.900607377290725708e-02,-8.804757148027420044e-02,1.977563023567199707e+00,-3.308600187301635742e-01,-1.359341889619827271e-01,-1.150493860244750977e+00,-3.837076127529144287e-01,3.286161646246910095e-02,1.895145297050476074e+00,-4.396823048591613770e-01,4.544400796294212341e-02,3.433890268206596375e-02,-1.519710123538970947e-01,3.459414839744567871e-01,-2.840729057788848877e-01,9.055725932121276855e-01,-5.652467012405395508e-01,1.191119313240051270e+00,6.581415981054306030e-02,-1.907751411199569702e-01,1.678007692098617554e-01,-2.048296213150024414e+00,-1.132709860801696777e+00,9.986106753349304199e-01,5.524595975875854492e-01,3.353503048419952393e-01,-2.955304682254791260e-01,-4.996334612369537354e-01
7.909439203257744022e-02,-4.376447652108394343e-02,6.018636822700500488e-01,4.924860969185829163e-02,8.892840147018432617e-02,5.864432454109191895e-01,8.035860657691955566e-01,-9.888309836387634277e-01,6.016277894377708435e-02,-1.941006928682327271e-01,1.965842247009277344e+00,-3.910697698593139648e-01,-1.664246916770935059e-01,-1.193767428398132324e+00,-4.200099706649780273e-01,3.987273946404457092e-02,1.937542796134948730e+00,-5.080143213272094727e-01,4.930404201149940491e-02,4.771139472723007202e-02,-1.710423529148101807e-01,2.971791625022888184e-01,-2.477211207151412964e-01,8.929605484008789062e-01,-5.600594282150268555e-01,1.205213189125061035e+00,7.409941405057907104e-02,-1.811293661594390869e-01,1.652440279722213745e-01,-2.070617914199829102e+00,-1.130188941955566406e+00,9.932575225830078125e-01,5.091111660003662109e-01,3.415413200855255127e-01,-3.113732039928436279e-01,-5.029309391975402832e-01
7.423882247306980153e-02,-4.924863951209072777e-02,5.958846211433410645e-01,4.229645058512687683e-02,8.461505174636840820e-02,5.655936598777770996e-01,8.192405700683593750e-01,-9.085940122604370117e-01,7.162991166114807129e-02,-2.422458678483963013e-01,1.986103773117065430e+00,-4.138964414596557617e-01,-1.741440147161483765e-01,-1.222854018211364746e+00,-3.894645571708679199e-01,4.140166565775871277e-02,1.994260549545288086e+00,-5.522595643997192383e-01,3.369194269180297852e-02,7.065866887569427490e-02,-1.565044522285461426e-01,2.927162349224090576e-01,-1.941989362239837646e-01,8.808542490005493164e-01,-5.059083700180053711e-01,1.215280413627624512e+00,9.545466303825378418e-02,-1.703335046768188477e-01,1.615650802850723267e-01,-2.060731410980224609e+00,-1.119328141212463379e+00,9.706968665122985840e-01,4.451906681060791016e-01,3.405598402023315430e-01,-3.095851242542266846e-01,-5.203981399536132812e-01
7.348100518664488212e-02,-4.121788702188776410e-02,5.755414366722106934e-01,3.559448570013046265e-02,9.394314885139465332e-02,5.563818812370300293e-01,8.248314857482910156e-01,-8.301984667778015137e-01,2.857786044478416443e-02,-3.186201453208923340e-01,2.016593933105468750e+00,-5.031487345695495605e-01,-2.112073749303817749e-01,-1.269719600677490234e+00,-3.823405206203460693e-01,6.787290424108505249e-02,2.096413135528564453e+00,-6.571574807167053223e-01,3.545030951499938965e-02,8.685865253210067749e-02,-1.553289443254470825e-01,2.608071565628051758e-01,-1.686135232448577881e-01,8.626356124877929688e-01,-4.888315200805664062e-01,1.228023767471313477e+00,8.833581209182739258e-02,-1.641925424337387085e-01,1.553453654050827026e-01,-2.064873218536376953e+00,-1.120538830757141113e+00,9.557680487632751465e-01,4.305361211299896240e-01,3.410119116306304932e-01,-3.136470615863800049e-01,-5.243400931358337402e-01
6.798543075386148660e-02,-4.365770739073363688e-02,5.507434606552124023e-01,2.216680720448493958e-02,8.533325791358947754e-02,5.355572104454040527e-01,8.398841023445129395e-01,-7.796787619590759277e-01,4.310593008995056152e-02,-3.318855464458465576e-01,2.095512628555297852e+00,-5.803622603416442871e-01,-2.017823159694671631e-01,-1.323311805725097656e+00,-3.261862695217132568e-01,7.069955021142959595e-02,2.205570697784423828e+00,-6.996217370033264160e-01,2.728556655347347260e-02,1.122644841670989990e-01,-1.275499910116195679e-01,2.663094699382781982e-01,-1.458979398012161255e-01,8.494048714637756348e-01,-4.252236783504486084e-01,1.248426079750061035e+00,6.048861518502235413e-02,-1.577076315879821777e-01,1.506574004888534546e-01,-2.046337842941284180e+00,-1.098962664604187012e+00,9.150669574737548828e-01,4.095354080200195312e-01,3.244675695896148682e-01,-3.033688962459564209e-01,-5.426626801490783691e-01
6.511613382742954814e-02,-5.165028715362915412e-02,5.266491770744323730e-01,2.063939161598682404e-02,7.609751820564270020e-02,5.274559259414672852e-01,8.459157347679138184e-01,-7.792819738388061523e-01,5.194139853119850159e-02,-3.222168982028961182e-01,2.180342674255371094e+00,-6.224275231361389160e-01,-1.927980929613113403e-01,-1.373337030410766602e+00,-3.055081069469451904e-01,8.739377558231353760e-02,2.292993545532226562e+00,-6.941637992858886719e-01,1.373601891100406647e-02,1.234569251537322998e-01,-1.224728450179100037e-01,2.639836370944976807e-01,-1.524989902973175049e-01,8.439819812774658203e-01,-3.969656229019165039e-01,1.263057827949523926e+00,2.313915267586708069e-02,-1.610383540391921997e-01,1.563523262739181519e-01,-2.023732662200927734e+00,-1.076687335968017578e+00,8.877060413360595703e-01,4.243139624595642090e-01,3.139567375183105469e-01,-2.901773750782012939e-01,-5.531736612319946289e-01
6.071861851244018948e-02,-5.645609340773752316e-02,5.120979547500610352e-01,2.322169393301010132e-02,6.988623738288879395e-02,5.279980301856994629e-01,8.460465669631958008e-01,-8.055238723754882812e-01,6.007677689194679260e-02,-3.091638684272766113e-01,2.230233430862426758e+00,-6.074064373970031738e-01,-1.850862503051757812e-01,-1.409086942672729492e+00,-2.919318675994873047e-01,1.117091476917266846e-01,2.342577457427978516e+00,-6.670354008674621582e-01,1.006848178803920746e-02,1.218990385532379150e-01,-1.272674500942230225e-01,2.670058608055114746e-01,-1.761038303375244141e-01,8.500652313232421875e-01,-3.841813802719116211e-01,1.269667744636535645e+00,-1.402200013399124146e-02,-1.590060740709304810e-01,1.692521125078201294e-01,-2.003195762634277344e+00,-1.064925312995910645e+00,8.862940669059753418e-01,4.789371788501739502e-01,3.085190653800964355e-01,-2.687894999980926514e-01,-5.360352993011474609e-01
6.274160377394694121e-02,-5.130414653999301050e-02,5.132081508636474609e-01,2.283857949078083038e-02,7.067958265542984009e-02,5.343996882438659668e-01,8.419618606567382812e-01,-8.484433293342590332e-01,8.682698011398315430e-02,-2.979290783405303955e-01,2.225431203842163086e+00,-5.919080376625061035e-01,-1.701983511447906494e-01,-1.424279689788818359e+00,-2.942068576812744141e-01,1.215468496084213257e-01,2.344136238098144531e+00,-6.710678339004516602e-01,-9.877806529402732849e-03,1.145026460289955139e-01,-1.318840384483337402e-01,2.663414776325225830e-01,-2.025496959686279297e-01,8.568148016929626465e-01,-3.913709819316864014e-01,1.266028642654418945e+00,-2.789130620658397675e-02,-1.602642536163330078e-01,1.705342084169387817e-01,-1.995913743972778320e+00,-1.059044361114501953e+00,8.963741660118103027e-01,5.260112881660461426e-01,3.152455389499664307e-01,-2.571057975292205811e-01,-5.018295645713806152e-01
6.582130488151541337e-02,-4.679157310881866538e-02,5.304956436157226562e-01,2.303894050419330597e-02,7.889544963836669922e-02,5.429425239562988281e-01,8.357380628585815430e-01,-8.935116529464721680e-01,1.010283678770065308e-01,-2.836787402629852295e-01,2.163955211639404297e+00,-5.804963707923889160e-01,-1.729916632175445557e-01,-1.403798460960388184e+00,-2.903085350990295410e-01,1.179619655013084412e-01,2.294561624526977539e+00,-7.201930284500122070e-01,-3.543521091341972351e-02,9.988342225551605225e-02,-1.356559544801712036e-01,2.716684937477111816e-01,-2.336033433675765991e-01,8.707835674285888672e-01,-4.133508801460266113e-01,1.251597046852111816e+00,-3.297226130962371826e-02,-1.655095964670181274e-01,1.638838350772857666e-01,-1.995636940002441406e+00,-1.065785288810729980e+00,9.310888648033142090e-01,6.129645109176635742e-01,3.251819312572479248e-01,-2.328409999608993530e-01,-4.440415799617767334e-01
7.231872141934357623e-02,-4.018075413142259411e-02,5.539597868919372559e-01,2.871095575392246246e-02,7.884686440229415894e-02,5.596483945846557617e-01,8.244710564613342285e-01,-9.533513784408569336e-01,1.062937155365943909e-01,-2.514074444770812988e-01,2.075973033905029297e+00,-5.529959797859191895e-01,-1.704654693603515625e-01,-1.344340085983276367e+00,-2.913721799850463867e-01,1.000905260443687439e-01,2.192611217498779297e+00,-7.010830044746398926e-01,-3.249427303671836853e-02,7.507809996604919434e-02,-1.347966045141220093e-01,2.891023457050323486e-01,-2.604158520698547363e-01,8.767055869102478027e-01,-4.541975557804107666e-01,1.232495307922363281e+00,-6.939159706234931946e-03,-1.681872308254241943e-01,1.596194654703140259e-01,-2.022865295410156250e+00,-1.078501462936401367e+00,9.612086415290832520e-01,6.098079085350036621e-01,3.312875330448150635e-01,-2.428260296583175659e-01,-4.323289990425109863e-01
7.698468838890011601e-02,-3.377050292105056306e-02,5.880418419837951660e-01,3.342501446604728699e-02,7.095281034708023071e-02,5.886786580085754395e-01,8.045532703399658203e-01,-1.049931406974792480e+00,1.049949303269386292e-01,-1.672022640705108643e-01,2.009852647781372070e+00,-4.766616523265838623e-01,-1.481888294219970703e-01,-1.271183371543884277e+00,-3.058645725250244141e-01,8.062592148780822754e-02,2.067021131515502930e+00,-6.122272610664367676e-01,-9.582855738699436188e-03,3.725112229585647583e-02,-1.323515474796295166e-01,3.158932626247406006e-01,-3.061436712741851807e-01,8.776838779449462891e-01,-5.019487738609313965e-01,1.206180214881896973e+00,1.805451139807701111e-02,-1.690419465303421021e-01,1.674986928701400757e-01,-2.047565221786499023e+00,-1.104116320610046387e+00,9.893992543220520020e-01,5.339637994766235352e-01,2.911913096904754639e-01,-2.617823183536529541e-01,-4.847094118595123291e-01
8.063005992712882208e-02,-4.918471032467026244e-02,5.987774133682250977e-01,3.151658549904823303e-02,6.839960068464279175e-02,6.110109090805053711e-01,7.880316376686096191e-01,-1.116970062255859375e+00,1.141859740018844604e-01,-8.282456547021865845e-02,1.953322649002075195e+00,-4.594849348068237305e-01,-1.249533519148826599e-01,-1.223766684532165527e+00,-3.263136446475982666e-01,4.982948675751686096e-02,1.992071509361267090e+00,-5.973091721534729004e-01,-9.581631049513816833e-03,1.001303177326917648e-02,-1.199598014354705811e-01,3.316761851310729980e-01,-3.536115884780883789e-01,8.575604557991027832e-01,-5.342779755592346191e-01,1.191954970359802246e+00,1.424321439117193222e-02,-1.690221875905990601e-01,1.873804032802581787e-01,-2.065064907073974609e+00,-1.119574427604675293e+00,1.001703858375549316e+00,4.919064939022064209e-01,2.552594542503356934e-01,-2.665723562240600586e-01,-5.376259684562683105e-01
8.167212409898638725e-02,-5.355731002055108547e-02,5.994179248809814453e-01,2.575627155601978302e-02,6.842576712369918823e-02,6.249184012413024902e-01,7.772589921951293945e-01,-1.162165641784667969e+00,1.224300488829612732e-01,-2.884314022958278656e-02,1.950298070907592773e+00,-4.818701744079589844e-01,-9.648161381483078003e-02,-1.213020801544189453e+00,-3.343828320503234863e-01,3.099648654460906982e-02,1.975129127502441406e+00,-6.310027241706848145e-01,-1.931957900524139404e-02,-4.483381286263465881e-03,-1.003495305776596069e-01,3.462296426296234131e-01,-3.999965190887451172e-01,8.351799845695495605e-01,-5.563109517097473145e-01,1.182212829589843750e+00,1.020326185971498489e-02,-1.721827834844589233e-01,2.157690972089767456e-01,-2.066275119781494141e+00,-1.125125765800476074e+00,9.964565038681030273e-01,4.831213355064392090e-01,2.278493344783782959e-01,-2.677376568317413330e-01,-5.803196430206298828e-01
8.498862700966688943e-02,-7.185008276540499894e-02,5.879897475242614746e-01,7.107194047421216965e-03,6.202121824026107788e-02,6.446673870086669922e-01,7.619099617004394531e-01,-1.229077696800231934e+00,1.149961575865745544e-01,5.301947519183158875e-02,1.990161180496215820e+00,-5.260762572288513184e-01,-6.137209758162498474e-02,-1.209605097770690918e+00,-3.095139265060424805e-01,2.248019725084304810e-02,2.000365972518920898e+00,-6.922587752342224121e-01,-2.304783836007118225e-02,-1.971321366727352142e-02,-5.920832976698875427e-02,3.682250082492828369e-01,-4.480524361133575439e-01,7.912358045578002930e-01,-5.714771151542663574e-01,1.167301774024963379e+00,-4.500739159993827343e-04,-1.812995225191116333e-01,2.433530837297439575e-01,-2.052851200103759766e+00,-1.129659414291381836e+00,9.616815447807312012e-01,4.882690906524658203e-01,1.955500245094299316e-01,-2.669112384319305420e-01,-6.173256635665893555e-01
8.542741022001092144e-02,-8.054823623611950811e-02,5.662139058113098145e-01,-7.022512611001729965e-03,5.801897123456001282e-02,6.550574898719787598e-01,7.533154487609863281e-01,-1.280402898788452148e+00,1.080207824707031250e-01,7.603080570697784424e-02,2.057146310806274414e+00,-6.014658808708190918e-01,-1.806549541652202606e-02,-1.225453853607177734e+00,-2.976163923740386963e-01,2.007446251809597015e-02,2.058438062667846680e+00,-7.647070288658142090e-01,-3.120142221450805664e-02,-2.348733507096767426e-02,-2.995469421148300171e-02,3.759174048900604248e-01,-5.096895098686218262e-01,7.442928552627563477e-01,-5.737525820732116699e-01,1.160503625869750977e+00,-2.108609303832054138e-02,-1.791505068540573120e-01,2.761048376560211182e-01,-2.009282827377319336e+00,-1.119349360466003418e+00,9.056270718574523926e-01,5.166587829589843750e-01,1.901427358388900757e-01,-2.612866163253784180e-01,-6.314085125923156738e-01
8.351974483006276151e-02,-1.058844451505977363e-01,5.251462459564208984e-01,-5.052773281931877136e-03,4.750742018222808838e-02,6.647231578826904297e-01,7.455606460571289062e-01,-1.353618860244750977e+00,6.845468282699584961e-02,6.953442841768264771e-02,2.179873704910278320e+00,-6.649002432823181152e-01,1.182477921247482300e-02,-1.266433000564575195e+00,-3.070816993713378906e-01,3.666816279292106628e-02,2.180716276168823242e+00,-7.796620130538940430e-01,-4.386098310351371765e-02,-2.023363113403320312e-02,-1.836177334189414978e-02,3.882658183574676514e-01,-6.246761083602905273e-01,6.938465833663940430e-01,-5.984493494033813477e-01,1.152872443199157715e+00,-7.945864647626876831e-02,-1.645974665880203247e-01,3.106406033039093018e-01,-1.925676584243774414e+00,-1.059782028198242188e+00,8.304814100265502930e-01,6.036402583122253418e-01,2.387001067399978638e-01,-2.421045303344726562e-01,-6.011508703231811523e-01
8.410854548072585479e-02,-1.291963424927626558e-01,5.081955790519714355e-01,-1.144529014709405601e-04,4.286208003759384155e-02,6.703693270683288574e-01,7.407886385917663574e-01,-1.386870503425598145e+00,5.279354751110076904e-02,6.672058999538421631e-02,2.231902599334716797e+00,-6.902621984481811523e-01,2.216275781393051147e-02,-1.278438687324523926e+00,-3.084327578544616699e-01,4.935374855995178223e-02,2.251147031784057617e+00,-8.188097476959228516e-01,-6.472133845090866089e-02,-1.060929056257009506e-02,-2.586037851870059967e-02,3.796619474887847900e-01,-7.705687284469604492e-01,7.022483944892883301e-01,-6.272959113121032715e-01,1.119427204132080078e+00,-1.515163481235504150e-01,-1.652791947126388550e-01,3.298894166946411133e-01,-1.865826606750488281e+00,-1.011408686637878418e+00,8.079052567481994629e-01,7.026950716972351074e-01,2.977373003959655762e-01,-2.270773947238922119e-01,-5.281161665916442871e-01
8.634426717001658647e-02,-1.596402783090105360e-01,5.052906870841979980e-01,9.077914291992783546e-04,4.251281172037124634e-02,6.746169328689575195e-01,7.369422316551208496e-01,-1.378407597541809082e+00,4.285448417067527771e-02,6.334214657545089722e-02,2.221166372299194336e+00,-7.075698375701904297e-01,2.152557857334613800e-02,-1.256037473678588867e+00,-2.951838076114654541e-01,4.824964329600334167e-02,2.247949600219726562e+00,-8.574030995368957520e-01,-8.048100024461746216e-02,-6.578670348972082138e-03,-3.256525471806526184e-02,3.611164987087249756e-01,-9.073224663734436035e-01,7.343403697013854980e-01,-6.707089543342590332e-01,1.082026958465576172e+00,-1.933646500110626221e-01,-1.710807383060455322e-01,3.271278440952301025e-01,-1.856156587600708008e+00,-9.831961393356323242e-01,8.202936053276062012e-01,7.658573985099792480e-01,3.535760641098022461e-01,-2.215893566608428955e-01,-4.562018811702728271e-01
8.916903176130010211e-02,-2.005769561868734063e-01,5.425787568092346191e-01,-7.640933152288198471e-03,5.658065155148506165e-02,6.717755794525146484e-01,7.385511398315429688e-01,-1.299103856086730957e+00,1.269238442182540894e-01,6.847390532493591309e-02,2.081940174102783203e+00,-7.645754218101501465e-01,5.147556215524673462e-02,-1.214353084564208984e+00,-2.628270089626312256e-01,-1.266040001064538956e-02,2.100355148315429688e+00,-8.726699948310852051e-01,-1.483038663864135742e-01,1.413517538458108902e-02,-4.151330143213272095e-02,3.192696571350097656e-01,-1.199589610099792480e+00,8.461076021194458008e-01,-7.782545685768127441e-01,9.962943196296691895e-01,-2.635653614997863770e-01,-1.908715218305587769e-01,3.184428215026855469e-01,-1.906470179557800293e+00,-9.546612501144409180e-01,9.027140140533447266e-01,8.265329003334045410e-01,3.911621272563934326e-01,-2.066123634576797485e-01,-3.879838883876800537e-01
9.196697426243470586e-02,-1.740427408009194432e-01,5.921497344970703125e-01,-1.686287298798561096e-02,5.998997017741203308e-02,6.719874739646911621e-01,7.379360795021057129e-01,-1.193337798118591309e+00,1.464480459690093994e-01,8.838471770286560059e-02,1.905687212944030762e+00,-7.440837025642395020e-01,3.311703354120254517e-02,-1.114989280700683594e+00,-2.304470986127853394e-01,-5.251909419894218445e-02,1.909233570098876953e+00,-8.726699948310852051e-01,-1.663987636566162109e-01,3.078968450427055359e-02,-3.782149404287338257e-02,2.979234755039215088e-01,-1.450546383857727051e+00,9.184253215789794922e-01,-8.863174319267272949e-01,9.360093474388122559e-01,-2.859309315681457520e-01,-2.136962711811065674e-01,3.199060857295989990e-01,-1.980150938034057617e+00,-9.719711542129516602e-01,9.933131337165832520e-01,7.976887226104736328e-01,3.732959926128387451e-01,-2.107781022787094116e-01,-3.737152516841888428e-01
9.984417127158778937e-02,-8.010402054955753637e-02,6.829003691673278809e-01,-2.263007499277591705e-02,7.137566804885864258e-02,6.741162538528442383e-01,7.348201870918273926e-01,-1.041116833686828613e+00,1.371929794549942017e-01,9.880901128053665161e-02,1.655318260192871094e+00,-7.169985771179199219e-01,1.552765816450119019e-02,-9.350419640541076660e-01,-2.052906453609466553e-01,-1.032680720090866089e-01,1.619378805160522461e+00,-8.726699948310852051e-01,-1.676838248968124390e-01,3.906069695949554443e-02,-3.870262578129768372e-02,2.551555931568145752e-01,-1.698765158653259277e+00,9.688796401023864746e-01,-1.009410500526428223e+00,8.706180453300476074e-01,-3.072154223918914795e-01,-2.463264763355255127e-01,3.481171429157257080e-01,-2.076163530349731445e+00,-1.001479983329772949e+00,1.122092723846435547e+00,7.649046778678894043e-01,3.208104074001312256e-01,-2.269525825977325439e-01,-3.583180606365203857e-01
1.039757378972493707e-01,-5.035965918348385417e-02,7.324855327606201172e-01,-6.723043508827686310e-03,7.144322246313095093e-02,6.899915337562561035e-01,7.202516198158264160e-01,-8.645853400230407715e-01,9.072249382734298706e-02,1.100829243659973145e-01,1.440923094749450684e+00,-6.043873429298400879e-01,-7.581452373415231705e-03,-7.250659465789794922e-01,-2.319154888391494751e-01,-1.536401510238647461e-01,1.422106862068176270e+00,-8.256121873855590820e-01,-1.111235246062278748e-01,1.872699894011020660e-02,-5.707311630249023438e-02,2.440846264362335205e-01,-1.795746564865112305e+00,9.861036539077758789e-01,-1.085842370986938477e+00,8.258839249610900879e-01,-3.329596519470214844e-01,-2.627395391464233398e-01,3.561715781688690186e-01,-2.118136882781982422e+00,-1.028487682342529297e+00,1.195412993431091309e+00,7.299696207046508789e-01,3.271281123161315918e-01,-2.468591630458831787e-01,-3.541209399700164795e-01
1.024936794733198736e-01,-8.277767848295088104e-02,7.500545978546142578e-01,-5.080964881926774979e-03,6.951066106557846069e-02,6.884254813194274902e-01,7.219507098197937012e-01,-7.335209250450134277e-01,1.040887907147407532e-01,1.312860846519470215e-01,1.240440964698791504e+00,-3.825731277465820312e-01,-3.945270925760269165e-02,-6.133632063865661621e-01,-2.199264615774154663e-01,-1.903790384531021118e-01,1.226779222488403320e+00,-5.103517174720764160e-01,-5.954280029982328415e-03,1.128517370671033859e-02,-5.680047720670700073e-02,2.331903129816055298e-01,-1.821628093719482422e+00,1.012205362319946289e+00,-1.130424737930297852e+00,7.995396256446838379e-01,-3.271615207195281982e-01,-2.735464870929718018e-01,3.645477890968322754e-01,-2.146183729171752930e+00,-1.041971564292907715e+00,1.213073968887329102e+00,7.093279957771301270e-01,3.168867230415344238e-01,-2.538611590862274170e-01,-3.912710845470428467e-01
1.033820232663017064e-01,-5.289124572076477071e-02,8.179810643196105957e-01,-5.536628421396017075e-03,7.161641865968704224e-02,6.834459304809570312e-01,7.264585494995117188e-01,-5.894793868064880371e-01,1.054578945040702820e-01,1.514226645231246948e-01,9.484705328941345215e-01,-1.881147474050521851e-01,-7.416221499443054199e-02,-4.785462915897369385e-01,-1.877965927124023438e-01,-2.112239599227905273e-01,9.498429298400878906e-01,-2.551621794700622559e-01,6.211793050169944763e-02,1.080564130097627640e-02,-5.568142235279083252e-02,2.206739485263824463e-01,-1.814301967620849609e+00,1.044643282890319824e+00,-1.166032671928405762e+00,7.754061818122863770e-01,-3.166646063327789307e-01,-2.927817404270172119e-01,3.365744054317474365e-01,-2.155152797698974609e+00,-1.062835335731506348e+00,1.252678990364074707e+00,6.736564040184020996e-01,3.068265616893768311e-01,-2.721958756446838379e-01,-3.756314218044281006e-01
1.017311942906906908e-01,-7.263095847044426234e-02,8.506119847297668457e-01,-7.546194363385438919e-03,6.564266979694366455e-02,6.790723800659179688e-01,7.310915589332580566e-01,-4.889425039291381836e-01,1.069678738713264465e-01,1.493833810091018677e-01,7.221848368644714355e-01,-4.207307472825050354e-02,-1.037786826491355896e-01,-4.072131514549255371e-01,-1.567965149879455566e-01,-2.151876091957092285e-01,7.865194678306579590e-01,-6.795610487461090088e-02,1.114025115966796875e-01,6.950187496840953827e-03,-4.551945254206657410e-02,2.179154902696609497e-01,-1.774782776832580566e+00,1.077267885208129883e+00,-1.189881443977355957e+00,7.628486752510070801e-01,-2.939421534538269043e-01,-3.032280504703521729e-01,3.211364150047302246e-01,-2.153246402740478516e+00,-1.090984821319580078e+00,1.274028182029724121e+00,6.569287776947021484e-01,2.892584800720214844e-01,-2.810872793197631836e-01,-3.784103095531463623e-01
1.019537318497896194e-01,-1.063363449648022652e-01,8.942966461181640625e-01,-7.601248566061258316e-03,5.059419199824333191e-02,6.751986145973205566e-01,7.358595728874206543e-01,-3.979180455207824707e-01,1.170489490032196045e-01,1.446108520030975342e-01,5.388781428337097168e-01,1.211357563734054565e-01,-1.384508609771728516e-01,-3.477669954299926758e-01,-1.247447282075881958e-01,-2.067801356315612793e-01,6.738793849945068359e-01,8.578827977180480957e-02,1.461988240480422974e-01,2.272426383569836617e-03,-2.480586990714073181e-02,2.340190261602401733e-01,-1.690832376480102539e+00,1.111536502838134766e+00,-1.196115374565124512e+00,7.433687448501586914e-01,-2.524515688419342041e-01,-3.154030144214630127e-01,2.965066134929656982e-01,-2.140165090560913086e+00,-1.138025760650634766e+00,1.277451992034912109e+00,6.198429465293884277e-01,2.542136013507843018e-01,-2.951948940753936768e-01,-3.981571197509765625e-01
1.012041102020213301e-01,-1.324938649060921070e-01,9.200951457023620605e-01,-9.359378367662429810e-03,4.346323758363723755e-02,6.705632209777832031e-01,7.405189275741577148e-01,-3.611566722393035889e-01,1.260990351438522339e-01,1.446924358606338501e-01,4.928197562694549561e-01,1.956137120723724365e-01,-1.595422029495239258e-01,-3.290463089942932129e-01,-1.157168298959732056e-01,-2.174108922481536865e-01,6.677076816558837891e-01,1.417243778705596924e-01,1.559810042381286621e-01,-4.651959054172039032e-03,-1.364071667194366455e-02,2.416160702705383301e-01,-1.602391481399536133e+00,1.143371820449829102e+00,-1.179954409599304199e+00,7.380132675170898438e-01,-2.148106694221496582e-01,-3.194275200366973877e-01,2.745850682258605957e-01,-2.125078201293945312e+00,-1.180691599845886230e+00,1.268090009689331055e+00,5.938997268676757812e-01,2.247504144906997681e-01,-2.989125251770019531e-01,-4.063708186149597168e-01
1.011537031915325374e-01,-1.549641223122867340e-01,9.320194721221923828e-01,-9.682113304734230042e-03,4.190171137452125549e-02,6.696176528930664062e-01,7.414598464965820312e-01,-3.502709865570068359e-01,1.293939650058746338e-01,1.409906595945358276e-01,5.146960020065307617e-01,2.035362720489501953e-01,-1.566553264856338501e-01,-3.305564820766448975e-01,-1.202406212687492371e-01,-2.234637439250946045e-01,7.196667790412902832e-01,1.568805426359176636e-01,1.554226726293563843e-01,-1.091482024639844894e-02,-4.872427787631750107e-03,2.355435788631439209e-01,-1.517814636230468750e+00,1.167613744735717773e+00,-1.154109954833984375e+00,7.212222814559936523e-01,-1.848185509443283081e-01,-3.203016817569732666e-01,2.589759528636932373e-01,-2.107108116149902344e+00,-1.210635066032409668e+00,1.260452270507812500e+00,5.816007256507873535e-01,1.891458034515380859e-01,-2.897101938724517822e-01,-4.156632721424102783e-01
1.011724375689832117e-01,-1.577856564142096629e-01,9.754453301429748535e-01,-1.188366673886775970e-02,4.728057980537414551e-02,6.680018901824951172e-01,7.425609827041625977e-01,-4.090637862682342529e-01,1.157661750912666321e-01,1.212765052914619446e-01,7.333224415779113770e-01,2.008302211761474609e-01,-1.571936607360839844e-01,-3.999993801116943359e-01,-1.460464596748352051e-01,-2.196755856275558472e-01,9.622154235839843750e-01,1.440817713737487793e-01,1.488362252712249756e-01,-1.282517146319150925e-02,-4.282195121049880981e-03,2.252469360828399658e-01,-1.348066687583923340e+00,1.181109547615051270e+00,-1.089883685111999512e+00,7.004092931747436523e-01,-1.615359634160995483e-01,-3.127947449684143066e-01,2.602018415927886963e-01,-2.070920944213867188e+00,-1.239761352539062500e+00,1.203676700592041016e+00,5.886856317520141602e-01,1.933733075857162476e-01,-2.820516824722290039e-01,-4.304970204830169678e-01
1.000836431407011451e-01,-1.605179474617426383e-01,9.981667399406433105e-01,-1.105411443859338760e-02,5.571448430418968201e-02,6.697748899459838867e-01,7.403885722160339355e-01,-4.966017007827758789e-01,8.751251548528671265e-02,1.107799857854843140e-01,1.025785684585571289e+00,1.603551357984542847e-01,-1.447880864143371582e-01,-4.701721668243408203e-01,-1.747699230909347534e-01,-2.002638280391693115e-01,1.215460419654846191e+00,1.133542209863662720e-01,1.364925652742385864e-01,-1.687343418598175049e-02,-1.604009792208671570e-02,2.196265757083892822e-01,-1.200562596321105957e+00,1.175266027450561523e+00,-1.030600786209106445e+00,6.953899264335632324e-01,-1.421071141958236694e-01,-2.979420721530914307e-01,2.641106843948364258e-01,-2.031919002532958984e+00,-1.263574361801147461e+00,1.150156855583190918e+00,6.023844480514526367e-01,2.018534392118453979e-01,-2.764462530612945557e-01,-4.588434100151062012e-01
9.814028946969372003e-02,-1.907409139586469238e-01,1.021544933319091797e+00,-1.168855093419551849e-02,6.723517179489135742e-02,6.734515428543090820e-01,7.360746264457702637e-01,-6.229954361915588379e-01,3.544037789106369019e-02,1.165128052234649658e-01,1.412039160728454590e+00,1.246809363365173340e-01,-1.473961770534515381e-01,-5.605817437171936035e-01,-1.913681924343109131e-01,-1.640434116125106812e-01,1.501368045806884766e+00,5.192609503865242004e-02,1.187019497156143188e-01,-2.192558348178863525e-02,-3.058226965367794037e-02,2.224733978509902954e-01,-1.049880146980285645e+00,1.151587009429931641e+00,-9.710663557052612305e-01,7.032858729362487793e-01,-1.149550601840019226e-01,-2.791416645050048828e-01,2.820220887660980225e-01,-1.997376799583435059e+00,-1.279131889343261719e+00,1.091373085975646973e+00,6.408839225769042969e-01,2.400359660387039185e-01,-2.717604935169219971e-01,-4.709168374538421631e-01
9.467566880182577693e-02,-2.046557814241028728e-01,1.031606197357177734e+00,-1.790257915854454041e-02,7.678945362567901611e-02,6.762674450874328613e-01,7.324241995811462402e-01,-7.184870839118957520e-01,-1.146825030446052551e-03,1.328106075525283813e-01,1.660198092460632324e+00,8.230314403772354126e-02,-1.401406973600387573e-01,-6.308746933937072754e-01,-2.014694660902023315e-01,-1.375352889299392700e-01,1.707668185234069824e+00,-1.713413000106811523e-02,9.667685627937316895e-02,-3.138763457536697388e-02,-3.433253243565559387e-02,2.185089588165283203e-01,-9.376062750816345215e-01,1.118106961250305176e+00,-9.092251658439636230e-01,7.268153429031372070e-01,-7.923223823308944702e-02,-2.597922086715698242e-01,2.930499315261840820e-01,-1.962389588356018066e+00,-1.288931012153625488e+00,1.032464861869812012e+00,6.696674823760986328e-01,2.697406709194183350e-01,-2.758434116840362549e-01,-4.925720393657684326e-01
9.154733008920000470e-02,-1.975527547407322226e-01,1.035640478134155273e+00,-2.225359715521335602e-02,8.088918775320053101e-02,6.778016090393066406e-01,7.304428219795227051e-01,-7.975727915763854980e-01,-1.183518674224615097e-02,1.464623808860778809e-01,1.806555390357971191e+00,2.531891316175460815e-02,-1.191329136490821838e-01,-6.856439709663391113e-01,-2.086136043071746826e-01,-1.153918430209159851e-01,1.847120642662048340e+00,-1.051258668303489685e-01,6.862611323595046997e-02,-3.604701161384582520e-02,-3.375675156712532043e-02,2.111592292785644531e-01,-8.433021306991577148e-01,1.085346221923828125e+00,-8.530910015106201172e-01,7.509763240814208984e-01,-5.562543869018554688e-02,-2.468301653861999512e-01,2.728179097175598145e-01,-1.922355294227600098e+00,-1.291260361671447754e+00,9.774180054664611816e-01,6.813884973526000977e-01,2.842243909835815430e-01,-2.853004932403564453e-01,-5.026147961616516113e-01
8.787172387998837264e-02,-2.064776852583656008e-01,1.041718602180480957e+00,-3.456017002463340759e-02,9.349346905946731567e-02,6.810387372970581055e-01,7.254315018653869629e-01,-9.175385236740112305e-01,-1.747143082320690155e-02,1.827548593282699585e-01,2.045010328292846680e+00,1.949104480445384979e-02,-8.591926097869873047e-02,-7.746112942695617676e-01,-1.984650492668151855e-01,-8.532087504863739014e-02,2.085098266601562500e+00,-1.750993430614471436e-01,4.086526110768318176e-02,-5.168763920664787292e-02,-2.705532684922218323e-02,2.127490341663360596e-01,-7.304190397262573242e-01,1.025417327880859375e+00,-7.804365158081054688e-01,8.124350309371948242e-01,-2.851354144513607025e-02,-2.253947705030441284e-01,2.486555874347686768e-01,-1.860330104827880859e+00,-1.286807656288146973e+00,9.238717555999755859e-01,7.108967304229736328e-01,2.936291694641113281e-01,-2.906126976013183594e-01,-4.736129641532897949e-01
8.478513077044716462e-02,-1.425344772242869429e-01,1.043570041656494141e+00,-4.828053340315818787e-02,1.044115349650382996e-01,6.834226846694946289e-01,7.209026813507080078e-01,-1.039322257041931152e+00,-4.147025290876626968e-03,2.030874788761138916e-01,2.233915805816650391e+00,-3.612411965150386095e-04,-4.663589224219322205e-02,-8.694711923599243164e-01,-2.001285552978515625e-01,-7.598017156124114990e-02,2.294935226440429688e+00,-2.187655866146087646e-01,-5.007967352867126465e-03,-6.228591874241828918e-02,-2.013459615409374237e-02,2.006187587976455688e-01,-6.415219306945800781e-01,9.644889235496520996e-01,-7.239725589752197266e-01,8.713490962982177734e-01,7.204981986433267593e-03,-2.241085916757583618e-01,2.290637046098709106e-01,-1.812113404273986816e+00,-1.271919846534729004e+00,8.798772692680358887e-01,7.337401509284973145e-01,2.765483260154724121e-01,-3.117522597312927246e-01,-4.701240658760070801e-01
8.403890658743105868e-02,-1.342161490868490348e-01,1.044388532638549805e+00,-6.095008552074432373e-02,1.090847626328468323e-01,6.824787259101867676e-01,7.201446890830993652e-01,-1.159768104553222656e+00,2.285170927643775940e-02,2.088099122047424316e-01,2.403743267059326172e+00,-6.013100966811180115e-02,-1.168131455779075623e-02,-9.791822433471679688e-01,-2.189799398183822632e-01,-8.337338268756866455e-02,2.472320079803466797e+00,-2.990283370018005371e-01,-4.651007428765296936e-02,-6.753212213516235352e-02,-1.691866479814052582e-02,2.016885876655578613e-01,-5.486220121383666992e-01,9.086523056030273438e-01,-6.699392795562744141e-01,9.361282587051391602e-01,2.918891981244087219e-02,-2.168419957160949707e-01,2.088283002376556396e-01,-1.768443346023559570e+00,-1.245052218437194824e+00,8.353874087333679199e-01,7.643514275550842285e-01,2.580824792385101318e-01,-3.170087039470672607e-01,-4.763413071632385254e-01
8.659783446301634602e-02,-1.157121322153566029e-01,1.034009337425231934e+00,-8.252461254596710205e-02,1.460204869508743286e-01,6.741092205047607422e-01,7.193361520767211914e-01,-1.243610620498657227e+00,-4.951486736536026001e-02,1.901122778654098511e-01,2.476747274398803711e+00,-1.922517716884613037e-01,-6.510561704635620117e-02,-1.051547169685363770e+00,-2.131399363279342651e-01,-4.719453677535057068e-02,2.551413297653198242e+00,-4.347633421421051025e-01,-3.914794698357582092e-02,-6.338191032409667969e-02,-3.066448681056499481e-02,1.026345863938331604e-01,-4.469076693058013916e-01,8.597307801246643066e-01,-6.287614107131958008e-01,9.825293421745300293e-01,5.017132684588432312e-02,-2.247436642646789551e-01,1.960173994302749634e-01,-1.733081817626953125e+00,-1.228238344192504883e+00,8.181810379028320312e-01,7.797985076904296875e-01,2.375629693269729614e-01,-3.193035423755645752e-01,-4.668228328227996826e-01
8.166990486475136923e-02,-1.355047105596615675e-01,1.041729569435119629e+00,-7.006474584341049194e-02,1.129653230309486389e-01,6.798111200332641602e-01,7.212396264076232910e-01,-1.253325700759887695e+00,2.819576859474182129e-02,1.973389238119125366e-01,2.454991817474365234e+00,-9.935429692268371582e-02,4.880124703049659729e-03,-1.082847356796264648e+00,-2.425497323274612427e-01,-6.405580788850784302e-02,2.504134178161621094e+00,-3.236840963363647461e-01,-6.947614252567291260e-02,-7.663093507289886475e-02,-2.596357092261314392e-02,1.918141096830368042e-01,-4.045848846435546875e-01,8.474789261817932129e-01,-6.131764650344848633e-01,1.007761478424072266e+00,6.594856828451156616e-02,-2.241665571928024292e-01,1.941463649272918701e-01,-1.715484380722045898e+00,-1.193421721458435059e+00,8.056119680404663086e-01,7.811515331268310547e-01,2.277290821075439453e-01,-3.115033805370330811e-01,-4.772189855575561523e-01
8.043460967019200325e-02,-1.135672128293663263e-01,1.038028478622436523e+00,-5.900879204273223877e-02,1.029229536652565002e-01,6.760550141334533691e-01,7.272375226020812988e-01,-1.196300983428955078e+00,2.001052536070346832e-02,1.886424273252487183e-01,2.358150959014892578e+00,-9.607045352458953857e-02,-9.507393464446067810e-03,-1.051625847816467285e+00,-2.313626110553741455e-01,-5.252483487129211426e-02,2.385378599166870117e+00,-2.958658337593078613e-01,-5.702220648527145386e-02,-7.404316961765289307e-02,-3.385150060057640076e-02,2.272805124521255493e-01,-3.383118212223052979e-01,8.130938410758972168e-01,-5.939829349517822266e-01,1.034284234046936035e+00,7.942176610231399536e-02,-2.176238596439361572e-01,1.963175237178802490e-01,-1.689816474914550781e+00,-1.179283022880554199e+00,7.987232208251953125e-01,7.676054239273071289e-01,2.273727357387542725e-01,-2.981168329715728760e-01,-4.811902940273284912e-01
7.941006904897782159e-02,-1.074337451002345678e-01,1.035176157951354980e+00,-4.454453662037849426e-02,9.144185483455657959e-02,6.710672974586486816e-01,7.343860268592834473e-01,-1.101248860359191895e+00,5.239268764853477478e-03,1.820558607578277588e-01,2.192999839782714844e+00,-8.961111307144165039e-02,-3.768001869320869446e-02,-9.752293825149536133e-01,-2.251172512769699097e-01,-4.761905223131179810e-02,2.180531978607177734e+00,-2.449579238891601562e-01,-2.661969140172004700e-02,-6.611771136522293091e-02,-4.357854649424552917e-02,2.685987949371337891e-01,-2.796555757522583008e-01,7.772722840309143066e-01,-5.870046615600585938e-01,1.036653399467468262e+00,7.443401962518692017e-02,-2.141666114330291748e-01,1.878551095724105835e-01,-1.674590110778808594e+00,-1.183765649795532227e+00,7.884935736656188965e-01,7.295679450035095215e-01,2.490953505039215088e-01,-2.863163650035858154e-01,-4.906347692012786865e-01
8.335703263918940731e-02,-9.415438081710958418e-02,1.022893548011779785e+00,-2.588062174618244171e-02,7.275791466236114502e-02,6.663856506347656250e-01,7.415973544120788574e-01,-9.814485907554626465e-01,2.730880491435527802e-02,1.662345975637435913e-01,1.981523513793945312e+00,-1.056806892156600952e-01,-4.879793152213096619e-02,-8.963869214057922363e-01,-2.362260818481445312e-01,-8.027805387973785400e-02,1.958117008209228516e+00,-2.010483443737030029e-01,-1.802956312894821167e-02,-5.357677489519119263e-02,-5.347032845020294189e-02,3.109252452850341797e-01,-2.194598317146301270e-01,7.574391365051269531e-01,-5.872503519058227539e-01,1.015004277229309082e+00,7.111038267612457275e-02,-2.137135118246078491e-01,1.819122880697250366e-01,-1.656073808670043945e+00,-1.201356530189514160e+00,7.788833975791931152e-01,6.618876457214355469e-01,2.677583098411560059e-01,-2.749846875667572021e-01,-4.938930869102478027e-01
8.634316935562171003e-02,-1.519163025256533017e-01,1.011805772781372070e+00,-1.452841237187385559e-02,6.125079467892646790e-02,6.619188189506530762e-01,7.469275593757629395e-01,-8.827883601188659668e-01,4.223640263080596924e-02,1.560683101415634155e-01,1.787506341934204102e+00,-1.137775480747222900e-01,-5.931190773844718933e-02,-8.284128308296203613e-01,-2.276945710182189941e-01,-1.118415668606758118e-01,1.786987423896789551e+00,-1.733954548835754395e-01,-4.588587675243616104e-03,-4.494968429207801819e-02,-5.350143834948539734e-02,3.373927772045135498e-01,-1.651277393102645874e-01,7.565354704856872559e-01,-5.831511020660400391e-01,9.771593213081359863e-01,7.401882112026214600e-02,-2.187409847974777222e-01,1.747423559427261353e-01,-1.639461398124694824e+00,-1.230310916900634766e+00,7.722920775413513184e-01,6.025284528732299805e-01,2.442811429500579834e-01,-2.691828608512878418e-01,-5.007736682891845703e-01
8.811118084794053451e-02,-2.424827878757451760e-01,1.009932160377502441e+00,-9.071027860045433044e-03,5.524193868041038513e-02,6.593303680419921875e-01,7.497662901878356934e-01,-8.114074468612670898e-01,4.989651218056678772e-02,1.498577445745468140e-01,1.629873633384704590e+00,-1.122274547815322876e-01,-6.427879631519317627e-02,-7.763071060180664062e-01,-2.224623560905456543e-01,-1.325989961624145508e-01,1.658071637153625488e+00,-1.615886241197586060e-01,6.875955034047365189e-03,-3.517267480492591858e-02,-5.241847783327102661e-02,3.530855774879455566e-01,-1.191345006227493286e-01,7.588064074516296387e-01,-5.745101571083068848e-01,9.525012969970703125e-01,5.491590127348899841e-02,-2.241674512624740601e-01,1.728493720293045044e-01,-1.629015088081359863e+00,-1.256854295730590820e+00,7.726854085922241211e-01,5.652858614921569824e-01,2.281380444765090942e-01,-2.648859322071075439e-01,-4.919052720069885254e-01
8.775501691091519563e-02,-2.108144668074181383e-01,9.960273504257202148e-01,-5.992386024445295334e-03,4.773698002099990845e-02,6.581928730010986328e-01,7.513104677200317383e-01,-7.175964713096618652e-01,6.490331143140792847e-02,1.495558172464370728e-01,1.399673104286193848e+00,-1.014742255210876465e-01,-6.050338968634605408e-02,-7.080743908882141113e-01,-2.147536873817443848e-01,-1.596395224332809448e-01,1.462915420532226562e+00,-1.287158578634262085e-01,1.597558148205280304e-02,-2.897601202130317688e-02,-4.442248865962028503e-02,3.570951819419860840e-01,-6.137312576174736023e-02,7.626451253890991211e-01,-5.737370848655700684e-01,9.126140475273132324e-01,5.274726450443267822e-02,-2.396765649318695068e-01,1.532232165336608887e-01,-1.625555872917175293e+00,-1.280371069908142090e+00,7.675864696502685547e-01,5.140172839164733887e-01,1.932092010974884033e-01,-2.637945413589477539e-01,-4.974924623966217041e-01
8.975066599221183383e-02,-1.946892787594921292e-01,9.794492721557617188e-01,-5.574465263634920120e-03,4.351057112216949463e-02,6.563176512718200684e-01,7.532083988189697266e-01,-6.367442607879638672e-01,7.439205050468444824e-02,1.594213694334030151e-01,1.161885261535644531e+00,-8.009409904479980469e-02,-6.187622249126434326e-02,-6.413879394531250000e-01,-2.095561027526855469e-01,-1.872787177562713623e-01,1.244101762771606445e+00,-1.029475927352905273e-01,2.411971054971218109e-02,-2.431903406977653503e-02,-3.520246967673301697e-02,3.567860722541809082e-01,-8.210740052163600922e-03,7.597991228103637695e-01,-5.688216090202331543e-01,8.808850646018981934e-01,4.474584013223648071e-02,-2.541025876998901367e-01,1.439373493194580078e-01,-1.618974208831787109e+00,-1.295123219490051270e+00,7.609487175941467285e-01,4.643870592117309570e-01,1.643127799034118652e-01,-2.696490287780761719e-01,-5.037553906440734863e-01
9.190533281518863118e-02,-1.750631224937163888e-01,9.578605294227600098e-01,-6.892487406730651855e-03,4.010305926203727722e-02,6.523718833923339844e-01,7.568058967590332031e-01,-5.446543097496032715e-01,7.560136914253234863e-02,1.676319688558578491e-01,9.115803241729736328e-01,-5.444334447383880615e-02,-6.852154433727264404e-02,-5.603586435317993164e-01,-2.010748237371444702e-01,-2.245965749025344849e-01,1.002670168876647949e+00,-7.183649390935897827e-02,3.166905790567398071e-02,-1.681313477456569672e-02,-2.313792333006858826e-02,3.674852252006530762e-01,4.114489257335662842e-02,7.570566534996032715e-01,-5.655694007873535156e-01,8.474817872047424316e-01,4.180632904171943665e-02,-2.673769593238830566e-01,1.321237385272979736e-01,-1.612437129020690918e+00,-1.298751950263977051e+00,7.401434779167175293e-01,4.115116000175476074e-01,1.350636482238769531e-01,-2.715749740600585938e-01,-5.276045799255371094e-01
9.189880972441571982e-02,-1.432034705156603749e-01,9.340192675590515137e-01,-9.101965464651584625e-03,3.525066003203392029e-02,6.499121189117431641e-01,7.591368556022644043e-01,-4.548291265964508057e-01,7.497175037860870361e-02,1.745244264602661133e-01,7.027449607849121094e-01,-3.558401390910148621e-02,-6.862099468708038330e-02,-4.741200804710388184e-01,-1.910643428564071655e-01,-2.539801895618438721e-01,7.850798964500427246e-01,-4.169708490371704102e-02,4.210878163576126099e-02,-1.158510893583297729e-02,-1.234559062868356705e-02,3.822952508926391602e-01,8.499468117952346802e-02,7.455500960350036621e-01,-5.641409158706665039e-01,8.298425078392028809e-01,4.569193348288536072e-02,-2.711667716503143311e-01,1.134886667132377625e-01,-1.593755006790161133e+00,-1.290300965309143066e+00,7.125384211540222168e-01,3.632549047470092773e-01,1.040237024426460266e-01,-2.661431431770324707e-01,-5.507671236991882324e-01
9.178892472902169808e-02,-1.288338404220457367e-01,9.226519465446472168e-01,-9.777617640793323517e-03,3.340725973248481750e-02,6.487869620323181152e-01,7.601735591888427734e-01,-3.937418460845947266e-01,6.514275819063186646e-02,1.758406758308410645e-01,5.824528932571411133e-01,-1.434997841715812683e-02,-7.621525228023529053e-02,-4.104339182376861572e-01,-1.800503283739089966e-01,-2.775644361972808838e-01,6.498317122459411621e-01,-2.721493691205978394e-02,5.029010772705078125e-02,-4.038850311189889908e-03,-4.250511061400175095e-03,3.844000101089477539e-01,1.290172487497329712e-01,7.314805984497070312e-01,-5.668557882308959961e-01,8.271218538284301758e-01,5.185579508543014526e-02,-2.742694318294525146e-01,1.014217585325241089e-01,-1.572497606277465820e+00,-1.284990787506103516e+00,6.986231803894042969e-01,3.392356634140014648e-01,8.977803587913513184e-02,-2.655414938926696777e-01,-5.609112381935119629e-01
9.011755450270496348e-02,-8.913366681036467842e-02,8.953361511230468750e-01,-6.717691197991371155e-03,2.749773114919662476e-02,6.491070389747619629e-01,7.601702809333801270e-01,-3.334124088287353516e-01,5.667086690664291382e-02,1.672882139682769775e-01,4.601682722568511963e-01,-9.806028567254543304e-03,-7.408054172992706299e-02,-3.452512323856353760e-01,-1.694088876247406006e-01,-2.841889858245849609e-01,5.053039789199829102e-01,-1.382310781627893448e-02,5.503437668085098267e-02,-5.474302917718887329e-03,1.046592369675636292e-02,4.028034806251525879e-01,1.562002599239349365e-01,7.060929536819458008e-01,-5.611131191253662109e-01,8.284365534782409668e-01,6.825310736894607544e-02,-2.705683708190917969e-01,7.374150305986404419e-02,-1.522113442420959473e+00,-1.258745193481445312e+00,6.672445535659790039e-01,2.959854006767272949e-01,6.922382116317749023e-02,-2.582500576972961426e-01,-5.730277895927429199e-01
8.998195755367095761e-02,-5.751405763798035642e-02,8.656644821166992188e-01,-2.915784949436783791e-03,2.680113352835178375e-02,6.521882414817810059e-01,7.575775384902954102e-01,-2.880264222621917725e-01,5.018273741006851196e-02,1.701382547616958618e-01,3.825689256191253662e-01,-4.805240035057067871e-02,-5.906825140118598938e-02,-2.965453267097473145e-01,-1.667089909315109253e-01,-2.907240390777587891e-01,4.114290475845336914e-01,-3.345349803566932678e-02,5.765000358223915100e-02,-7.554059848189353943e-03,1.832911558449268341e-02,3.956982493400573730e-01,1.836776137351989746e-01,6.912938952445983887e-01,-5.627756714820861816e-01,8.306408524513244629e-01,7.675465196371078491e-02,-2.686457335948944092e-01,6.018842756748199463e-02,-1.480096220970153809e+00,-1.240205883979797363e+00,6.580935120582580566e-01,2.763309478759765625e-01,7.061371952295303345e-02,-2.574807107448577881e-01,-5.700682997703552246e-01
8.765615067946222472e-02,-3.799512500588137637e-02,8.397578597068786621e-01,1.385780400596559048e-03,2.030683495104312897e-02,6.573039889335632324e-01,7.533506155014038086e-01,-2.624121606349945068e-01,5.357227846980094910e-02,1.586471498012542725e-01,3.897524178028106689e-01,-1.241032108664512634e-01,-2.531472966074943542e-02,-2.544404566287994385e-01,-1.626195907592773438e-01,-2.768339514732360840e-01,3.923401832580566406e-01,-8.666276931762695312e-02,4.110768437385559082e-02,-2.764680981636047363e-02,9.994979016482830048e-03,4.198185205459594727e-01,1.850410103797912598e-01,6.713781952857971191e-01,-5.188609361648559570e-01,8.404876589775085449e-01,8.105573058128356934e-02,-2.536318898200988770e-01,2.771458402276039124e-02,-1.262316226959228516e+00,-1.188007593154907227e+00,4.856455326080322266e-01,1.509406715631484985e-01,1.135109644383192062e-02,-2.334325313568115234e-01,-5.817546844482421875e-01
9.103036578744649887e-02,-3.697328481939621270e-02,8.167293071746826172e-01,-1.762184314429759979e-03,2.140097692608833313e-02,6.643677353858947754e-01,7.470973134040832520e-01,-2.832541167736053467e-01,5.336691066622734070e-02,1.442314386367797852e-01,4.681236743927001953e-01,-2.421161532402038574e-01,2.211153134703636169e-02,-2.640917599201202393e-01,-1.610147655010223389e-01,-2.548040151596069336e-01,4.722222685813903809e-01,-2.079660147428512573e-01,5.982171278446912766e-03,-2.322356216609477997e-02,1.704252208583056927e-03,4.036251008510589600e-01,1.636924296617507935e-01,6.777884364128112793e-01,-5.062053203582763672e-01,8.567448854446411133e-01,6.623764336109161377e-02,-2.413867712020874023e-01,3.426784649491310120e-02,-1.131914377212524414e+00,-1.130743980407714844e+00,3.672158718109130859e-01,1.131488755345344543e-01,-1.464337809011340141e-03,-2.387861609458923340e-01,-6.148058772087097168e-01
9.127485275698396516e-02,-3.546888793173891274e-02,8.093665838241577148e-01,1.666907191975042224e-04,1.961714401841163635e-02,6.691010594367980957e-01,7.429124116897583008e-01,-3.142744600772857666e-01,5.902105569839477539e-02,1.392317861318588257e-01,5.597131252288818359e-01,-3.312617838382720947e-01,5.065747350454330444e-02,-2.863153815269470215e-01,-1.658385843038558960e-01,-2.367828339338302612e-01,5.555295944213867188e-01,-3.247266709804534912e-01,-3.973033651709556580e-02,-2.144744433462619781e-02,-3.255136776715517044e-03,3.960140943527221680e-01,1.363206356763839722e-01,6.742923259735107422e-01,-5.060309767723083496e-01,8.633921146392822266e-01,5.771955475211143494e-02,-2.333044707775115967e-01,4.363928362727165222e-02,-1.017408847808837891e+00,-1.086060881614685059e+00,3.270524740219116211e-01,1.106668487191200256e-01,1.983909402042627335e-03,-2.447606176137924194e-01,-5.903739929199218750e-01
9.196353589112941929e-02,-2.495219916678392130e-02,7.881823778152465820e-01,5.611922126263380051e-03,1.242084056138992310e-02,6.758126616477966309e-01,7.369474172592163086e-01,-3.704980611801147461e-01,6.804046779870986938e-02,1.229187101125717163e-01,7.005242109298706055e-01,-4.003380835056304932e-01,7.385317236185073853e-02,-3.311754465103149414e-01,-1.726699322462081909e-01,-2.195476740598678589e-01,6.948677897453308105e-01,-4.198845028877258301e-01,-6.849615275859832764e-02,-2.257935889065265656e-02,-7.434427272528409958e-03,3.949996531009674072e-01,7.308884710073471069e-02,6.576769351959228516e-01,-5.152540206909179688e-01,8.794941306114196777e-01,7.583018392324447632e-02,-2.197791785001754761e-01,8.178301155567169189e-02,-8.901947140693664551e-01,-1.025240898132324219e+00,3.322378396987915039e-01,1.709909588098526001e-01,1.143447030335664749e-02,-2.407009154558181763e-01,-5.433708429336547852e-01
8.971645185150779744e-02,-1.914052387627844520e-02,7.699747085571289062e-01,1.159918960183858871e-02,3.055792301893234253e-03,6.814228892326354980e-01,7.317916154861450195e-01,-4.213904738426208496e-01,7.454755157232284546e-02,1.109413430094718933e-01,8.254742026329040527e-01,-4.605965018272399902e-01,8.966661989688873291e-02,-3.717287480831146240e-01,-1.766272783279418945e-01,-2.030434012413024902e-01,8.115864992141723633e-01,-4.893656969070434570e-01,-7.951074093580245972e-02,-1.794658601284027100e-02,-1.049204915761947632e-02,3.959206640720367432e-01,-1.383780501782894135e-02,6.235894560813903809e-01,-5.297412276268005371e-01,9.266598224639892578e-01,9.813368320465087891e-02,-1.984530687332153320e-01,1.196572706103324890e-01,-7.916968464851379395e-01,-9.456357955932617188e-01,3.789421916007995605e-01,2.918278574943542480e-01,1.679981686174869537e-02,-2.241240888833999634e-01,-4.657660722732543945e-01
9.033027155181536094e-02,-7.937889725256427886e-03,7.536070942878723145e-01,1.477793790400028229e-02,-4.960093181580305099e-03,6.886000633239746094e-01,7.249737977981567383e-01,-4.779213666915893555e-01,8.106777071952819824e-02,1.016693562269210815e-01,9.412660598754882812e-01,-4.868665635585784912e-01,9.209170192480087280e-02,-4.178048074245452881e-01,-1.892023086547851562e-01,-2.038736939430236816e-01,9.234405159950256348e-01,-5.112380385398864746e-01,-7.183945178985595703e-02,-1.111736614257097244e-02,-8.954029530286788940e-03,3.959749341011047363e-01,-1.201647967100143433e-01,5.776314139366149902e-01,-5.375310778617858887e-01,9.892862439155578613e-01,1.049620807170867920e-01,-1.649952083826065063e-01,1.476380079984664917e-01,-7.109124660491943359e-01,-8.538367748260498047e-01,4.385963678359985352e-01,4.201110005378723145e-01,8.398327627219259739e-04,-1.927982419729232788e-01,-3.808968365192413330e-01
9.003135042551618783e-02,-1.719556157835401555e-03,7.385225296020507812e-01,2.121408469974994659e-02,-8.347484283149242401e-03,6.951447129249572754e-01,7.185082435607910156e-01,-5.204797983169555664e-01,8.271925151348114014e-02,8.943694829940795898e-02,1.034808158874511719e+00,-4.762786328792572021e-01,7.822261005640029907e-02,-4.538964331150054932e-01,-2.023710608482360840e-01,-2.053637504577636719e-01,1.021978139877319336e+00,-5.126509070396423340e-01,-6.540495902299880981e-02,5.851563066244125366e-03,-4.129591980017721653e-04,4.017985165119171143e-01,-2.305343151092529297e-01,5.468522310256958008e-01,-5.588096380233764648e-01,1.010986328125000000e+00,1.074809208512306213e-01,-1.509204208850860596e-01,1.718652248382568359e-01,-6.428672075271606445e-01,-7.663340568542480469e-01,5.298917889595031738e-01,6.191928982734680176e-01,-3.403644263744354248e-02,-1.560873240232467651e-01,-2.649788558483123779e-01
9.189953497396065318e-02,-3.802875558344215312e-03,7.353422641754150391e-01,2.300315909087657928e-02,-8.367408066987991333e-03,6.994097828865051270e-01,7.143016457557678223e-01,-5.409162044525146484e-01,7.969426363706588745e-02,8.343327790498733521e-02,1.073524713516235352e+00,-4.814283847808837891e-01,7.959656417369842529e-02,-4.737170636653900146e-01,-2.077557742595672607e-01,-2.018298506736755371e-01,1.067590832710266113e+00,-5.166301727294921875e-01,-6.635913997888565063e-02,4.731087014079093933e-03,4.750470165163278580e-03,4.007750749588012695e-01,-3.080031573772430420e-01,5.405253767967224121e-01,-5.724344849586486816e-01,9.956343173980712891e-01,8.816339820623397827e-02,-1.497600823640823364e-01,1.841640174388885498e-01,-5.892726778984069824e-01,-7.139516472816467285e-01,5.756875872611999512e-01,7.009031772613525391e-01,-4.227991029620170593e-02,-1.533754169940948486e-01,-2.059925645589828491e-01
9.347807075111912167e-02,-7.259526952671319089e-03,7.314084768295288086e-01,2.577855065464973450e-02,-9.918977506458759308e-03,7.056478857994079590e-01,7.080240845680236816e-01,-5.524262785911560059e-01,7.011146098375320435e-02,7.545330375432968140e-02,1.090735316276550293e+00,-4.665225148200988770e-01,7.023047655820846558e-02,-4.862620830535888672e-01,-2.193611413240432739e-01,-2.045847028493881226e-01,1.099521875381469727e+00,-4.920340776443481445e-01,-6.174566596746444702e-02,1.156404428184032440e-02,1.408587768673896790e-02,4.054396152496337891e-01,-4.054257869720458984e-01,5.453388690948486328e-01,-5.980376005172729492e-01,9.467901587486267090e-01,7.482401281595230103e-02,-1.528412550687789917e-01,2.034972459077835083e-01,-5.187558531761169434e-01,-6.567776799201965332e-01,6.384314298629760742e-01,7.919446229934692383e-01,-6.481978297233581543e-02,-1.452451497316360474e-01,-1.261200606822967529e-01
9.477038502406615050e-02,-1.756209217441769693e-02,7.331026792526245117e-01,2.815903536975383759e-02,-1.170909684151411057e-02,7.110687494277954102e-01,7.024608254432678223e-01,-5.469158291816711426e-01,6.183752790093421936e-02,7.352527230978012085e-02,1.073166847229003906e+00,-4.515066444873809814e-01,6.283415853977203369e-02,-4.846901297569274902e-01,-2.278812378644943237e-01,-2.101080417633056641e-01,1.098629951477050781e+00,-4.636371731758117676e-01,-6.053940951824188232e-02,1.338238641619682312e-02,1.886844262480735779e-02,4.083473682403564453e-01,-4.999335110187530518e-01,5.712585449218750000e-01,-6.284050941467285156e-01,8.630664944648742676e-01,6.317809224128723145e-02,-1.630584001541137695e-01,2.208842337131500244e-01,-4.475948214530944824e-01,-6.112565994262695312e-01,6.871894001960754395e-01,8.368150591850280762e-01,-8.146242052316665649e-02,-1.442600488662719727e-01,-6.866011768579483032e-02
9.667382571989527329e-02,-2.882456598588480773e-02,7.386372685432434082e-01,2.898603491485118866e-02,-1.297381892800331116e-02,7.158865928649902344e-01,6.974940299987792969e-01,-5.281079411506652832e-01,5.620307475328445435e-02,7.497800886631011963e-02,1.027780532836914062e+00,-4.382723271846771240e-01,5.993831157684326172e-02,-4.739091694355010986e-01,-2.327689677476882935e-01,-2.189994901418685913e-01,1.074302434921264648e+00,-4.276964664459228516e-01,-5.818062275648117065e-02,9.932903572916984558e-03,2.139240689575672150e-02,4.099986851215362549e-01,-6.005253791809082031e-01,6.087975502014160156e-01,-6.474652290344238281e-01,7.777099609375000000e-01,4.671828448772430420e-02,-1.670341640710830688e-01,2.461883574724197388e-01,-3.721018433570861816e-01,-5.799696445465087891e-01,7.235744595527648926e-01,8.534164428710937500e-01,-9.316854923963546753e-02,-1.426578015089035034e-01,-2.824016846716403961e-02
9.659814634002171496e-02,-4.166137547536682278e-02,7.479606866836547852e-01,3.003207594156265259e-02,-1.422044355422258377e-02,7.196651101112365723e-01,6.935257911682128906e-01,-5.019161701202392578e-01,5.207749456167221069e-02,7.839202880859375000e-02,9.616740942001342773e-01,-4.072585999965667725e-01,4.989924654364585876e-02,-4.581727087497711182e-01,-2.343081533908843994e-01,-2.292615473270416260e-01,1.030890941619873047e+00,-3.770318031311035156e-01,-5.437167361378669739e-02,2.358926925808191299e-03,2.229419536888599396e-02,4.129214286804199219e-01,-6.977416276931762695e-01,6.480123400688171387e-01,-6.673343777656555176e-01,7.020505070686340332e-01,2.739094197750091553e-02,-1.693306714296340942e-01,2.735451459884643555e-01,-3.048417568206787109e-01,-5.538477301597595215e-01,7.451649904251098633e-01,8.640201687812805176e-01,-8.928576111793518066e-02,-1.387494951486587524e-01,-8.298700675368309021e-03
9.763486099501068882e-02,-4.435735699147559663e-02,7.537057399749755859e-01,3.126719221472740173e-02,-1.671792007982730865e-02,7.219275832176208496e-01,6.910596489906311035e-01,-4.727778434753417969e-01,5.006100237369537354e-02,7.978365570306777954e-02,8.969274759292602539e-01,-3.536675870418548584e-01,3.540567681193351746e-02,-4.405220448970794678e-01,-2.311627715826034546e-01,-2.364491820335388184e-01,9.857990741729736328e-01,-3.039205074310302734e-01,-4.399976134300231934e-02,-7.431515958160161972e-03,2.179780229926109314e-02,4.187134206295013428e-01,-7.677984833717346191e-01,6.791986227035522461e-01,-6.845976710319519043e-01,6.684120893478393555e-01,1.927219703793525696e-02,-1.662308424711227417e-01,2.854260802268981934e-01,-2.566195130348205566e-01,-5.369586944580078125e-01,7.484931945800781250e-01,8.791145086288452148e-01,-7.635403424501419067e-02,-1.345016211271286011e-01,4.073498304933309555e-03
9.944736735465434241e-02,-5.870474463042158614e-02,7.668176293373107910e-01,2.993172779679298401e-02,-1.550231780856847763e-02,7.238864302635192871e-01,6.890951991081237793e-01,-4.318565428256988525e-01,5.236409604549407959e-02,8.548056334257125854e-02,7.965245842933654785e-01,-3.052782118320465088e-01,2.161662094295024872e-02,-4.187133014202117920e-01,-2.238209694623947144e-01,-2.510381340980529785e-01,9.172616600990295410e-01,-2.330211549997329712e-01,-3.356026858091354370e-02,-2.390670776367187500e-02,2.190015278756618500e-02,4.189355671405792236e-01,-8.612307310104370117e-01,7.195673584938049316e-01,-7.052558660507202148e-01,6.323080658912658691e-01,1.202521286904811859e-02,-1.661530286073684692e-01,3.015767335891723633e-01,-1.964689493179321289e-01,-5.238001346588134766e-01,7.542555332183837891e-01,8.777071833610534668e-01,-6.099747866392135620e-02,-1.299004852771759033e-01,1.487256586551666260e-02
1.017131893895566463e-01,-7.537510688416659832e-02,7.808870673179626465e-01,2.697102911770343781e-02,-1.550721470266580582e-02,7.260087132453918457e-01,6.869813799858093262e-01,-3.870080113410949707e-01,5.228918418288230896e-02,8.467653393745422363e-02,6.846149563789367676e-01,-2.392293959856033325e-01,5.460373125970363617e-03,-3.991703093051910400e-01,-2.109379470348358154e-01,-2.598839402198791504e-01,8.411029577255249023e-01,-1.414314508438110352e-01,-1.562665961682796478e-02,-4.391285777091979980e-02,2.030519396066665649e-02,4.214476048946380615e-01,-9.417998790740966797e-01,7.592861652374267578e-01,-7.250192165374755859e-01,6.010634899139404297e-01,1.250975206494331360e-02,-1.639479547739028931e-01,3.243753015995025635e-01,-1.337463706731796265e-01,-5.156435370445251465e-01,7.555707097053527832e-01,8.705112934112548828e-01,-4.945325478911399841e-02,-1.247305050492286682e-01,2.460520528256893158e-02
1.040930872639784510e-01,-8.349828042376500337e-02,7.971711158752441406e-01,2.093370072543621063e-02,-1.423457823693752289e-02,7.276723384857177734e-01,6.854575872421264648e-01,-3.356293737888336182e-01,5.878650397062301636e-02,8.416157215833663940e-02,5.676119923591613770e-01,-1.757112145423889160e-01,-9.714080952107906342e-03,-3.774831295013427734e-01,-1.826357692480087280e-01,-2.649300098419189453e-01,7.548460364341735840e-01,-9.059302508831024170e-02,-3.346701152622699738e-03,-6.677269935607910156e-02,2.461652830243110657e-02,4.185737669467926025e-01,-9.942456483840942383e-01,7.950525879859924316e-01,-7.460899949073791504e-01,5.795623660087585449e-01,2.338328398764133453e-02,-1.681963056325912476e-01,3.353606760501861572e-01,-8.316196501255035400e-02,-5.169618725776672363e-01,7.558205127716064453e-01,8.616498112678527832e-01,-4.294484481215476990e-02,-1.282359808683395386e-01,3.214215114712715149e-02
1.051005807418662757e-01,-9.958022003635191854e-02,8.138601779937744141e-01,1.327132619917392731e-02,-1.278078462928533554e-02,7.286021113395690918e-01,6.846893429756164551e-01,-2.801323831081390381e-01,6.514810770750045776e-02,7.636483758687973022e-02,4.348899424076080322e-01,-1.171044483780860901e-01,-1.921484246850013733e-02,-3.597477078437805176e-01,-1.373831182718276978e-01,-2.572437524795532227e-01,6.563170552253723145e-01,-9.951928257942199707e-02,1.061082584783434868e-03,-8.880248665809631348e-02,3.192056342959403992e-02,4.201240837574005127e-01,-1.046081662178039551e+00,8.354772329330444336e-01,-7.649658322334289551e-01,5.693362355232238770e-01,4.532184824347496033e-02,-1.656215190887451172e-01,3.492091298103332520e-01,-3.270089253783226013e-02,-5.287323594093322754e-01,7.516550421714782715e-01,8.396542668342590332e-01,-3.495703265070915222e-02,-1.317117810249328613e-01,4.392724111676216125e-02
1.056432026939896490e-01,-9.524855601529662319e-02,8.207355737686157227e-01,1.070843264460563660e-02,-1.612820103764533997e-02,7.306780815124511719e-01,6.824476122856140137e-01,-2.323094904422760010e-01,8.038803935050964355e-02,9.074889868497848511e-02,3.543271720409393311e-01,-5.992924794554710388e-02,-2.111054398119449615e-02,-3.384530544281005859e-01,-1.099705472588539124e-01,-2.542194426059722900e-01,6.014217138290405273e-01,-8.452943712472915649e-02,7.903438992798328400e-03,-1.096099168062210083e-01,3.222198411822319031e-02,4.299888312816619873e-01,-1.071183323860168457e+00,8.581260442733764648e-01,-7.875211834907531738e-01,5.692913532257080078e-01,5.728811025619506836e-02,-1.653215140104293823e-01,3.453668057918548584e-01,-1.050305552780628204e-03,-5.310277938842773438e-01,7.403616905212402344e-01,8.362401723861694336e-01,-2.226236462593078613e-02,-1.260942667722702026e-01,5.282143130898475647e-02
1.072089234725213946e-01,-1.014646863958870021e-01,8.347345590591430664e-01,4.473062232136726379e-03,-1.192646473646163940e-02,7.312052845954895020e-01,6.820385456085205078e-01,-1.909382492303848267e-01,8.779057115316390991e-02,1.075921282172203064e-01,2.648164033889770508e-01,-1.283702533692121506e-02,-2.596525475382804871e-02,-3.139999508857727051e-01,-9.321010112762451172e-02,-2.637685239315032959e-01,5.175496935844421387e-01,-4.364184290170669556e-02,2.005215547978878021e-02,-1.254560649394989014e-01,3.440530598163604736e-02,4.318903088569641113e-01,-1.093076944351196289e+00,8.819240331649780273e-01,-8.067287802696228027e-01,5.720989108085632324e-01,7.216333597898483276e-02,-1.642389148473739624e-01,3.452675342559814453e-01,2.638006024062633514e-02,-5.435391664505004883e-01,7.289430499076843262e-01,8.229433894157409668e-01,-1.085395365953445435e-02,-1.247499734163284302e-01,6.234295293688774109e-02
1.094772265507624742e-01,-1.049399158129325216e-01,8.474853038787841797e-01,1.174060278572142124e-03,-8.434570394456386566e-03,7.323853969573974609e-01,6.808370351791381836e-01,-1.572298109531402588e-01,8.748970180749893188e-02,1.239898130297660828e-01,2.088461369276046753e-01,3.130818530917167664e-02,-3.420361876487731934e-02,-2.879776656627655029e-01,-8.342580497264862061e-02,-2.661184966564178467e-01,4.480383694171905518e-01,4.012622404843568802e-03,3.744881227612495422e-02,-1.393207013607025146e-01,3.211493790149688721e-02,4.307633638381958008e-01,-1.096711993217468262e+00,8.978546261787414551e-01,-8.239519596099853516e-01,5.672462582588195801e-01,8.533753454685211182e-02,-1.669777482748031616e-01,3.398550450801849365e-01,5.063745006918907166e-02,-5.567445755004882812e-01,7.130450010299682617e-01,8.124939203262329102e-01,-1.065048296004533768e-02,-1.216835379600524902e-01,6.787738949060440063e-02
1.113903977048511657e-01,-1.057369818803496064e-01,8.568159937858581543e-01,1.849481137469410896e-03,-1.928320736624300480e-03,7.331809401512145996e-01,6.800283193588256836e-01,-1.285520493984222412e-01,7.188530266284942627e-02,1.374252438545227051e-01,1.843877881765365601e-01,4.918568208813667297e-02,-4.118021950125694275e-02,-2.607628405094146729e-01,-8.504016697406768799e-02,-2.621536254882812500e-01,3.728604018688201904e-01,4.564053192734718323e-02,5.209357663989067078e-02,-1.493138521909713745e-01,2.008631080389022827e-02,4.245261847972869873e-01,-1.076185703277587891e+00,9.037916660308837891e-01,-8.334270119667053223e-01,5.623697638511657715e-01,9.384535253047943115e-02,-1.728588789701461792e-01,3.319023549556732178e-01,6.379783153533935547e-02,-5.678567290306091309e-01,6.878838539123535156e-01,8.041977286338806152e-01,-9.480865672230720520e-03,-1.195154041051864624e-01,6.750510632991790771e-02
1.132135211418454496e-01,-9.631160922491779908e-02,8.612833023071289062e-01,5.379024893045425415e-03,6.327730137854814529e-03,7.342002987861633301e-01,6.788821220397949219e-01,-1.002520397305488586e-01,4.425926506519317627e-02,1.468654721975326538e-01,1.971275508403778076e-01,4.170583561062812805e-02,-4.085540026426315308e-02,-2.302594333887100220e-01,-9.668007493019104004e-02,-2.486768364906311035e-01,3.032730519771575928e-01,6.969743967056274414e-02,5.715635418891906738e-02,-1.559694409370422363e-01,3.159828949719667435e-03,4.114363193511962891e-01,-1.045080184936523438e+00,8.993657231330871582e-01,-8.375582695007324219e-01,5.553624629974365234e-01,1.071754470467567444e-01,-1.822755187749862671e-01,3.222527503967285156e-01,7.375236600637435913e-02,-5.763484835624694824e-01,6.627082824707031250e-01,8.014647364616394043e-01,-1.622078008949756622e-02,-1.206624209880828857e-01,6.787490099668502808e-02
1.138682221778883341e-01,-8.840178524573835683e-02,8.609440922737121582e-01,8.691122755408287048e-03,1.126270648092031479e-02,7.340379357337951660e-01,6.789594292640686035e-01,-7.842370867729187012e-02,2.543024532496929169e-02,1.450943648815155029e-01,2.194248288869857788e-01,2.054638415575027466e-02,-3.097872808575630188e-02,-2.103669345378875732e-01,-1.078084334731101990e-01,-2.364995628595352173e-01,2.659375071525573730e-01,6.389261782169342041e-02,6.014491245150566101e-02,-1.579848527908325195e-01,-1.239485759288072586e-02,3.900856673717498779e-01,-1.009882926940917969e+00,8.966785669326782227e-01,-8.353067636489868164e-01,5.519335865974426270e-01,1.133638024330139160e-01,-1.908792406320571899e-01,3.109515011310577393e-01,8.269736915826797485e-02,-5.831842422485351562e-01,6.352723836898803711e-01,8.073352575302124023e-01,-1.928790099918842316e-02,-1.204135492444038391e-01,6.855367124080657959e-02
1.160272997445785104e-01,-8.069638284639671366e-02,8.600618839263916016e-01,1.317957043647766113e-02,1.735579594969749451e-02,7.333080172538757324e-01,6.795472502708435059e-01,-6.096487864851951599e-02,5.417739972472190857e-03,1.539178788661956787e-01,2.756796181201934814e-01,-1.465774048119783401e-02,-1.436690986156463623e-02,-1.974884718656539917e-01,-1.266752034425735474e-01,-2.303119301795959473e-01,2.460825443267822266e-01,3.479460626840591431e-02,5.004793033003807068e-02,-1.569301784038543701e-01,-3.137839585542678833e-02,3.645736873149871826e-01,-9.554750919342041016e-01,8.844806551933288574e-01,-8.302025794982910156e-01,5.489050745964050293e-01,1.084770336747169495e-01,-2.029582560062408447e-01,2.981407940387725830e-01,7.951200008392333984e-02,-5.935750007629394531e-01,5.991747975349426270e-01,8.216286301612854004e-01,-1.883856020867824554e-02,-1.241934597492218018e-01,6.218924000859260559e-02
1.171787011866959188e-01,-6.844286292863008270e-02,8.540209531784057617e-01,1.119240373373031616e-02,2.166260592639446259e-02,7.314480543136596680e-01,6.814610362052917480e-01,-4.817163571715354919e-02,1.152607655967585742e-04,1.470651924610137939e-01,3.172543942928314209e-01,-8.455979079008102417e-02,1.300205849111080170e-02,-2.045907676219940186e-01,-1.298994123935699463e-01,-2.066818177700042725e-01,2.661197483539581299e-01,-5.464060977101325989e-02,4.402584582567214966e-02,-1.592049747705459595e-01,-3.664299100637435913e-02,3.374114930629730225e-01,-8.941965699195861816e-01,8.713217973709106445e-01,-8.082389831542968750e-01,5.544913411140441895e-01,1.026014015078544617e-01,-2.100713700056076050e-01,2.811186015605926514e-01,6.165596842765808105e-02,-6.121367812156677246e-01,5.637242197990417480e-01,8.509641289710998535e-01,-2.652378752827644348e-02,-1.261796951293945312e-01,4.982192814350128174e-02
1.200999880496125966e-01,-5.964472578265346547e-02,8.444908857345581055e-01,6.270034238696098328e-03,2.081837505102157593e-02,7.263446450233459473e-01,6.869866847991943359e-01,-3.523803874850273132e-02,1.651692017912864685e-02,1.623558998107910156e-01,3.347899019718170166e-01,-1.824912726879119873e-01,4.565262794494628906e-02,-2.139362990856170654e-01,-1.347084194421768188e-01,-2.241933345794677734e-01,3.174616396427154541e-01,-1.390085369348526001e-01,3.295790776610374451e-02,-1.621766537427902222e-01,-3.317241743206977844e-02,3.105942010879516602e-01,-8.209422826766967773e-01,8.711853623390197754e-01,-7.911227941513061523e-01,5.755892395973205566e-01,1.069028005003929138e-01,-2.138595879077911377e-01,2.524129152297973633e-01,2.388097904622554779e-02,-6.314634680747985840e-01,5.300221443176269531e-01,8.831413388252258301e-01,-3.416300192475318909e-02,-1.256644874811172485e-01,2.570548653602600098e-02
1.211546511532595460e-01,-5.322768383372861872e-02,8.364374041557312012e-01,2.074893796816468239e-03,1.813854463398456573e-02,7.213143110275268555e-01,6.923671960830688477e-01,-3.221477195620536804e-02,3.144782409071922302e-02,1.689317971467971802e-01,3.596014380455017090e-01,-2.710362374782562256e-01,7.209245115518569946e-02,-2.376489490270614624e-01,-1.296930909156799316e-01,-2.231614291667938232e-01,3.844065368175506592e-01,-1.875002086162567139e-01,2.551632374525070190e-02,-1.662631481885910034e-01,-2.927420474588871002e-02,2.919216156005859375e-01,-7.187175154685974121e-01,8.620935678482055664e-01,-7.671534419059753418e-01,6.075943708419799805e-01,1.219503432512283325e-01,-2.104555964469909668e-01,2.148121744394302368e-01,-3.625715896487236023e-02,-6.529295444488525391e-01,4.914514422416687012e-01,9.145093560218811035e-01,-4.631675779819488525e-02,-1.239616349339485168e-01,-6.213839631527662277e-03
1.176613457500934601e-01,-6.082507222890853882e-02,8.335587382316589355e-01,-7.742882007732987404e-04,1.986212655901908875e-02,7.184441685676574707e-01,6.953005194664001465e-01,-3.632258251309394836e-02,4.105708003044128418e-02,1.765303611755371094e-01,3.739484548568725586e-01,-3.074819743633270264e-01,8.217118680477142334e-02,-2.523518800735473633e-01,-1.239436268806457520e-01,-2.137168943881988525e-01,4.145286679267883301e-01,-2.155972868204116821e-01,2.330766990780830383e-02,-1.702230125665664673e-01,-2.898782864212989807e-02,2.768174409866333008e-01,-6.267858743667602539e-01,8.525914549827575684e-01,-7.531717419624328613e-01,6.338866353034973145e-01,1.391308903694152832e-01,-2.106258124113082886e-01,1.816591024398803711e-01,-8.987416326999664307e-02,-6.817194223403930664e-01,4.637672007083892822e-01,9.132885932922363281e-01,-6.265515834093093872e-02,-1.283728927373886108e-01,-3.899120539426803589e-02
1.201254798887440856e-01,-7.189509195562165944e-02,8.303746581077575684e-01,-3.679031506180763245e-03,1.949637383222579956e-02,7.141839861869812012e-01,6.996767520904541016e-01,-4.036790132522583008e-02,5.726601183414459229e-02,1.938128918409347534e-01,3.867034018039703369e-01,-3.012464642524719238e-01,7.851661741733551025e-02,-2.655145525932312012e-01,-1.130488216876983643e-01,-2.005860954523086548e-01,4.438089132308959961e-01,-2.029518634080886841e-01,2.911711856722831726e-02,-1.706485450267791748e-01,-3.162729367613792419e-02,2.684887051582336426e-01,-4.867300987243652344e-01,8.388800024986267090e-01,-7.525412440299987793e-01,6.958159804344177246e-01,1.509917080402374268e-01,-2.020566314458847046e-01,1.118524372577667236e-01,-1.619464755058288574e-01,-7.096219062805175781e-01,4.148756563663482666e-01,9.173312187194824219e-01,-4.043325781822204590e-02,-1.217099651694297791e-01,-7.101695239543914795e-02
1.224558314021963329e-01,-8.615473690084540781e-02,8.329941630363464355e-01,-4.376914817839860916e-03,2.510836161673069000e-02,7.090766429901123047e-01,7.046706676483154297e-01,-6.290783733129501343e-02,7.151835411787033081e-02,2.122958302497863770e-01,4.321566224098205566e-01,-2.186103165149688721e-01,5.847888067364692688e-02,-2.608113884925842285e-01,-1.053473055362701416e-01,-1.862353086471557617e-01,4.429682493209838867e-01,-1.854665279388427734e-01,1.768713630735874176e-02,-1.595401763916015625e-01,-4.066300764679908752e-02,2.755242586135864258e-01,-3.540451526641845703e-01,8.292397856712341309e-01,-7.606565356254577637e-01,7.410967946052551270e-01,1.620423495769500732e-01,-2.059554904699325562e-01,5.092020705342292786e-02,-2.277909666299819946e-01,-7.575522065162658691e-01,3.803976178169250488e-01,8.997889757156372070e-01,-9.955060668289661407e-04,-1.268019527196884155e-01,-9.488607943058013916e-02
1.296745833510962731e-01,-8.720453411269074584e-02,8.379237055778503418e-01,4.477143287658691406e-03,3.315680474042892456e-02,7.043784260749816895e-01,7.090356945991516113e-01,-1.221957653760910034e-01,7.575432211160659790e-02,2.301087677478790283e-01,5.384480357170104980e-01,-1.569272279739379883e-01,4.826396331191062927e-02,-2.356544882059097290e-01,-1.204059049487113953e-01,-1.756172031164169312e-01,4.238052964210510254e-01,-1.614336520433425903e-01,-9.801974520087242126e-03,-1.402263790369033813e-01,-6.507251411676406860e-02,2.942922711372375488e-01,-2.468758523464202881e-01,8.368402719497680664e-01,-7.859547734260559082e-01,7.474155426025390625e-01,1.865419447422027588e-01,-2.248297333717346191e-01,9.167416952550411224e-03,-2.828738689422607422e-01,-8.219333887100219727e-01,3.661208748817443848e-01,8.601821660995483398e-01,2.625467441976070404e-02,-1.368398368358612061e-01,-1.155307069420814514e-01
1.362952920966423453e-01,-8.365188044710801518e-02,8.444254994392395020e-01,1.813383959233760834e-02,4.226806759834289551e-02,6.986408233642578125e-01,7.139926552772521973e-01,-2.189831435680389404e-01,6.725102663040161133e-02,2.408368438482284546e-01,7.293500304222106934e-01,-1.342397183179855347e-01,4.574809968471527100e-02,-2.111530750989913940e-01,-1.531286984682083130e-01,-1.847676187753677368e-01,4.042430222034454346e-01,-1.306885927915573120e-01,-4.003706946969032288e-02,-1.057896092534065247e-01,-9.682568162679672241e-02,3.185051679611206055e-01,-1.568502932786941528e-01,8.597096204757690430e-01,-8.058787584304809570e-01,7.214557528495788574e-01,1.972802877426147461e-01,-2.600185275077819824e-01,-3.860673168674111366e-03,-3.242688477039337158e-01,-9.084427952766418457e-01,3.585025072097778320e-01,8.100969195365905762e-01,4.910920187830924988e-02,-1.511377096176147461e-01,-1.358659714460372925e-01
1.377087453595147726e-01,-7.838571990410295176e-02,8.473523259162902832e-01,2.850558049976825714e-02,4.500512033700942993e-02,6.946364045143127441e-01,7.173857092857360840e-01,-2.870626449584960938e-01,5.828621610999107361e-02,2.534296214580535889e-01,8.301550149917602539e-01,-1.103528812527656555e-01,3.534950315952301025e-02,-1.950664371252059937e-01,-1.827008277177810669e-01,-2.077175080776214600e-01,3.945287466049194336e-01,-5.427498742938041687e-02,-3.282802179455757141e-02,-7.536324113607406616e-02,-1.144652590155601501e-01,3.354142904281616211e-01,-8.718891441822052002e-02,8.809828758239746094e-01,-8.184026479721069336e-01,6.805885434150695801e-01,1.805343031883239746e-01,-2.865841984748840332e-01,-1.326856389641761780e-02,-3.512135446071624756e-01,-9.677346348762512207e-01,3.464809060096740723e-01,7.852814197540283203e-01,7.008003443479537964e-02,-1.596079468727111816e-01,-1.464865356683731079e-01
1.417269365002329640e-01,-8.372030503904590026e-02,8.538099527359008789e-01,3.555282205343246460e-02,4.564111307263374329e-02,6.931667327880859375e-01,7.184516191482543945e-01,-3.550369143486022949e-01,4.189244657754898071e-02,2.750432491302490234e-01,8.851159214973449707e-01,-8.110588043928146362e-02,2.516232430934906006e-02,-1.929276436567306519e-01,-2.058528214693069458e-01,-2.322046607732772827e-01,3.924392759799957275e-01,5.955238640308380127e-02,-2.641876228153705597e-02,-4.614578559994697571e-02,-1.227102950215339661e-01,3.629575967788696289e-01,-1.702558062970638275e-02,9.110742807388305664e-01,-8.303163647651672363e-01,5.937297940254211426e-01,1.173642277717590332e-01,-3.201794624328613281e-01,-1.837983727455139160e-02,-3.778116405010223389e-01,-1.030829310417175293e+00,3.278121650218963623e-01,7.538189291954040527e-01,1.064666137099266052e-01,-1.747339367866516113e-01,-1.675672978162765503e-01
1.444449268209819504e-01,-8.999070544870427235e-02,8.629302978515625000e-01,3.153504431247711182e-02,3.287680819630622864e-02,6.956861019134521484e-01,7.168999314308166504e-01,-3.775600492954254150e-01,1.656081154942512512e-02,2.623606026172637939e-01,7.819998860359191895e-01,-3.570649400353431702e-02,9.896893054246902466e-03,-2.222738862037658691e-01,-1.737617999315261841e-01,-1.939263939857482910e-01,4.205963909626007080e-01,1.837496757507324219e-01,3.455241024494171143e-02,-3.172766417264938354e-02,-9.579508006572723389e-02,4.009366333484649658e-01,4.999356344342231750e-02,9.285327196121215820e-01,-8.392451405525207520e-01,4.881266057491302490e-01,4.571984708309173584e-02,-3.321990668773651123e-01,-3.215512633323669434e-02,-4.110929965972900391e-01,-1.062414288520812988e+00,3.128568828105926514e-01,7.292196750640869141e-01,1.188399195671081543e-01,-1.784860044717788696e-01,-1.961337029933929443e-01
1.444291352079464796e-01,-9.894895868805739236e-02,8.700121045112609863e-01,1.393572241067886353e-02,7.466920651495456696e-03,6.911860108375549316e-01,7.225039601325988770e-01,-3.521420955657958984e-01,2.129503339529037476e-02,2.264074683189392090e-01,5.906330347061157227e-01,-5.528976675122976303e-03,-4.304678644984960556e-03,-2.628358900547027588e-01,-1.334849148988723755e-01,-1.754667758941650391e-01,4.689054489135742188e-01,2.124401181936264038e-01,7.940727472305297852e-02,-1.616223342716693878e-02,-3.620007261633872986e-02,4.345037937164306641e-01,8.906559646129608154e-02,9.331231713294982910e-01,-8.634179234504699707e-01,3.937022387981414795e-01,3.295473754405975342e-03,-3.407514393329620361e-01,-3.756019473075866699e-02,-4.633743762969970703e-01,-1.061087965965270996e+00,3.183394670486450195e-01,7.092913985252380371e-01,1.096154376864433289e-01,-1.789420247077941895e-01,-2.349049448966979980e-01
1.450965618356489240e-01,-9.697648748540535490e-02,8.673675060272216797e-01,-9.204108268022537231e-03,-2.256561256945133209e-02,6.772487759590148926e-01,7.353503704071044922e-01,-3.069067299365997314e-01,6.591628491878509521e-02,2.157056480646133423e-01,4.097893834114074707e-01,-3.077007932006381452e-05,2.817498985677957535e-03,-2.855193912982940674e-01,-1.257195174694061279e-01,-2.004567235708236694e-01,5.037748217582702637e-01,1.925748437643051147e-01,9.537810832262039185e-02,6.845307536423206329e-03,3.537903726100921631e-02,4.585775136947631836e-01,1.064338609576225281e-01,9.174471497535705566e-01,-8.854852914810180664e-01,3.299030959606170654e-01,-2.179041132330894470e-02,-3.329172134399414062e-01,-5.347638204693794250e-02,-5.296469926834106445e-01,-1.029449701309204102e+00,3.425494432449340820e-01,6.888438463211059570e-01,8.637309819459915161e-02,-1.665627509355545044e-01,-2.688025236129760742e-01
1.434372019452544444e-01,-9.757255178947862873e-02,8.614214062690734863e-01,-2.166778035461902618e-02,-3.863957524299621582e-02,6.685823798179626465e-01,7.423173785209655762e-01,-2.751852273941040039e-01,8.895824104547500610e-02,2.297111600637435913e-01,3.402039408683776855e-01,-1.838934049010276794e-02,1.884570717811584473e-02,-2.927706241607666016e-01,-1.452420055866241455e-01,-2.328264862298965454e-01,4.979513287544250488e-01,1.696451306343078613e-01,1.006383076310157776e-01,2.008631825447082520e-02,7.611898332834243774e-02,4.643009901046752930e-01,1.153234019875526428e-01,8.912153840065002441e-01,-9.031869173049926758e-01,2.919104993343353271e-01,-3.395713865756988525e-02,-3.260686695575714111e-01,-4.576898738741874695e-02,-5.758987069129943848e-01,-9.941034913063049316e-01,3.593395054340362549e-01,6.770415902137756348e-01,6.866495311260223389e-02,-1.560877263545989990e-01,-3.010832965373992920e-01
1.456416982512634406e-01,-8.534244532123781701e-02,8.468670248985290527e-01,-2.169840224087238312e-02,-4.535462707281112671e-02,6.606368422508239746e-01,7.490200996398925781e-01,-2.510002851486206055e-01,8.365193754434585571e-02,2.325226068496704102e-01,3.373595178127288818e-01,-9.895531088113784790e-02,5.607401579618453979e-02,-3.028124570846557617e-01,-2.175739407539367676e-01,-2.455991506576538086e-01,4.341273009777069092e-01,1.517540663480758667e-01,1.185884997248649597e-01,2.951736934483051300e-02,9.457965195178985596e-02,4.788019955158233643e-01,9.282159060239791870e-02,8.398633599281311035e-01,-9.398078918457031250e-01,2.566493153572082520e-01,-4.082739725708961487e-02,-3.128867149353027344e-01,-3.508583456277847290e-02,-6.403846144676208496e-01,-9.213355183601379395e-01,3.886277377605438232e-01,6.894745826721191406e-01,5.428365990519523621e-02,-1.312521547079086304e-01,-3.397856652736663818e-01
1.454228783169617956e-01,-7.308557636749285491e-02,8.272117376327514648e-01,-3.602195996791124344e-03,-4.318976774811744690e-02,6.558874249458312988e-01,7.536135315895080566e-01,-2.337555289268493652e-01,4.558450356125831604e-02,2.462110370397567749e-01,4.011570513248443604e-01,-2.225715368986129761e-01,1.011616885662078857e-01,-3.038685023784637451e-01,-3.174201548099517822e-01,-2.751893699169158936e-01,3.176704943180084229e-01,1.553644388914108276e-01,1.418448388576507568e-01,4.294291883707046509e-02,8.371985703706741333e-02,4.864482879638671875e-01,4.531344771385192871e-02,7.887361049652099609e-01,-9.868448972702026367e-01,2.457821071147918701e-01,-1.973745040595531464e-02,-3.057114779949188232e-01,-1.390189491212368011e-02,-7.031853199005126953e-01,-8.511673808097839355e-01,4.260311722755432129e-01,7.189623713493347168e-01,3.164060786366462708e-02,-1.072272881865501404e-01,-3.649717271327972412e-01
1.457100720144808292e-01,-5.550116475205868483e-02,8.059309124946594238e-01,2.269377745687961578e-02,-4.109095036983489990e-02,6.592511534690856934e-01,7.504561543464660645e-01,-2.470772713422775269e-01,8.433411829173564911e-03,2.543962895870208740e-01,5.217199325561523438e-01,-3.197350800037384033e-01,1.332378536462783813e-01,-3.075630366802215576e-01,-3.963120877742767334e-01,-2.921734452247619629e-01,2.207585573196411133e-01,1.712898761034011841e-01,1.568387448787689209e-01,4.780442267656326294e-02,6.770605593919754028e-02,4.950148761272430420e-01,-2.383214607834815979e-02,7.317226529121398926e-01,-1.040242671966552734e+00,2.638189196586608887e-01,1.234869286417961121e-02,-3.077385127544403076e-01,1.614411920309066772e-02,-7.688379883766174316e-01,-7.781975865364074707e-01,4.737454056739807129e-01,7.680303454399108887e-01,3.084265394136309624e-03,-8.904723078012466431e-02,-3.934307396411895752e-01
1.452907569563159640e-01,-5.487115182152662446e-02,7.921971678733825684e-01,3.999630361795425415e-02,-4.581587389111518860e-02,6.633340120315551758e-01,7.458479404449462891e-01,-2.528266012668609619e-01,-3.921664319932460785e-03,2.670710980892181396e-01,6.053084135055541992e-01,-3.709746301174163818e-01,1.569027751684188843e-01,-3.248260021209716797e-01,-4.354786574840545654e-01,-3.103206455707550049e-01,2.036211043596267700e-01,1.605564057826995850e-01,1.562795341014862061e-01,4.936238750815391541e-02,6.026081740856170654e-02,4.984683990478515625e-01,-7.779973745346069336e-02,7.061339020729064941e-01,-1.086799979209899902e+00,2.797132432460784912e-01,4.665739461779594421e-02,-3.194910585880279541e-01,3.604999929666519165e-02,-8.225811719894409180e-01,-7.208219766616821289e-01,5.161998271942138672e-01,7.868404388427734375e-01,-1.847329363226890564e-02,-8.296562731266021729e-02,-4.100677371025085449e-01
1.447673721883732667e-01,-5.323768416061425146e-02,7.895029187202453613e-01,4.542959481477737427e-02,-4.642696306109428406e-02,6.658887267112731934e-01,7.432179450988769531e-01,-2.635337412357330322e-01,-5.772389471530914307e-03,2.688457667827606201e-01,6.461258530616760254e-01,-3.862183094024658203e-01,1.731706708669662476e-01,-3.405766785144805908e-01,-4.342370033264160156e-01,-3.182349205017089844e-01,2.390675097703933716e-01,1.368822753429412842e-01,1.464665532112121582e-01,5.330068990588188171e-02,5.815654993057250977e-02,4.986302554607391357e-01,-1.254228353500366211e-01,7.037090659141540527e-01,-1.118462443351745605e+00,2.860090136528015137e-01,8.489482849836349487e-02,-3.317515552043914795e-01,5.626938119530677795e-02,-8.845139741897583008e-01,-6.848830580711364746e-01,5.646445155143737793e-01,7.868114113807678223e-01,-4.955516010522842407e-02,-7.975231111049652100e-02,-4.116514027118682861e-01
1.435384174379018551e-01,-5.996513391773288654e-02,7.910833954811096191e-01,3.829030692577362061e-02,-4.709512740373611450e-02,6.661767363548278809e-01,7.433198690414428711e-01,-2.680081129074096680e-01,1.006628479808568954e-02,2.751739323139190674e-01,6.343439817428588867e-01,-3.627517521381378174e-01,1.764141172170639038e-01,-3.541060090065002441e-01,-4.008426964282989502e-01,-3.366100192070007324e-01,3.358977437019348145e-01,8.552499860525131226e-02,1.250428706407546997e-01,6.307981908321380615e-02,6.535815447568893433e-02,4.953122138977050781e-01,-1.699090749025344849e-01,7.180156707763671875e-01,-1.136914253234863281e+00,2.772485911846160889e-01,1.222140192985534668e-01,-3.401962816715240479e-01,7.863652706146240234e-02,-9.529902935028076172e-01,-6.588429808616638184e-01,6.245916485786437988e-01,7.355194091796875000e-01,-9.655041992664337158e-02,-8.120740950107574463e-02,-4.079365730285644531e-01
1.436848994702673854e-01,-6.452168984553562081e-02,8.007729053497314453e-01,2.051631547510623932e-02,-4.324965551495552063e-02,6.667414307594299316e-01,7.437502145767211914e-01,-2.681691944599151611e-01,2.831116132438182831e-02,2.656300961971282959e-01,5.697776675224304199e-01,-3.229216337203979492e-01,1.680117994546890259e-01,-3.716608583927154541e-01,-3.274869322776794434e-01,-3.292677700519561768e-01,4.801741540431976318e-01,2.174170129001140594e-02,9.824431687593460083e-02,7.610271126031875610e-02,8.789275586605072021e-02,4.889716207981109619e-01,-2.004445046186447144e-01,7.469172477722167969e-01,-1.132362604141235352e+00,2.436477243900299072e-01,1.560376882553100586e-01,-3.468925952911376953e-01,9.525308012962341309e-02,-1.029367327690124512e+00,-6.609480977058410645e-01,6.726438999176025391e-01,6.551415324211120605e-01,-1.531133204698562622e-01,-8.050283044576644897e-02,-4.054475724697113037e-01
1.437463703780220148e-01,-7.157484825270679640e-02,8.120794296264648438e-01,5.502375308424234390e-03,-4.053271561861038208e-02,6.705153584480285645e-01,7.407671213150024414e-01,-2.640166580677032471e-01,3.902960941195487976e-02,2.479227036237716675e-01,4.949603676795959473e-01,-2.559745013713836670e-01,1.369376629590988159e-01,-3.552123904228210449e-01,-2.397518604993820190e-01,-3.295042514801025391e-01,5.722408294677734375e-01,-2.022376842796802521e-02,9.337459504604339600e-02,8.717874437570571899e-02,1.023883819580078125e-01,4.785074591636657715e-01,-2.144040763378143311e-01,7.751731276512145996e-01,-1.141634225845336914e+00,2.090521305799484253e-01,1.809260249137878418e-01,-3.602707982063293457e-01,9.627503901720046997e-02,-1.081732988357543945e+00,-6.590432524681091309e-01,6.952974796295166016e-01,5.795347690582275391e-01,-1.711964458227157593e-01,-9.451342374086380005e-02,-4.168597459793090820e-01
1.435155997124429039e-01,-1.020260958824879827e-01,8.249269723892211914e-01,-9.719463065266609192e-03,-3.468515351414680481e-02,6.767284870147705078e-01,7.353509068489074707e-01,-2.661805450916290283e-01,4.157339036464691162e-02,2.347888946533203125e-01,4.008035361766815186e-01,-1.830666661262512207e-01,1.012557297945022583e-01,-3.237496614456176758e-01,-1.474813818931579590e-01,-3.026981949806213379e-01,5.972440838813781738e-01,-4.500990267843008041e-03,1.058402433991432190e-01,8.909604698419570923e-02,1.106223464012145996e-01,4.684387445449829102e-01,-2.105168551206588745e-01,8.034715652465820312e-01,-1.130877494812011719e+00,1.749243587255477905e-01,1.879402101039886475e-01,-3.793868720531463623e-01,1.097753345966339111e-01,-1.116597771644592285e+00,-6.748588085174560547e-01,6.998649239540100098e-01,5.021676421165466309e-01,-1.750081032514572144e-01,-1.139984801411628723e-01,-4.339421093463897705e-01
1.466223762299005695e-01,-1.044149151645027696e-01,8.287697434425354004e-01,-1.188468560576438904e-02,-2.760817483067512512e-02,6.847732663154602051e-01,7.281360626220703125e-01,-2.634005546569824219e-01,3.542914614081382751e-02,2.205767631530761719e-01,3.550420403480529785e-01,-1.305651962757110596e-01,6.614923477172851562e-02,-2.830999195575714111e-01,-9.674856811761856079e-02,-2.851525545120239258e-01,5.600687861442565918e-01,2.329659648239612579e-02,1.032943576574325562e-01,9.417053312063217163e-02,1.089096590876579285e-01,4.593949913978576660e-01,-2.005830705165863037e-01,8.157823681831359863e-01,-1.132947564125061035e+00,1.557149738073348999e-01,1.816411912441253662e-01,-3.835636079311370850e-01,1.025248318910598755e-01,-1.128489136695861816e+00,-6.839366555213928223e-01,6.997374296188354492e-01,4.571973085403442383e-01,-1.736250072717666626e-01,-1.190914511680603027e-01,-4.420257806777954102e-01
1.418154142582072619e-01,-1.108054785380283291e-01,8.372287750244140625e-01,-9.066540747880935669e-03,-1.113876421004533768e-02,6.954128146171569824e-01,7.184669375419616699e-01,-2.786931991577148438e-01,2.953907474875450134e-02,2.256875634193420410e-01,3.533816933631896973e-01,-9.062772244215011597e-02,5.092941597104072571e-02,-2.499815821647644043e-01,-8.566091954708099365e-02,-2.602563202381134033e-01,5.136727094650268555e-01,4.744673147797584534e-02,8.519953489303588867e-02,9.185352176427841187e-02,8.936742693185806274e-02,4.558904170989990234e-01,-2.095979303121566772e-01,8.270176649093627930e-01,-1.127308726310729980e+00,1.340866684913635254e-01,1.829012781381607056e-01,-3.862143158912658691e-01,1.114433035254478455e-01,-1.138626456260681152e+00,-7.010601758956909180e-01,6.911522150039672852e-01,4.075511693954467773e-01,-1.803659498691558838e-01,-1.177308708429336548e-01,-4.624123871326446533e-01
1.384393064878307877e-01,-1.076572312113757424e-01,8.410421013832092285e-01,1.625298638828098774e-03,4.072801966685801744e-04,7.079567909240722656e-01,7.062537074089050293e-01,-2.929309308528900146e-01,3.309978172183036804e-02,2.401647269725799561e-01,3.966422379016876221e-01,-8.384825289249420166e-02,5.419547110795974731e-02,-2.308679968118667603e-01,-1.146450042724609375e-01,-2.427426874637603760e-01,4.781859517097473145e-01,5.384139716625213623e-02,6.440765410661697388e-02,8.750644326210021973e-02,6.710676103830337524e-02,4.554896950721740723e-01,-2.040500342845916748e-01,8.201746344566345215e-01,-1.125316262245178223e+00,1.255719363689422607e-01,1.674952656030654907e-01,-3.733918070793151855e-01,1.062373891472816467e-01,-1.136430501937866211e+00,-7.153986692428588867e-01,6.777136921882629395e-01,3.910671472549438477e-01,-1.902019828557968140e-01,-1.038796380162239075e-01,-4.645344316959381104e-01
1.333007936795743698e-01,-1.005479423150133778e-01,8.428286910057067871e-01,1.062851678580045700e-02,1.895532477647066116e-03,7.211102843284606934e-01,6.927361488342285156e-01,-2.961523532867431641e-01,5.165031179785728455e-02,2.314097285270690918e-01,4.392192661762237549e-01,-1.086321398615837097e-01,6.698329001665115356e-02,-2.343960106372833252e-01,-1.474003940820693970e-01,-2.160984873771667480e-01,5.087071657180786133e-01,4.605523496866226196e-02,6.151561811566352844e-02,7.504399865865707397e-02,6.189468130469322205e-02,4.649799466133117676e-01,-2.051570713520050049e-01,8.116409778594970703e-01,-1.125316262245178223e+00,1.233117207884788513e-01,1.343187242746353149e-01,-3.609609603881835938e-01,1.023394986987113953e-01,-1.110303759574890137e+00,-7.294318079948425293e-01,6.599739789962768555e-01,3.904866576194763184e-01,-1.909281909465789795e-01,-9.776607155799865723e-02,-4.640881419181823730e-01
1.288181703824263225e-01,-1.030544733198789503e-01,8.401585221290588379e-01,1.236762478947639465e-02,-7.382148411124944687e-03,7.291870713233947754e-01,6.841628551483154297e-01,-2.877373397350311279e-01,7.819973677396774292e-02,1.850056052207946777e-01,4.552438259124755859e-01,-1.395312547683715820e-01,7.458832859992980957e-02,-2.752755582332611084e-01,-1.618403494358062744e-01,-1.699932217597961426e-01,6.131879687309265137e-01,5.089846625924110413e-02,6.209130585193634033e-02,5.650866404175758362e-02,7.807543128728866577e-02,4.754459559917449951e-01,-2.105936855077743530e-01,8.051885962486267090e-01,-1.120985150337219238e+00,1.238072961568832397e-01,1.048249229788780212e-01,-3.443880081176757812e-01,9.519620984792709351e-02,-1.081391096115112305e+00,-7.352836728096008301e-01,6.427590847015380859e-01,4.189404249191284180e-01,-1.816518157720565796e-01,-8.078347891569137573e-02,-4.634398221969604492e-01
1.251058775143554513e-01,-1.046932687302334908e-01,8.384266495704650879e-01,9.784092195332050323e-03,-1.485765911638736725e-02,7.324782609939575195e-01,6.805579662322998047e-01,-2.823689281940460205e-01,9.046214073896408081e-02,1.581497937440872192e-01,4.753034114837646484e-01,-1.808334887027740479e-01,8.572765439748764038e-02,-3.276653885841369629e-01,-1.777174919843673706e-01,-1.484690010547637939e-01,7.146006822586059570e-01,2.449131198227405548e-02,5.094428360462188721e-02,3.879195079207420349e-02,9.437836706638336182e-02,4.808300435543060303e-01,-2.224692553281784058e-01,7.951403260231018066e-01,-1.127955794334411621e+00,1.221575811505317688e-01,8.504975587129592896e-02,-3.318585753440856934e-01,8.360422402620315552e-02,-1.049034357070922852e+00,-7.365773916244506836e-01,6.269719600677490234e-01,4.486491382122039795e-01,-1.757133156061172485e-01,-7.244103401899337769e-02,-4.607679843902587891e-01
1.177088255062699318e-01,-1.027002301998436451e-01,8.297208547592163086e-01,1.403547357767820358e-02,-2.308568358421325684e-02,7.344858050346374512e-01,6.780860424041748047e-01,-2.869117259979248047e-01,8.804302662611007690e-02,1.324268132448196411e-01,5.184130668640136719e-01,-2.544842660427093506e-01,1.139654666185379028e-01,-4.210237860679626465e-01,-1.875738352537155151e-01,-1.215655431151390076e-01,8.403828740119934082e-01,-2.684005303308367729e-03,4.203851893544197083e-02,1.086924783885478973e-02,1.051690801978111267e-01,4.862451255321502686e-01,-2.342827767133712769e-01,7.843840718269348145e-01,-1.155534267425537109e+00,1.229927241802215576e-01,5.440986528992652893e-02,-3.189151287078857422e-01,7.672480493783950806e-02,-1.004367470741271973e+00,-7.318876981735229492e-01,6.172115802764892578e-01,5.259025096893310547e-01,-1.610123366117477417e-01,-5.958684161305427551e-02,-4.629251360893249512e-01
1.106199220610925849e-01,-1.052048091525928375e-01,8.179009556770324707e-01,1.900474354624748230e-02,-2.387904003262519836e-02,7.374836206436157227e-01,6.746751070022583008e-01,-2.995502948760986328e-01,7.391106337308883667e-02,1.332870870828628540e-01,5.626766681671142578e-01,-3.110310733318328857e-01,1.336832791566848755e-01,-5.038697123527526855e-01,-1.945692002773284912e-01,-1.328376680612564087e-01,8.964444398880004883e-01,-3.195484355092048645e-02,3.049418888986110687e-02,-1.134317182004451752e-02,1.042364835739135742e-01,4.918675422668457031e-01,-2.582990825176239014e-01,7.686395645141601562e-01,-1.179836630821228027e+00,1.258263438940048218e-01,4.861376434564590454e-02,-3.151839077472686768e-01,6.025787070393562317e-02,-9.498840570449829102e-01,-7.294775247573852539e-01,5.883387923240661621e-01,6.386044025421142578e-01,-1.299342960119247437e-01,-5.170219764113426208e-02,-4.488066732883453369e-01
1.020301587593096942e-01,-1.108274709863158458e-01,8.067025542259216309e-01,3.068579174578189850e-02,-2.108822762966156006e-02,7.410737872123718262e-01,6.703904271125793457e-01,-3.010330200195312500e-01,4.627898707985877991e-02,1.464439630508422852e-01,5.904033780097961426e-01,-3.364281356334686279e-01,1.410224139690399170e-01,-5.708585977554321289e-01,-1.977228075265884399e-01,-1.884687095880508423e-01,8.740144371986389160e-01,-3.706181421875953674e-02,1.573036797344684601e-02,-3.310839459300041199e-02,9.189398586750030518e-02,4.967248737812042236e-01,-2.809694409370422363e-01,7.549443840980529785e-01,-1.197494745254516602e+00,1.117109283804893494e-01,6.942243874073028564e-02,-3.149253726005554199e-01,5.449919775128364563e-02,-8.868173360824584961e-01,-7.374364733695983887e-01,5.599013566970825195e-01,7.700012922286987305e-01,-1.080924496054649353e-01,-3.660516813397407532e-02,-4.347492456436157227e-01
9.375884817340052191e-02,-1.267304811805773368e-01,7.961208820343017578e-01,4.984444007277488708e-02,-1.593650691211223602e-02,7.426953315734863281e-01,6.675816178321838379e-01,-2.847422063350677490e-01,7.393429521471261978e-03,1.752804964780807495e-01,6.043203473091125488e-01,-3.498446941375732422e-01,1.521154642105102539e-01,-6.210315823554992676e-01,-2.032475024461746216e-01,-2.850596010684967041e-01,7.994887232780456543e-01,-1.375952921807765961e-02,1.105201430618762970e-02,-5.249057710170745850e-02,5.963668599724769592e-02,5.011392831802368164e-01,-2.875598371028900146e-01,7.474874258041381836e-01,-1.198056101799011230e+00,8.299405872821807861e-02,7.189888507127761841e-02,-3.136767446994781494e-01,6.771907210350036621e-02,-8.156558275222778320e-01,-7.533351778984069824e-01,5.043802857398986816e-01,8.898642063140869141e-01,-7.861565053462982178e-02,-2.588970400393009186e-02,-4.437149763107299805e-01
9.254862418254980461e-02,-1.383780475634222018e-01,7.900879383087158203e-01,6.264083087444305420e-02,-8.715347386896610260e-03,7.448876500129699707e-01,6.641856431961059570e-01,-2.753545045852661133e-01,-3.241505846381187439e-02,1.779356002807617188e-01,6.003780364990234375e-01,-3.521159291267395020e-01,1.521713435649871826e-01,-6.462647914886474609e-01,-1.849707216024398804e-01,-3.468351662158966064e-01,7.287606000900268555e-01,4.475670401006937027e-03,-5.968756740912795067e-04,-6.443516165018081665e-02,3.280720859766006470e-02,5.042418837547302246e-01,-2.702841460704803467e-01,7.502435445785522461e-01,-1.190912485122680664e+00,6.409868597984313965e-02,4.457398504018783569e-02,-3.113427162170410156e-01,7.040239870548248291e-02,-7.667818069458007812e-01,-7.624126076698303223e-01,4.617511928081512451e-01,9.467157721519470215e-01,-3.163847699761390686e-02,-2.871686965227127075e-02,-4.435961544513702393e-01
9.038865233126741616e-02,-1.513591859167298659e-01,7.793664932250976562e-01,8.356316387653350830e-02,1.504359417594969273e-03,7.501279115676879883e-01,6.559901237487792969e-01,-2.432108074426651001e-01,-9.512763470411300659e-02,1.946096122264862061e-01,5.800265669822692871e-01,-3.712017536163330078e-01,1.551714986562728882e-01,-6.507082581520080566e-01,-1.752963513135910034e-01,-4.681523442268371582e-01,5.946162343025207520e-01,5.194946005940437317e-02,1.332182902842760086e-02,-8.445856720209121704e-02,-2.198554202914237976e-02,5.046996474266052246e-01,-2.518305778503417969e-01,7.517085671424865723e-01,-1.170599699020385742e+00,5.102559924125671387e-02,1.455267332494258881e-02,-3.029133975505828857e-01,7.908853143453598022e-02,-6.976887583732604980e-01,-7.824000716209411621e-01,3.899340033531188965e-01,1.032889127731323242e+00,7.631335873156785965e-03,-1.223960239440202713e-02,-4.699297249317169189e-01
9.011406480119778240e-02,-1.731806244128025474e-01,7.686515450477600098e-01,1.033342778682708740e-01,1.047795917838811874e-02,7.601940631866455078e-01,6.413401961326599121e-01,-2.126049399375915527e-01,-1.622527390718460083e-01,2.097153365612030029e-01,5.682824254035949707e-01,-3.780481815338134766e-01,1.502094417810440063e-01,-6.250314116477966309e-01,-1.639251261949539185e-01,-5.585260987281799316e-01,4.532281160354614258e-01,1.094771698117256165e-01,2.446061745285987854e-02,-1.077828928828239441e-01,-8.618255704641342163e-02,5.047794580459594727e-01,-2.341924756765365601e-01,7.626360058784484863e-01,-1.160645246505737305e+00,3.641952946782112122e-02,-2.450967580080032349e-02,-2.920764386653900146e-01,7.493133097887039185e-02,-6.294142603874206543e-01,-8.065159916877746582e-01,3.252138793468475342e-01,1.084551215171813965e+00,4.441882669925689697e-02,-5.180360749363899231e-03,-4.901631176471710205e-01
9.013750794558571255e-02,-1.661554488460891543e-01,7.608445882797241211e-01,1.197943687438964844e-01,1.641901955008506775e-02,7.685203552246093750e-01,6.282962560653686523e-01,-1.858290582895278931e-01,-2.199513763189315796e-01,2.064586132764816284e-01,5.664506554603576660e-01,-3.739739060401916504e-01,1.364945471286773682e-01,-5.891183018684387207e-01,-1.536582261323928833e-01,-5.969556570053100586e-01,3.518358469009399414e-01,1.690779030323028564e-01,3.016384132206439972e-02,-1.233478039503097534e-01,-1.378472000360488892e-01,5.050068497657775879e-01,-2.109314799308776855e-01,7.747046351432800293e-01,-1.147060990333557129e+00,2.821646444499492645e-02,-5.416314676403999329e-02,-2.767194211483001709e-01,8.278869837522506714e-02,-5.677161216735839844e-01,-8.295196890830993652e-01,2.667706310749053955e-01,1.109311580657958984e+00,7.750277966260910034e-02,-1.015488873235881329e-03,-5.082859992980957031e-01
8.754594631206530364e-02,-1.645117084352442915e-01,7.526060342788696289e-01,1.296648979187011719e-01,2.391405776143074036e-02,7.752159833908081055e-01,6.177825331687927246e-01,-1.635724455118179321e-01,-2.677861750125885010e-01,1.903026252985000610e-01,5.618137717247009277e-01,-3.735731542110443115e-01,1.148887053132057190e-01,-5.417687892913818359e-01,-1.518634408712387085e-01,-6.012293696403503418e-01,2.738305032253265381e-01,1.964244395494461060e-01,1.687854528427124023e-02,-1.306654363870620728e-01,-1.714019179344177246e-01,5.048332810401916504e-01,-1.907959878444671631e-01,7.843621373176574707e-01,-1.136723279953002930e+00,2.381086163222789764e-02,-6.192945316433906555e-02,-2.685574293136596680e-01,9.300499409437179565e-02,-5.256939530372619629e-01,-8.601464033126831055e-01,2.257866412401199341e-01,1.125851273536682129e+00,9.400804340839385986e-02,4.651820752769708633e-03,-5.229387879371643066e-01
8.554818105095854386e-02,-1.709883558169867090e-01,7.479578256607055664e-01,1.313580423593521118e-01,3.220839798450469971e-02,7.770310044288635254e-01,6.147605180740356445e-01,-1.647665798664093018e-01,-2.888654470443725586e-01,1.890312433242797852e-01,5.709531903266906738e-01,-3.735020458698272705e-01,1.017092764377593994e-01,-5.170223116874694824e-01,-1.512001901865005493e-01,-5.875322818756103516e-01,2.506026923656463623e-01,2.198427468538284302e-01,4.567223135381937027e-03,-1.290735304355621338e-01,-1.882286667823791504e-01,5.039863586425781250e-01,-1.891566067934036255e-01,7.961468100547790527e-01,-1.136189937591552734e+00,1.429766789078712463e-02,-5.145912617444992065e-02,-2.649154961109161377e-01,1.006311774253845215e-01,-5.003337860107421875e-01,-8.840242028236389160e-01,1.983538419008255005e-01,1.127597928047180176e+00,1.032312214374542236e-01,3.906105412170290947e-03,-5.237015485763549805e-01
8.466298118806801776e-02,-1.598869601551156649e-01,7.447182536125183105e-01,1.327028572559356689e-01,3.517575562000274658e-02,7.801047563552856445e-01,6.104008555412292480e-01,-1.711553186178207397e-01,-2.946810424327850342e-01,1.896400451660156250e-01,5.991074442863464355e-01,-3.688509762287139893e-01,9.694714844226837158e-02,-4.991012811660766602e-01,-1.476348787546157837e-01,-5.477245450019836426e-01,2.547868192195892334e-01,2.216713279485702515e-01,-8.978814817965030670e-03,-1.296484917402267456e-01,-1.940545886754989624e-01,5.037294626235961914e-01,-1.859238296747207642e-01,8.049967885017395020e-01,-1.136018753051757812e+00,1.088686101138591766e-02,-3.054549358785152435e-02,-2.653555274009704590e-01,1.242586821317672729e-01,-4.878069758415222168e-01,-9.053549170494079590e-01,1.731403023004531860e-01,1.135369896888732910e+00,1.108958050608634949e-01,1.550206798128783703e-03,-5.375602841377258301e-01
8.587743689377720646e-02,-1.592019902578053481e-01,7.456127405166625977e-01,1.295485198497772217e-01,3.509393334388732910e-02,7.806107401847839355e-01,6.104363203048706055e-01,-1.814667582511901855e-01,-2.832645773887634277e-01,1.826507151126861572e-01,6.106307506561279297e-01,-3.837846517562866211e-01,1.068685650825500488e-01,-5.098131895065307617e-01,-1.502918452024459839e-01,-5.221078991889953613e-01,2.844033241271972656e-01,2.142283916473388672e-01,-4.172331187874078751e-03,-1.237557753920555115e-01,-1.883312910795211792e-01,5.049343109130859375e-01,-1.948372125625610352e-01,8.080898523330688477e-01,-1.143027544021606445e+00,1.358763035386800766e-02,-4.324907436966896057e-03,-2.677648067474365234e-01,1.377456933259963989e-01,-4.943875968456268311e-01,-9.193484783172607422e-01,1.644301563501358032e-01,1.143759846687316895e+00,1.168819293379783630e-01,-3.630536608397960663e-03,-5.461385250091552734e-01
8.998102658929732489e-02,-1.643954911985649470e-01,7.500342726707458496e-01,1.180359795689582825e-01,3.198178857564926147e-02,7.780941724777221680e-01,6.161283254623413086e-01,-1.986089348793029785e-01,-2.486774921417236328e-01,1.800847202539443970e-01,6.093401312828063965e-01,-4.081770777702331543e-01,1.242025122046470642e-01,-5.443091988563537598e-01,-1.525051593780517578e-01,-5.057612061500549316e-01,3.552769422531127930e-01,1.978958249092102051e-01,9.559835307300090790e-03,-1.099736690521240234e-01,-1.666701287031173706e-01,5.043668746948242188e-01,-2.108176946640014648e-01,8.056610822677612305e-01,-1.149622917175292969e+00,2.105732634663581848e-02,7.083191536366939545e-03,-2.697977721691131592e-01,1.377795189619064331e-01,-5.258339643478393555e-01,-9.244386553764343262e-01,1.694266945123672485e-01,1.148778080940246582e+00,1.167569682002067566e-01,-1.066405698657035828e-02,-5.458493828773498535e-01
9.604743449017405510e-02,-1.622637303080409765e-01,7.588027715682983398e-01,1.037123873829841614e-01,2.211756445467472076e-02,7.724498510360717773e-01,6.261595487594604492e-01,-2.143549621105194092e-01,-1.901455223560333252e-01,1.737230718135833740e-01,5.954955816268920898e-01,-4.126907885074615479e-01,1.385752707719802856e-01,-5.763900279998779297e-01,-1.527232676744461060e-01,-4.862858057022094727e-01,4.620929956436157227e-01,1.727573424577713013e-01,1.506598107516765594e-02,-8.980423212051391602e-02,-1.300802230834960938e-01,5.033705234527587891e-01,-2.328540235757827759e-01,8.069787025451660156e-01,-1.161594510078430176e+00,3.498500585556030273e-02,2.487578056752681732e-02,-2.761588096618652344e-01,1.292458772659301758e-01,-5.799049139022827148e-01,-9.221970438957214355e-01,2.118823528289794922e-01,1.128222227096557617e+00,9.439744055271148682e-02,-1.998004131019115448e-02,-5.294304490089416504e-01
9.676481726077887369e-02,-1.553121962799475786e-01,7.655329108238220215e-01,8.988098800182342529e-02,1.266173552721738815e-02,7.667927742004394531e-01,6.354446411132812500e-01,-2.237902879714965820e-01,-1.328249424695968628e-01,1.786559671163558960e-01,5.765060782432556152e-01,-4.050063192844390869e-01,1.480688899755477905e-01,-5.901541113853454590e-01,-1.600738018751144409e-01,-4.690237939357757568e-01,5.543589591979980469e-01,1.559467464685440063e-01,1.932955160737037659e-02,-7.284943014383316040e-02,-1.005954444408416748e-01,5.011544823646545410e-01,-2.439619600772857666e-01,8.042634129524230957e-01,-1.165915489196777344e+00,4.963450506329536438e-02,3.600669652223587036e-02,-2.789306938648223877e-01,1.199319064617156982e-01,-6.436241269111633301e-01,-9.116853475570678711e-01,2.523989081382751465e-01,1.098319172859191895e+00,9.132183343172073364e-02,-2.989012375473976135e-02,-5.132476687431335449e-01
1.048316240955430717e-01,-1.499134005011560911e-01,7.795225977897644043e-01,6.979596614837646484e-02,3.240286372601985931e-03,7.550076842308044434e-01,6.519826650619506836e-01,-2.294590026140213013e-01,-6.502926349639892578e-02,1.733626574277877808e-01,5.340307950973510742e-01,-3.837645053863525391e-01,1.530639678239822388e-01,-5.887753367424011230e-01,-1.696504354476928711e-01,-4.454087615013122559e-01,6.667674779891967773e-01,1.236762031912803650e-01,9.042458608746528625e-03,-4.475969821214675903e-02,-5.376252159476280212e-02,4.979675412178039551e-01,-2.553637027740478516e-01,8.071305155754089355e-01,-1.174639821052551270e+00,6.995648890733718872e-02,3.268383815884590149e-02,-2.800254225730895996e-01,9.280937910079956055e-02,-7.292915582656860352e-01,-8.836430907249450684e-01,3.323949277400970459e-01,1.017326951026916504e+00,7.552811503410339355e-02,-4.920001700520515442e-02,-4.854015409946441650e-01
1.122381157743242985e-01,-1.603273891557294717e-01,7.935082912445068359e-01,5.145279318094253540e-02,-4.564777947962284088e-03,7.468830347061157227e-01,6.629461050033569336e-01,-2.245383560657501221e-01,-6.920867599546909332e-03,1.620583683252334595e-01,4.802098274230957031e-01,-3.314449787139892578e-01,1.445203125476837158e-01,-5.553596615791320801e-01,-1.603511869907379150e-01,-3.930656909942626953e-01,7.204385995864868164e-01,9.974502772092819214e-02,2.611886709928512573e-03,-2.470730058848857880e-02,-1.416945923119783401e-02,4.942356050014495850e-01,-2.598178386688232422e-01,8.119013905525207520e-01,-1.185631871223449707e+00,8.103727549314498901e-02,4.566156491637229919e-02,-2.851823270320892334e-01,7.994472980499267578e-02,-8.114074468612670898e-01,-8.548623323440551758e-01,4.154752790927886963e-01,9.122188687324523926e-01,3.876042366027832031e-02,-7.122004032135009766e-02,-4.578763842582702637e-01
1.224184288070178928e-01,-1.693343729174767720e-01,8.101036548614501953e-01,3.519352898001670837e-02,-7.816844619810581207e-03,7.379680871963500977e-01,6.738719344139099121e-01,-2.230947315692901611e-01,3.771820664405822754e-02,1.497587859630584717e-01,4.337552189826965332e-01,-2.471140474081039429e-01,1.236266642808914185e-01,-5.088776946067810059e-01,-1.342222988605499268e-01,-3.440064787864685059e-01,7.460083961486816406e-01,7.967083901166915894e-02,6.332704331725835800e-03,-3.670100122690200806e-03,1.990242302417755127e-02,4.901980757713317871e-01,-2.559961974620819092e-01,8.221501111984252930e-01,-1.197457194328308105e+00,8.496223390102386475e-02,6.044048815965652466e-02,-3.000447750091552734e-01,6.252930313348770142e-02,-8.987455368041992188e-01,-8.292144536972045898e-01,5.126888155937194824e-01,7.869485020637512207e-01,-9.954093955457210541e-03,-9.204757213592529297e-02,-4.243331253528594971e-01
1.328741301997349855e-01,-1.901179231846562012e-01,8.264842629432678223e-01,1.483038254082202911e-02,-9.190838783979415894e-03,7.329164743423461914e-01,6.800948381423950195e-01,-2.265831232070922852e-01,7.417010515928268433e-02,1.574580669403076172e-01,3.934479057788848877e-01,-1.726448684930801392e-01,1.267843693494796753e-01,-4.413419961929321289e-01,-1.156748905777931213e-01,-2.960146367549896240e-01,7.208985090255737305e-01,7.602350413799285889e-02,1.312990766018629074e-02,1.746468618512153625e-02,4.509986191987991333e-02,4.848442673683166504e-01,-2.453873753547668457e-01,8.218423128128051758e-01,-1.203396677970886230e+00,9.989375621080398560e-02,7.073916494846343994e-02,-3.105073571205139160e-01,3.001094423234462738e-02,-9.805020689964294434e-01,-7.944707274436950684e-01,5.910266637802124023e-01,6.706210374832153320e-01,-3.966956213116645813e-02,-1.123800501227378845e-01,-3.961149454116821289e-01
1.372793342989797882e-01,-1.819069653642005624e-01,8.346709012985229492e-01,7.496370933949947357e-03,-4.441461525857448578e-03,7.277376055717468262e-01,6.858003139495849609e-01,-2.446220666170120239e-01,7.300417870283126831e-02,1.667073220014572144e-01,3.932706117630004883e-01,-1.041621342301368713e-01,1.105606406927108765e-01,-3.677539229393005371e-01,-9.386694431304931641e-02,-2.590542733669281006e-01,6.660245656967163086e-01,8.985780179500579834e-02,2.302640303969383240e-02,3.559497743844985962e-02,5.069193989038467407e-02,4.787707030773162842e-01,-2.312888205051422119e-01,8.152858614921569824e-01,-1.200650334358215332e+00,1.176750734448432922e-01,7.531028985977172852e-02,-3.178804516792297363e-01,4.181967116892337799e-03,-1.038925528526306152e+00,-7.656941413879394531e-01,6.343136429786682129e-01,6.048719286918640137e-01,-4.719594866037368774e-02,-1.165987849235534668e-01,-3.974936902523040771e-01
1.499116632084433742e-01,-1.976421065270327626e-01,8.470929861068725586e-01,5.320992786437273026e-04,7.165916264057159424e-03,7.240653634071350098e-01,6.896939277648925781e-01,-2.876856029033660889e-01,6.287460029125213623e-02,1.899132579565048218e-01,4.071182608604431152e-01,-4.179948195815086365e-02,1.059563159942626953e-01,-2.786707282066345215e-01,-7.749737799167633057e-02,-2.120296806097030640e-01,5.844274163246154785e-01,9.910561144351959229e-02,2.237227372825145721e-02,6.819521635770797729e-02,4.909127950668334961e-02,4.556863605976104736e-01,-2.006126344203948975e-01,8.078472018241882324e-01,-1.201486825942993164e+00,1.390757262706756592e-01,6.987309455871582031e-02,-3.199870884418487549e-01,-1.958266273140907288e-02,-1.092994689941406250e+00,-7.311035990715026855e-01,6.748049259185791016e-01,5.221765637397766113e-01,-5.633043125271797180e-02,-1.299154460430145264e-01,-4.028291106224060059e-01
1.616751799144997004e-01,-1.967595695840338166e-01,8.517355322837829590e-01,-1.630993559956550598e-03,1.926276832818984985e-02,7.181863784790039062e-01,6.955822110176086426e-01,-3.435110449790954590e-01,3.705521672964096069e-02,2.415127009153366089e-01,4.303182959556579590e-01,-7.561837323009967804e-03,1.002165824174880981e-01,-1.815619468688964844e-01,-6.883514672517776489e-02,-1.824556738138198853e-01,4.892483055591583252e-01,9.787917882204055786e-02,2.491076476871967316e-02,1.058350056409835815e-01,3.755693137645721436e-02,4.361090958118438721e-01,-1.631104797124862671e-01,8.001260757446289062e-01,-1.190716028213500977e+00,1.549986153841018677e-01,6.251639127731323242e-02,-3.251403272151947021e-01,-2.703133039176464081e-02,-1.124024152755737305e+00,-6.992549896240234375e-01,6.925857067108154297e-01,4.494247734546661377e-01,-4.678053781390190125e-02,-1.431019157171249390e-01,-4.207513630390167236e-01
1.718805567003213464e-01,-1.887450686727578930e-01,8.445475101470947266e-01,-2.946957945823669434e-03,2.977991662919521332e-02,7.090806961059570312e-01,7.044920325279235840e-01,-3.854081928730010986e-01,1.079102419316768646e-02,2.983696460723876953e-01,4.213581979274749756e-01,-2.402326092123985291e-03,1.015016883611679077e-01,-9.034976363182067871e-02,-6.126673147082328796e-02,-1.609704047441482544e-01,3.903973400592803955e-01,7.212553918361663818e-02,3.080301173031330109e-02,1.484788507223129272e-01,3.025684878230094910e-02,4.111711084842681885e-01,-1.200117319822311401e-01,7.991644740104675293e-01,-1.169941306114196777e+00,1.713842749595642090e-01,5.200414359569549561e-02,-3.261131048202514648e-01,-1.757655292749404907e-02,-1.133697628974914551e+00,-6.749184727668762207e-01,6.994754672050476074e-01,4.036528766155242920e-01,-3.426720947027206421e-02,-1.534512341022491455e-01,-4.310775697231292725e-01
1.851778946315439933e-01,-1.812505139790188680e-01,8.294728994369506836e-01,-6.572218611836433411e-03,2.939853444695472717e-02,7.003656625747680664e-01,7.131482958793640137e-01,-4.185182452201843262e-01,5.113914143294095993e-03,3.477043807506561279e-01,3.881567120552062988e-01,-2.869313769042491913e-02,1.106591969728469849e-01,-1.781197823584079742e-02,-3.409780189394950867e-02,-1.506600230932235718e-01,3.331140577793121338e-01,-1.365539617836475372e-03,2.297799289226531982e-02,1.843428760766983032e-01,3.666545823216438293e-02,3.882449865341186523e-01,-8.664339035749435425e-02,8.055832386016845703e-01,-1.130934834480285645e+00,2.026324421167373657e-01,4.955535009503364563e-02,-3.224095106124877930e-01,-1.830789446830749512e-02,-1.138210535049438477e+00,-6.526942849159240723e-01,7.029852867126464844e-01,3.611213266849517822e-01,-2.454953454434871674e-02,-1.605487018823623657e-01,-4.373732209205627441e-01
1.880767105433803210e-01,-1.788619762788025147e-01,8.198149204254150391e-01,-8.733113296329975128e-03,1.872976496815681458e-02,6.928738951683044434e-01,7.207625508308410645e-01,-4.421346485614776611e-01,2.417258918285369873e-02,3.800378441810607910e-01,3.771540224552154541e-01,-7.261351495981216431e-02,1.301201283931732178e-01,2.279121987521648407e-02,-7.525624241679906845e-03,-1.459996849298477173e-01,3.186905980110168457e-01,-9.443265199661254883e-02,7.031149230897426605e-03,1.980044096708297729e-01,4.577863588929176331e-02,3.767464458942413330e-01,-6.721013039350509644e-02,8.057886958122253418e-01,-1.084633111953735352e+00,2.479496747255325317e-01,5.055529624223709106e-02,-3.186754584312438965e-01,-2.152490988373756409e-02,-1.137525439262390137e+00,-6.304638981819152832e-01,7.116968035697937012e-01,3.265109956264495850e-01,-2.355846017599105835e-02,-1.592711508274078369e-01,-4.427429139614105225e-01
1.973310654194882219e-01,-1.707827149209781292e-01,8.009269833564758301e-01,-1.039401069283485413e-02,-2.845849143341183662e-03,6.843569278717041016e-01,7.290675044059753418e-01,-4.541017115116119385e-01,4.812923818826675415e-02,4.026007652282714844e-01,3.366768956184387207e-01,-1.307804286479949951e-01,1.575461030006408691e-01,5.042649060487747192e-02,3.917619585990905762e-02,-1.546804904937744141e-01,3.433035612106323242e-01,-2.152716219425201416e-01,-1.184815354645252228e-02,2.109578102827072144e-01,7.207104563713073730e-02,3.675439953804016113e-01,-5.536708235740661621e-02,7.957809567451477051e-01,-1.020556092262268066e+00,3.409365713596343994e-01,6.993220001459121704e-02,-3.063786625862121582e-01,-6.712530273944139481e-03,-1.118839144706726074e+00,-6.048703193664550781e-01,7.195128798484802246e-01,2.972040176391601562e-01,-1.907185651361942291e-02,-1.622476726770401001e-01,-4.378935098648071289e-01
2.057914715260267258e-01,-1.568651413545012474e-01,7.835529446601867676e-01,-3.883618162944912910e-03,-2.191735431551933289e-02,6.789367198944091797e-01,7.338593006134033203e-01,-4.730786979198455811e-01,6.812225282192230225e-02,4.001922309398651123e-01,3.598060309886932373e-01,-1.769911795854568481e-01,1.761858165264129639e-01,7.695877552032470703e-02,6.324937939643859863e-02,-1.415324360132217407e-01,3.641998171806335449e-01,-3.382197618484497070e-01,-2.528283186256885529e-02,2.075112164020538330e-01,7.593787461519241333e-02,3.639778792858123779e-01,-6.769684702157974243e-02,7.759842872619628906e-01,-9.634294509887695312e-01,5.182832479476928711e-01,1.586929261684417725e-01,-3.036732673645019531e-01,3.966436162590980530e-02,-1.101837635040283203e+00,-5.946454405784606934e-01,7.426590323448181152e-01,3.197784721851348877e-01,-2.100919745862483978e-02,-1.683155149221420288e-01,-4.219722449779510498e-01
2.118622827200362380e-01,-1.554548946889833805e-01,7.734441757202148438e-01,4.325643647462129593e-03,-3.740162402391433716e-02,6.758264303207397461e-01,7.360985279083251953e-01,-4.835037887096405029e-01,8.018429577350616455e-02,3.712968826293945312e-01,3.871318101882934570e-01,-1.774778515100479126e-01,1.752061694860458374e-01,8.805797249078750610e-02,7.789497822523117065e-02,-1.238552257418632507e-01,3.918151557445526123e-01,-4.148589968681335449e-01,-3.739005699753761292e-02,2.014543712139129639e-01,7.923267036676406860e-02,3.654421865940093994e-01,-9.296937286853790283e-02,7.493429183959960938e-01,-9.107738137245178223e-01,7.230951786041259766e-01,2.506671845912933350e-01,-2.699572741985321045e-01,5.956459045410156250e-02,-1.098403692245483398e+00,-6.068971157073974609e-01,7.943311929702758789e-01,3.847082555294036865e-01,-4.578266665339469910e-02,-1.570308804512023926e-01,-3.671160936355590820e-01
2.101333940115112653e-01,-1.478084599097760909e-01,7.708247900009155273e-01,1.476822420954704285e-02,-4.720683395862579346e-02,6.747582554817199707e-01,7.363795042037963867e-01,-4.940828382968902588e-01,9.221965819597244263e-02,3.255341649055480957e-01,4.132941365242004395e-01,-1.406724750995635986e-01,1.476057320833206177e-01,9.618902206420898438e-02,7.982725650072097778e-02,-1.063985452055931091e-01,4.166614711284637451e-01,-4.394319355487823486e-01,-4.423294961452484131e-02,1.904712319374084473e-01,8.126537501811981201e-02,3.731299638748168945e-01,-1.307682245969772339e-01,7.247595191001892090e-01,-8.401783704757690430e-01,9.252843260765075684e-01,2.985548973083496094e-01,-2.342893928289413452e-01,6.554524600505828857e-02,-1.081843495368957520e+00,-6.452417373657226562e-01,8.394396305084228516e-01,4.759685993194580078e-01,-7.466632872819900513e-02,-1.371423900127410889e-01,-2.920444905757904053e-01
2.088328242803422219e-01,-1.547748563058961024e-01,7.709886431694030762e-01,2.273436076939105988e-02,-4.958676546812057495e-02,6.773583889007568359e-01,7.336279153823852539e-01,-4.957124590873718262e-01,1.054113879799842834e-01,3.035923540592193604e-01,4.168636798858642578e-01,-1.158676221966743469e-01,1.276283860206604004e-01,8.691416680812835693e-02,7.514969259500503540e-02,-1.028588861227035522e-01,4.294753074645996094e-01,-4.277366399765014648e-01,-3.976551443338394165e-02,1.812883764505386353e-01,8.506421744823455811e-02,3.807000815868377686e-01,-1.618927717208862305e-01,7.329211235046386719e-01,-7.900730967521667480e-01,1.019886255264282227e+00,2.961483001708984375e-01,-2.194316089153289795e-01,4.781070724129676819e-02,-1.050599217414855957e+00,-6.897751688957214355e-01,8.407359123229980469e-01,5.594385266304016113e-01,-5.660077556967735291e-02,-1.218618303537368774e-01,-2.559002041816711426e-01
2.045874423705614509e-01,-1.702218015606586921e-01,7.767601609230041504e-01,3.096839226782321930e-02,-4.204121232032775879e-02,6.928716301918029785e-01,7.191678285598754883e-01,-5.097155570983886719e-01,1.146632507443428040e-01,3.083687722682952881e-01,4.755183160305023193e-01,-8.447295427322387695e-02,9.337273985147476196e-02,7.855209708213806152e-02,4.643213376402854919e-02,-1.242919713258743286e-01,4.137203693389892578e-01,-4.020945131778717041e-01,-3.641786426305770874e-02,1.635212153196334839e-01,7.987158000469207764e-02,3.785909414291381836e-01,-2.228678464889526367e-01,8.071945309638977051e-01,-7.383791208267211914e-01,1.078809857368469238e+00,2.847316563129425049e-01,-2.083079963922500610e-01,3.595160692930221558e-02,-9.996855854988098145e-01,-7.831360697746276855e-01,8.036372661590576172e-01,6.761097311973571777e-01,7.406393415294587612e-04,-1.045758053660392761e-01,-2.321294248104095459e-01
2.002131952187762853e-01,-1.994027000529548510e-01,7.909405827522277832e-01,3.896726667881011963e-02,-2.436461858451366425e-02,7.099652290344238281e-01,7.027356028556823730e-01,-4.988083541393280029e-01,1.141598001122474670e-01,3.008254170417785645e-01,5.463781952857971191e-01,-6.199484691023826599e-02,6.047933176159858704e-02,4.246344789862632751e-02,3.798470366746187210e-03,-1.340553611516952515e-01,4.072175025939941406e-01,-3.437165617942810059e-01,-2.772782556712627411e-02,1.304252296686172485e-01,5.587328597903251648e-02,3.736864328384399414e-01,-2.984818816184997559e-01,9.189648032188415527e-01,-7.135438323020935059e-01,1.082691431045532227e+00,2.625074684619903564e-01,-2.050373703241348267e-01,4.547455534338951111e-02,-9.627003073692321777e-01,-8.868567943572998047e-01,7.434890270233154297e-01,7.874798774719238281e-01,4.704800993204116821e-02,-9.675131738185882568e-02,-2.440031766891479492e-01
1.954959233363087467e-01,-2.335409019500590266e-01,8.045750260353088379e-01,4.336392134428024292e-02,-3.002350684255361557e-03,7.242732644081115723e-01,6.881415247917175293e-01,-4.764912128448486328e-01,9.693768620491027832e-02,2.867154181003570557e-01,6.059761643409729004e-01,-4.818841442465782166e-02,2.855478972196578979e-02,8.925696834921836853e-03,-3.773876279592514038e-02,-1.164309009909629822e-01,3.776898682117462158e-01,-2.730405032634735107e-01,-1.738878339529037476e-02,1.061542034149169922e-01,1.941579580307006836e-02,3.496927618980407715e-01,-3.869764804840087891e-01,1.029080867767333984e+00,-6.974345445632934570e-01,1.055479168891906738e+00,2.280284166336059570e-01,-2.019449025392532349e-01,7.437954843044281006e-02,-9.396465420722961426e-01,-9.758393168449401855e-01,6.761885285377502441e-01,8.766971230506896973e-01,8.615272492170333862e-02,-1.008456721901893616e-01,-2.744409739971160889e-01
1.887815382259969421e-01,-2.484084155517988501e-01,8.246440291404724121e-01,4.504941031336784363e-02,1.654894836246967316e-02,7.364345192909240723e-01,6.748043298721313477e-01,-4.261823892593383789e-01,5.988602712750434875e-02,2.400037199258804321e-01,6.744303703308105469e-01,-4.347813501954078674e-02,1.190639846026897430e-02,-4.267303645610809326e-02,-7.264935225248336792e-02,-6.755228340625762939e-02,3.755574822425842285e-01,-1.365093141794204712e-01,1.400386262685060501e-02,7.092516124248504639e-02,-2.681425772607326508e-02,3.218565881252288818e-01,-4.850204885005950928e-01,1.116087436676025391e+00,-6.892538070678710938e-01,1.035225749015808105e+00,1.849732398986816406e-01,-1.897999644279479980e-01,1.255184561014175415e-01,-9.238671064376831055e-01,-1.030053496360778809e+00,6.138021945953369141e-01,9.102910161018371582e-01,1.244583129882812500e-01,-1.158327981829643250e-01,-3.183484375476837158e-01
1.861506226257635954e-01,-2.598376352196702932e-01,8.294749855995178223e-01,4.024320468306541443e-02,2.388976328074932098e-02,7.412858605384826660e-01,6.695558428764343262e-01,-3.527624011039733887e-01,4.579108208417892456e-02,2.075179219245910645e-01,6.563719511032104492e-01,-2.599538862705230713e-02,1.091329759219661355e-04,-8.404191583395004272e-02,-8.867343515157699585e-02,-6.664220243692398071e-02,3.871923685073852539e-01,-1.906480826437473297e-02,3.583131730556488037e-02,5.119178816676139832e-02,-4.738148301839828491e-02,3.022188544273376465e-01,-5.713462233543395996e-01,1.161085844039916992e+00,-6.992492079734802246e-01,1.006946921348571777e+00,1.573881506919860840e-01,-1.886915713548660278e-01,1.620391458272933960e-01,-9.095061421394348145e-01,-1.041895747184753418e+00,5.666164755821228027e-01,9.038824439048767090e-01,1.496632844209671021e-01,-1.306941509246826172e-01,-3.515496253967285156e-01
1.771335461750053464e-01,-2.727140556626881374e-01,8.442680835723876953e-01,2.922344394028186798e-02,2.350012212991714478e-02,7.412567138671875000e-01,6.701732873916625977e-01,-2.375833243131637573e-01,3.627229481935501099e-02,1.344234794378280640e-01,5.732569694519042969e-01,-2.133219875395298004e-02,-6.328033749014139175e-03,-1.613430231809616089e-01,-8.974938839673995972e-02,-6.965780258178710938e-02,4.473739862442016602e-01,8.793478459119796753e-02,6.762436777353286743e-02,2.176662720739841461e-02,-4.575425386428833008e-02,2.792163491249084473e-01,-6.560330390930175781e-01,1.196868419647216797e+00,-6.736198663711547852e-01,9.725944399833679199e-01,1.191316023468971252e-01,-1.857676953077316284e-01,2.235012948513031006e-01,-8.885184526443481445e-01,-1.050156474113464355e+00,5.158758759498596191e-01,8.728122115135192871e-01,1.655026376247406006e-01,-1.450048238039016724e-01,-3.858804404735565186e-01
1.628835097385140651e-01,-2.749738010864418158e-01,8.519186377525329590e-01,1.794450171291828156e-02,1.312828529626131058e-02,7.380144000053405762e-01,6.744185686111450195e-01,-1.237948015332221985e-01,5.190206691622734070e-02,8.966939896345138550e-02,4.574214816093444824e-01,-3.843249753117561340e-02,-3.352165222167968750e-03,-2.456981837749481201e-01,-8.469616621732711792e-02,-1.330987662076950073e-01,5.276948213577270508e-01,1.246993094682693481e-01,7.949120551347732544e-02,-7.386875338852405548e-03,-2.667988650500774384e-02,2.648060917854309082e-01,-7.325192093849182129e-01,1.214434027671813965e+00,-6.566566228866577148e-01,9.209309816360473633e-01,9.497544169425964355e-02,-1.829641163349151611e-01,2.578266561031341553e-01,-8.725701570510864258e-01,-1.041367769241333008e+00,4.899066090583801270e-01,8.242519497871398926e-01,1.662260591983795166e-01,-1.517150700092315674e-01,-3.937940001487731934e-01
1.486560187589090476e-01,-2.602270598559138781e-01,8.463515043258666992e-01,8.425717242062091827e-03,5.385310389101505280e-03,7.365093827247619629e-01,6.763533949851989746e-01,-2.665167860686779022e-02,7.124010473489761353e-02,7.663013786077499390e-02,3.611463010311126709e-01,-8.927296847105026245e-02,5.374381784349679947e-03,-3.290622830390930176e-01,-1.000593304634094238e-01,-2.277726829051971436e-01,5.863357782363891602e-01,8.974100649356842041e-02,7.473041862249374390e-02,-3.959137201309204102e-02,-1.084319129586219788e-02,2.576143443584442139e-01,-8.061537146568298340e-01,1.220363020896911621e+00,-6.152273416519165039e-01,8.583835959434509277e-01,4.637667909264564514e-02,-1.773341596126556396e-01,3.008877635002136230e-01,-8.491831421852111816e-01,-1.023467421531677246e+00,4.542864263057708740e-01,7.665583491325378418e-01,1.853611618280410767e-01,-1.571669876575469971e-01,-4.074821770191192627e-01
1.341134576270213430e-01,-2.439323710994078520e-01,8.303277492523193359e-01,1.236911024898290634e-02,3.699755761772394180e-03,7.383400201797485352e-01,6.743050813674926758e-01,3.923815488815307617e-02,5.989744514226913452e-02,8.276733756065368652e-02,3.278126120567321777e-01,-1.789154559373855591e-01,1.811725273728370667e-02,-3.850531876087188721e-01,-1.374138146638870239e-01,-2.994187176227569580e-01,5.785729885101318359e-01,5.124072730541229248e-02,7.604358345270156860e-02,-7.162375748157501221e-02,-2.328653261065483093e-02,2.557914555072784424e-01,-8.771775364875793457e-01,1.204476356506347656e+00,-5.925068259239196777e-01,7.940853834152221680e-01,-7.400689355563372374e-05,-1.690985709428787231e-01,3.235408961772918701e-01,-8.242664337158203125e-01,-9.977822899818420410e-01,4.382943809032440186e-01,7.274160385131835938e-01,2.140484005212783813e-01,-1.522183120250701904e-01,-3.993854820728302002e-01
1.293529872782528400e-01,-2.386368701700121164e-01,8.229078054428100586e-01,2.217570319771766663e-02,5.176488775759935379e-03,7.398777008056640625e-01,6.723558902740478516e-01,6.785287708044052124e-02,3.424007818102836609e-02,8.532854914665222168e-02,3.274216353893280029e-01,-2.722505033016204834e-01,3.717044740915298462e-02,-4.134201109409332275e-01,-1.726290285587310791e-01,-3.303595483303070068e-01,5.474787950515747070e-01,3.450120612978935242e-02,7.475100457668304443e-02,-9.515906125307083130e-02,-4.904786869883537292e-02,2.619644105434417725e-01,-9.411902427673339844e-01,1.179265022277832031e+00,-5.765774250030517578e-01,7.428723573684692383e-01,-2.872864715754985809e-02,-1.591431945562362671e-01,3.670642673969268799e-01,-8.009687066078186035e-01,-9.844719171524047852e-01,4.219620525836944580e-01,7.051437497138977051e-01,2.275700718164443970e-01,-1.478604227304458618e-01,-4.019106626510620117e-01
1.131370853489408190e-01,-2.295696469238744375e-01,8.039240837097167969e-01,4.176037013530731201e-02,6.507821381092071533e-03,7.456733584403991699e-01,6.649699211120605469e-01,8.783379197120666504e-02,-4.041968379169702530e-03,1.093664541840553284e-01,3.592236936092376709e-01,-3.697979450225830078e-01,5.548733100295066833e-02,-4.250934123992919922e-01,-2.157414853572845459e-01,-3.552899062633514404e-01,4.717839062213897705e-01,3.987681493163108826e-02,7.569199800491333008e-02,-1.282491534948348999e-01,-8.368221670389175415e-02,2.742156982421875000e-01,-1.023081183433532715e+00,1.128914594650268555e+00,-5.634670257568359375e-01,6.684038639068603516e-01,-3.947139158844947815e-02,-1.560794711112976074e-01,4.356225728988647461e-01,-7.663634419441223145e-01,-9.814655780792236328e-01,4.131057262420654297e-01,7.181115150451660156e-01,2.364241033792495728e-01,-1.388024389743804932e-01,-3.875564932823181152e-01
9.900967801849429317e-02,-2.318091565707268709e-01,7.889930009841918945e-01,6.036911532282829285e-02,7.942534051835536957e-03,7.502138018608093262e-01,6.583856940269470215e-01,9.193988889455795288e-02,-3.782991319894790649e-02,1.214028522372245789e-01,3.956514298915863037e-01,-4.279396235942840576e-01,5.933890491724014282e-02,-4.331300854682922363e-01,-2.493831664323806763e-01,-3.696697354316711426e-01,4.031426906585693359e-01,5.867311730980873108e-02,7.223225384950637817e-02,-1.574391126632690430e-01,-1.107549518346786499e-01,2.897097766399383545e-01,-1.084281802177429199e+00,1.080006837844848633e+00,-5.664212107658386230e-01,5.972986221313476562e-01,-3.138743340969085693e-02,-1.483290493488311768e-01,4.868535995483398438e-01,-7.183635234832763672e-01,-9.862807393074035645e-01,3.995779454708099365e-01,7.330614924430847168e-01,2.282653748989105225e-01,-1.274275332689285278e-01,-3.608691990375518799e-01
9.268672406100308958e-02,-2.306151406552929273e-01,7.864829301834106445e-01,6.825520098209381104e-02,8.348193019628524780e-03,7.528575062751770020e-01,6.545816659927368164e-01,9.282973408699035645e-02,-4.912649840116500854e-02,1.271101087331771851e-01,4.014803767204284668e-01,-4.579255580902099609e-01,7.198724150657653809e-02,-4.548084139823913574e-01,-2.680637538433074951e-01,-3.840223252773284912e-01,4.045958817005157471e-01,9.596023708581924438e-02,7.040296494960784912e-02,-1.856237202882766724e-01,-1.200249940156936646e-01,3.030699193477630615e-01,-1.137742757797241211e+00,1.067512869834899902e+00,-6.044526696205139160e-01,5.417687296867370605e-01,-2.768027363345026970e-03,-1.329904794692993164e-01,4.856126904487609863e-01,-6.631159186363220215e-01,-1.016199111938476562e+00,4.004706740379333496e-01,7.694087624549865723e-01,1.978414654731750488e-01,-9.629966318607330322e-02,-2.958138287067413330e-01
8.815310153966912643e-02,-2.211910345985625970e-01,7.988233566284179688e-01,5.059763789176940918e-02,6.264850962907075882e-03,7.532561421394348145e-01,6.557482481002807617e-01,9.352979063987731934e-02,-1.617829501628875732e-02,1.477552205324172974e-01,3.512837886810302734e-01,-4.637212753295898438e-01,8.125809580087661743e-02,-4.945986270904541016e-01,-2.612714469432830811e-01,-4.099287092685699463e-01,5.232331156730651855e-01,9.197736531496047974e-02,4.483750835061073303e-02,-2.095568627119064331e-01,-8.953979611396789551e-02,2.968766689300537109e-01,-1.160104036331176758e+00,1.111044883728027344e+00,-6.969204545021057129e-01,5.061701536178588867e-01,4.290987923741340637e-02,-1.265314072370529175e-01,4.216943681240081787e-01,-6.184465289115905762e-01,-1.077897191047668457e+00,4.047208726406097412e-01,8.247653841972351074e-01,1.480727940797805786e-01,-6.916458159685134888e-02,-2.250485718250274658e-01
8.664459355462056367e-02,-2.149576545836260899e-01,8.045426607131958008e-01,3.439784049987792969e-02,5.173593759536743164e-03,7.499502301216125488e-01,6.605790853500366211e-01,9.196023643016815186e-02,1.282643992453813553e-02,1.617800742387771606e-01,3.017657101154327393e-01,-4.097591042518615723e-01,7.170011848211288452e-02,-5.103361010551452637e-01,-2.502804398536682129e-01,-4.180325567722320557e-01,5.992040634155273438e-01,8.640433102846145630e-02,3.283447772264480591e-02,-2.229665964841842651e-01,-5.872569233179092407e-02,2.847034633159637451e-01,-1.172655820846557617e+00,1.149885177612304688e+00,-7.817840576171875000e-01,5.035243630409240723e-01,8.043096214532852173e-02,-1.337084919214248657e-01,3.790394961833953857e-01,-5.859311819076538086e-01,-1.130543589591979980e+00,3.935868442058563232e-01,8.441454768180847168e-01,1.298014223575592041e-01,-7.106585055589675903e-02,-1.997129321098327637e-01
8.539862167806579196e-02,-2.265811853934652509e-01,8.223026990890502930e-01,4.905352834612131119e-03,6.197346374392509460e-03,7.457740306854248047e-01,6.661521196365356445e-01,8.817129582166671753e-02,5.517575889825820923e-02,1.812003552913665771e-01,2.225383818149566650e-01,-3.208777606487274170e-01,5.113803595304489136e-02,-5.185729861259460449e-01,-2.149819433689117432e-01,-4.432732164859771729e-01,7.029490470886230469e-01,6.969520449638366699e-02,2.229652181267738342e-02,-2.405641376972198486e-01,-3.797326004132628441e-03,2.567591071128845215e-01,-1.146481990814208984e+00,1.216367244720458984e+00,-8.976497650146484375e-01,5.119289755821228027e-01,1.123417168855667114e-01,-1.576398313045501709e-01,2.903096079826354980e-01,-5.669772028923034668e-01,-1.219311952590942383e+00,3.900018930435180664e-01,8.470145463943481445e-01,9.572015702724456787e-02,-8.338032662868499756e-02,-1.827793270349502563e-01
8.259555296255990942e-02,-2.459188536382638790e-01,8.433641791343688965e-01,-1.250197086483240128e-02,1.245848368853330612e-02,7.336925864219665527e-01,6.792522668838500977e-01,5.794287845492362976e-02,7.709788531064987183e-02,2.054390162229537964e-01,2.098310738801956177e-01,-1.631784141063690186e-01,1.922756247222423553e-02,-4.714613854885101318e-01,-1.716983318328857422e-01,-4.510906040668487549e-01,7.297214269638061523e-01,1.063281297683715820e-01,2.005186118185520172e-02,-2.289012521505355835e-01,2.563419006764888763e-02,2.280573546886444092e-01,-1.077839493751525879e+00,1.255771279335021973e+00,-9.855424761772155762e-01,5.308353900909423828e-01,9.131197631359100342e-02,-1.980399340391159058e-01,2.044283449649810791e-01,-5.796848535537719727e-01,-1.281279802322387695e+00,3.614927828311920166e-01,7.939844727516174316e-01,1.455860733985900879e-01,-1.240797862410545349e-01,-2.061003446578979492e-01
8.575267305311101707e-02,-2.498125858927288945e-01,8.635728359222412109e-01,-1.266641728579998016e-02,2.128491550683975220e-02,7.142056822776794434e-01,6.994974613189697266e-01,1.543274521827697754e-02,6.905861943960189819e-02,2.093694210052490234e-01,2.940813899040222168e-01,1.126598939299583435e-02,-1.555094309151172638e-02,-3.873388171195983887e-01,-1.283385902643203735e-01,-4.254726171493530273e-01,6.647731661796569824e-01,1.682717055082321167e-01,7.778836879879236221e-03,-1.887096315622329712e-01,9.139349684119224548e-03,2.082033455371856689e-01,-9.681335091590881348e-01,1.260940909385681152e+00,-1.044031739234924316e+00,5.417967438697814941e-01,6.163066998124122620e-02,-2.363470643758773804e-01,1.360984146595001221e-01,-6.043611168861389160e-01,-1.305673122406005859e+00,3.269670605659484863e-01,7.281457185745239258e-01,2.075832039117813110e-01,-1.647399961948394775e-01,-2.528659403324127197e-01
8.979795450487962349e-02,-2.568199902844543470e-01,8.813965320587158203e-01,1.699919067323207855e-02,4.400294646620750427e-02,6.890309453010559082e-01,7.231950759887695312e-01,-5.509819090366363525e-02,1.195402070879936218e-02,1.909625679254531860e-01,5.671430230140686035e-01,1.319579780101776123e-01,-3.246179223060607910e-02,-2.854736745357513428e-01,-1.393884271383285522e-01,-3.294998407363891602e-01,5.314280390739440918e-01,2.208888083696365356e-01,-1.503282226622104645e-02,-1.219131648540496826e-01,-7.165328413248062134e-02,1.885883808135986328e-01,-8.091803789138793945e-01,1.241162419319152832e+00,-1.069934368133544922e+00,5.275679826736450195e-01,6.639152765274047852e-02,-2.588976025581359863e-01,8.407437056303024292e-02,-6.467325091361999512e-01,-1.316181778907775879e+00,2.957117557525634766e-01,6.451721191406250000e-01,2.324777394533157349e-01,-1.828679144382476807e-01,-3.142120540142059326e-01
9.563661305806957225e-02,-2.487687282085132012e-01,8.849768638610839844e-01,4.299888759851455688e-02,6.124925985932350159e-02,6.707184314727783203e-01,7.379271388053894043e-01,-1.528799384832382202e-01,-1.260353904217481613e-02,1.996669620275497437e-01,8.489075303077697754e-01,1.379460841417312622e-01,-3.886297345161437988e-02,-2.178961187601089478e-01,-1.703872233629226685e-01,-2.562223374843597412e-01,4.603692293167114258e-01,2.145421952009201050e-01,-2.190862782299518585e-02,-7.155255228281021118e-02,-1.384461522102355957e-01,1.799536794424057007e-01,-6.521887779235839844e-01,1.236540913581848145e+00,-1.039073467254638672e+00,5.238857269287109375e-01,8.029338717460632324e-02,-2.649274170398712158e-01,5.755935609340667725e-02,-6.856951117515563965e-01,-1.320654869079589844e+00,2.736503183841705322e-01,5.817767381668090820e-01,2.429890632629394531e-01,-1.890944689512252808e-01,-3.766113817691802979e-01
1.000307381439667492e-01,-2.372800513672140843e-01,8.768337368965148926e-01,6.999358534812927246e-02,7.691796123981475830e-02,6.418730616569519043e-01,7.597259283065795898e-01,-3.035841584205627441e-01,-2.303006500005722046e-02,2.172288447618484497e-01,1.251704096794128418e+00,6.592546403408050537e-02,-3.282133117318153381e-02,-1.438510417938232422e-01,-2.262150645256042480e-01,-2.106582224369049072e-01,3.655945956707000732e-01,1.108739227056503296e-01,-6.588624417781829834e-02,1.887578400783240795e-03,-2.145075649023056030e-01,1.805992424488067627e-01,-4.797930121421813965e-01,1.217471957206726074e+00,-9.957358837127685547e-01,5.324695706367492676e-01,8.516939729452133179e-02,-2.581722736358642578e-01,3.132674843072891235e-02,-7.561048865318298340e-01,-1.310951232910156250e+00,2.490801811218261719e-01,4.931861460208892822e-01,2.733553946018218994e-01,-1.881672739982604980e-01,-4.479043483734130859e-01
9.976284123527315306e-02,-2.215397305106027726e-01,8.583794236183166504e-01,9.082096070051193237e-02,8.139114081859588623e-02,6.169436573982238770e-01,7.775008082389831543e-01,-4.737308621406555176e-01,-1.380973774939775467e-02,1.994871199131011963e-01,1.590935945510864258e+00,-2.400569617748260498e-02,-1.677791401743888855e-02,-1.045379489660263062e-01,-2.548254430294036865e-01,-2.008716315031051636e-01,3.506230115890502930e-01,-4.487604647874832153e-02,-9.466286003589630127e-02,7.458681613206863403e-02,-2.531736493110656738e-01,1.973290443420410156e-01,-3.372703492641448975e-01,1.191811442375183105e+00,-9.311557412147521973e-01,5.471004843711853027e-01,1.029997467994689941e-01,-2.614016830921173096e-01,1.596595160663127899e-02,-8.313379883766174316e-01,-1.294518113136291504e+00,2.332094758749008179e-01,4.225388467311859131e-01,2.889404594898223877e-01,-1.975179165601730347e-01,-5.027516484260559082e-01
9.746334981173276901e-02,-1.855729310773313046e-01,8.349280357360839844e-01,1.034011542797088623e-01,7.415055483579635620e-02,5.969481468200683594e-01,7.921254634857177734e-01,-6.269205808639526367e-01,1.106295268982648849e-02,1.757405847311019897e-01,1.774699449539184570e+00,-1.004893034696578979e-01,1.357212942093610764e-02,-9.646489471197128296e-02,-2.550050318241119385e-01,-1.949078440666198730e-01,4.009554684162139893e-01,-2.047708928585052490e-01,-1.020219922065734863e-01,1.291123032569885254e-01,-2.548882961273193359e-01,2.259102314710617065e-01,-2.263359725475311279e-01,1.145760059356689453e+00,-8.904477953910827637e-01,5.675289630889892578e-01,1.459151804447174072e-01,-2.748694121837615967e-01,-9.824650362133979797e-03,-9.416769146919250488e-01,-1.255102157592773438e+00,2.460737079381942749e-01,3.571973443031311035e-01,2.983987927436828613e-01,-2.100615054368972778e-01,-5.180801153182983398e-01
9.293357178998681856e-02,-1.629470742056862709e-01,8.141796588897705078e-01,1.127945929765701294e-01,5.080965533852577209e-02,5.791336297988891602e-01,8.057914972305297852e-01,-7.360798120498657227e-01,5.105004832148551941e-02,1.526489108800888062e-01,1.760948657989501953e+00,-1.463985145092010498e-01,5.194751173257827759e-02,-9.791628271341323853e-02,-2.265302538871765137e-01,-1.818549633026123047e-01,4.730890989303588867e-01,-3.073468804359436035e-01,-8.811404556035995483e-02,1.681751310825347900e-01,-2.323904186487197876e-01,2.623525857925415039e-01,-1.327850371599197388e-01,1.079522132873535156e+00,-8.757225275039672852e-01,6.013617515563964844e-01,2.026653736829757690e-01,-2.797364294528961182e-01,-2.075626142323017120e-02,-1.065427660942077637e+00,-1.198536038398742676e+00,2.873638272285461426e-01,3.275694251060485840e-01,2.842446267604827881e-01,-2.122706770896911621e-01,-5.337155461311340332e-01
8.763721098120395847e-02,-1.430247685370537036e-01,8.084418177604675293e-01,1.150651425123214722e-01,3.573305532336235046e-02,5.663287639617919922e-01,8.153250217437744141e-01,-7.851229906082153320e-01,6.847420334815979004e-02,1.385098844766616821e-01,1.667824387550354004e+00,-1.991285532712936401e-01,8.498971909284591675e-02,-8.389019221067428589e-02,-2.030514329671859741e-01,-1.716438531875610352e-01,5.072431564331054688e-01,-3.583423197269439697e-01,-7.356467843055725098e-02,1.916304528713226318e-01,-2.072064578533172607e-01,2.873919010162353516e-01,-7.317855209112167358e-02,1.019328236579895020e+00,-8.797892928123474121e-01,6.082231402397155762e-01,2.343501895666122437e-01,-2.877571284770965576e-01,-1.883274689316749573e-02,-1.146082282066345215e+00,-1.164230227470397949e+00,3.422082662582397461e-01,3.546910583972930908e-01,2.570941746234893799e-01,-2.020371705293655396e-01,-5.369746685028076172e-01
8.561324202813780371e-02,-1.379755018458057036e-01,7.947795987129211426e-01,1.111925095319747925e-01,1.521387323737144470e-02,5.486816763877868652e-01,8.284643292427062988e-01,-7.763566970825195312e-01,9.537091106176376343e-02,1.397686600685119629e-01,1.373709321022033691e+00,-1.883159577846527100e-01,1.075809001922607422e-01,-6.532470881938934326e-02,-1.565437018871307373e-01,-1.559381783008575439e-01,5.357488393783569336e-01,-3.639164268970489502e-01,-4.316398128867149353e-02,2.274295240640640259e-01,-1.644321978092193604e-01,3.124652206897735596e-01,-3.516672551631927490e-02,9.615016579627990723e-01,-8.912904262542724609e-01,6.034932136535644531e-01,2.456297725439071655e-01,-2.991208434104919434e-01,1.094301138073205948e-02,-1.204375267028808594e+00,-1.148745775222778320e+00,4.108759462833404541e-01,4.202654957771301270e-01,1.861804276704788208e-01,-1.817413568496704102e-01,-5.310875773429870605e-01
8.645291862866053001e-02,-1.552476493570094096e-01,7.862209081649780273e-01,9.349259734153747559e-02,-2.981339115649461746e-03,5.290437936782836914e-01,8.434233069419860840e-01,-7.147419452667236328e-01,9.879134595394134521e-02,1.540079116821289062e-01,9.668559432029724121e-01,-1.496236026287078857e-01,9.749539196491241455e-02,-3.307416290044784546e-02,-8.608547598123550415e-02,-1.409890651702880859e-01,5.164017081260681152e-01,-3.621506392955780029e-01,-1.590732671320438385e-02,2.592983543872833252e-01,-1.098207533359527588e-01,3.320414721965789795e-01,1.762763364240527153e-03,9.179428219795227051e-01,-9.108558893203735352e-01,5.578909516334533691e-01,2.267383337020874023e-01,-3.287584185600280762e-01,2.191978320479393005e-02,-1.241057753562927246e+00,-1.148553013801574707e+00,4.687410891056060791e-01,5.050227642059326172e-01,1.342575550079345703e-01,-1.579929441213607788e-01,-5.027998685836791992e-01
9.084495010140997140e-02,-1.934034129282316550e-01,7.783849835395812988e-01,6.320187449455261230e-02,-2.472006715834140778e-02,5.044071078300476074e-01,8.607949018478393555e-01,-6.054657697677612305e-01,1.001285016536712646e-01,1.566863358020782471e-01,5.175480842590332031e-01,-1.061736494302749634e-01,4.765282198786735535e-02,1.783470623195171356e-02,1.473346911370754242e-02,-1.267195940017700195e-01,4.725113809108734131e-01,-3.643459379673004150e-01,6.669496186077594757e-03,3.030739426612854004e-01,-3.783892467617988586e-02,3.493031561374664307e-01,4.206731915473937988e-02,8.865876197814941406e-01,-9.322745203971862793e-01,4.972756505012512207e-01,1.572865396738052368e-01,-3.581885397434234619e-01,4.318193823564797640e-04,-1.282807707786560059e+00,-1.150917649269104004e+00,5.287618637084960938e-01,6.050696372985839844e-01,8.009879291057586670e-02,-1.378706097602844238e-01,-4.690516293048858643e-01
9.452962345228745067e-02,-2.091195774622834624e-01,7.724789977073669434e-01,3.719752654433250427e-02,-4.296200349926948547e-02,4.848000109195709229e-01,8.727769255638122559e-01,-5.338999629020690918e-01,1.086217388510704041e-01,1.865883320569992065e-01,2.478560805320739746e-01,-6.942198425531387329e-02,2.084472030401229858e-02,8.779262751340866089e-02,9.392553567886352539e-02,-1.118224710226058960e-01,4.042164385318756104e-01,-3.611766397953033447e-01,2.028731442987918854e-02,3.382292985916137695e-01,2.022365480661392212e-02,3.636867105960845947e-01,8.121079206466674805e-02,8.665295243263244629e-01,-9.509978294372558594e-01,4.197772443294525146e-01,7.401555776596069336e-02,-3.754245638847351074e-01,-2.661984600126743317e-02,-1.332398056983947754e+00,-1.149341583251953125e+00,5.905386805534362793e-01,6.767023205757141113e-01,2.746075578033924103e-02,-1.360148340463638306e-01,-4.544876813888549805e-01
9.672789852349802930e-02,-2.162124698157780744e-01,7.708026170730590820e-01,2.871933951973915100e-02,-4.822165891528129578e-02,4.776060283184051514e-01,8.767795562744140625e-01,-4.981614649295806885e-01,1.062150746583938599e-01,2.178310006856918335e-01,1.767510473728179932e-01,-4.352827370166778564e-02,1.659330353140830994e-02,1.286526769399642944e-01,1.191425099968910217e-01,-1.100880503654479980e-01,3.598908185958862305e-01,-3.370508849620819092e-01,2.368962764739990234e-02,3.569136559963226318e-01,4.158951714634895325e-02,3.611811399459838867e-01,1.021277904510498047e-01,8.535274863243103027e-01,-9.660335183143615723e-01,3.580048680305480957e-01,3.015476465225219727e-02,-3.809727132320404053e-01,-4.062729328870773315e-02,-1.367790818214416504e+00,-1.146816015243530273e+00,6.293637156486511230e-01,6.848412752151489258e-01,1.318727992475032806e-02,-1.443516165018081665e-01,-4.546877741813659668e-01
1.039017011196567419e-01,-2.018470120472976859e-01,7.805633544921875000e-01,2.158221043646335602e-02,-4.773981869220733643e-02,4.745669066905975342e-01,8.786588311195373535e-01,-4.629962742328643799e-01,8.385501056909561157e-02,2.537171840667724609e-01,1.873083710670471191e-01,-1.404388807713985443e-02,1.740814372897148132e-02,1.437224894762039185e-01,1.306712180376052856e-01,-1.193559020757675171e-01,3.259829580783843994e-01,-3.002624213695526123e-01,2.755029127001762390e-02,3.639317452907562256e-01,4.345463216304779053e-02,3.587782979011535645e-01,1.158387884497642517e-01,8.414597511291503906e-01,-9.836193323135375977e-01,2.816835343837738037e-01,4.614749923348426819e-03,-3.882666826248168945e-01,-5.448015034198760986e-02,-1.406000494956970215e+00,-1.142970323562622070e+00,6.519212126731872559e-01,6.359191536903381348e-01,5.723318085074424744e-03,-1.637261360883712769e-01,-4.820097684860229492e-01
1.105034853904866277e-01,-1.877819765896464876e-01,7.909824848175048828e-01,1.560460496693849564e-02,-4.155756533145904541e-02,4.810906946659088135e-01,8.755462169647216797e-01,-4.416822195053100586e-01,6.615930050611495972e-02,2.603261768817901611e-01,2.317953258752822876e-01,3.092955239117145538e-02,1.025974750518798828e-02,1.313314586877822876e-01,1.247089579701423645e-01,-1.482736617326736450e-01,3.231594860553741455e-01,-2.324341386556625366e-01,2.782840281724929810e-02,3.526397645473480225e-01,3.912106528878211975e-02,3.569292724132537842e-01,1.061510592699050903e-01,8.427336215972900391e-01,-9.949688911437988281e-01,1.902970075607299805e-01,-1.347601786255836487e-02,-3.863103091716766357e-01,-6.284698843955993652e-02,-1.447443485260009766e+00,-1.140181303024291992e+00,6.654440760612487793e-01,5.603573918342590332e-01,5.116455140523612499e-04,-1.686579436063766479e-01,-5.221624374389648438e-01
1.166366579440923784e-01,-1.776011374134283671e-01,8.031494021415710449e-01,9.866483509540557861e-03,-3.889167308807373047e-02,4.886662065982818604e-01,8.715476989746093750e-01,-4.081180989742279053e-01,5.170783773064613342e-02,2.446832358837127686e-01,2.730932831764221191e-01,6.620446592569351196e-02,1.374674681574106216e-02,9.520141780376434326e-02,1.126147806644439697e-01,-1.908098757266998291e-01,3.841806054115295410e-01,-1.313102543354034424e-01,2.865924499928951263e-02,3.445124626159667969e-01,4.157678782939910889e-02,3.493213057518005371e-01,9.072440862655639648e-02,8.457345962524414062e-01,-1.002422809600830078e+00,1.213586404919624329e-01,-1.373969390988349915e-02,-3.829243779182434082e-01,-5.970669537782669067e-02,-1.464923143386840820e+00,-1.122222900390625000e+00,6.502535939216613770e-01,4.920796155929565430e-01,-9.247420355677604675e-03,-1.653580218553543091e-01,-5.566629171371459961e-01
1.220541724290412217e-01,-1.641819480842409140e-01,8.119361996650695801e-01,-2.271004719659686089e-03,-4.370613768696784973e-02,4.995149075984954834e-01,8.651990890502929688e-01,-3.644221723079681396e-01,5.558953806757926941e-02,2.092567235231399536e-01,2.971590757369995117e-01,6.741303950548171997e-02,3.831834346055984497e-02,3.154074028134346008e-02,1.046076267957687378e-01,-2.468545138835906982e-01,5.276039838790893555e-01,-4.744609445333480835e-02,3.693680092692375183e-02,3.272518217563629150e-01,6.067975983023643494e-02,3.369061648845672607e-01,6.737919151782989502e-02,8.517890572547912598e-01,-1.010660171508789062e+00,6.623977422714233398e-02,-2.823412884026765823e-03,-3.779403865337371826e-01,-4.915680363774299622e-02,-1.461557984352111816e+00,-1.097950100898742676e+00,6.008521318435668945e-01,4.338420331478118896e-01,-2.677703462541103363e-02,-1.601851731538772583e-01,-6.100834012031555176e-01
1.216223850989570920e-01,-1.413558196061505678e-01,8.155180215835571289e-01,-1.141038646744031368e-02,-4.715617814661714202e-02,5.074292495101678790e-01,8.603264814503944757e-01,-3.386345505714416504e-01,6.033606454730033875e-02,1.963264346122741699e-01,3.302989006042480469e-01,1.962861046195030212e-02,7.493372261524200439e-02,-2.540360949933528900e-02,8.737526088953018188e-02,-2.743856906890869141e-01,6.794317960739135742e-01,-1.160810422152280807e-02,5.170122906565666199e-02,3.140334188938140869e-01,7.015243917703628540e-02,3.218152821063995361e-01,4.663190990686416626e-02,8.612635135650634766e-01,-1.017795681953430176e+00,4.114562273025512695e-02,1.241878140717744827e-02,-3.712900876998901367e-01,-4.584770649671554565e-02,-1.434826016426086426e+00,-1.090317606925964355e+00,5.729550123214721680e-01,4.269615709781646729e-01,-5.248432233929634094e-02,-1.469911038875579834e-01,-6.222811937332153320e-01
1.230302679773948860e-01,-1.062904347868309923e-01,8.132908528469741105e-01,-1.520956374136699964e-02,-5.113481995959462401e-02,5.184698087849346493e-01,8.534301123917591436e-01,-3.274670261509564084e-01,6.765555030240001655e-02,1.719897565358581570e-01,3.963365035223891386e-01,-9.180673083654297684e-02,1.309460011194120699e-01,-1.212634647444281455e-01,3.385066681978653180e-02,-2.987047248348897455e-01,9.482542651735310635e-01,5.841726735885915782e-03,6.885670153179773711e-02,3.037552076769292064e-01,7.979920575987145548e-02,3.071896534619456554e-01,7.228684918439075638e-03,8.703897909937376998e-01,-1.040445820583199010e+00,2.537623003298965230e-02,1.038456391054409268e-02,-3.644192473360122753e-01,-6.284879821925573595e-02,-1.410601340299445061e+00,-1.090892561323093535e+00,5.541399639132418287e-01,4.676924858774457738e-01,-7.013041046027192194e-02,-1.338927354826523752e-01,-6.246671627978889196e-01
1.240860562093587666e-01,-8.290861982421544873e-02,8.096992929544809536e-01,-1.431063361569157900e-02,-5.046623781774553508e-02,5.292556202034989221e-01,8.468393313309495740e-01,-3.362722867779411873e-01,7.000230647400891570e-02,1.666916097913469508e-01,4.653975857590100240e-01,-1.772043335933031760e-01,1.657011485590705324e-01,-1.972835963190079922e-01,-1.927042643895301999e-02,-3.014460978024902649e-01,1.179422802636644230e+00,-2.050572207961882942e-02,8.529917254457494713e-02,2.984733794416700170e-01,8.266562538400683280e-02,2.934151538606982745e-01,-3.209061551372094367e-02,8.787470831815424877e-01,-1.053769016057339858e+00,3.263912962494368991e-02,6.766794985241688168e-03,-3.652306685642320305e-01,-5.473150291721779609e-02,-1.394911895340455121e+00,-1.103066081903418816e+00,5.517607466820030337e-01,5.507261916430281623e-01,-4.951545270295601431e-02,-1.385783231640696223e-01,-6.079115212484976771e-01
1.270154521855508811e-01,-7.556466717282604717e-02,8.060639045328857888e-01,-1.052093763988558653e-02,-4.267864150810814217e-02,5.393203967216814165e-01,8.409526461758523030e-01,-3.539353907977179081e-01,6.226431147762880730e-02,1.550807589040553436e-01,5.235860809987904485e-01,-2.254753488363051839e-01,1.754609345901029793e-01,-2.490617324524822263e-01,-5.168903041793897202e-02,-2.817444935788566140e-01,1.304959765763046509e+00,-6.380721839801910267e-02,9.315974403270479987e-02,2.897894618158437519e-01,7.152673375111279208e-02,2.903813285747700590e-01,-7.614667763602281370e-02,8.854368583627761913e-01,-1.070341756844312098e+00,5.244319490089186658e-02,3.176716875160010001e-03,-3.617948896248903701e-01,-3.761540361443865832e-02,-1.387149335517827708e+00,-1.124431612540264469e+00,5.763917147418152753e-01,6.497786916553452974e-01,-3.076151627015442230e-02,-1.392807318630788493e-01,-5.705046429578486400e-01
1.267007412902725061e-01,-7.296758959964619318e-02,8.073299330803116458e-01,-7.815295241092638789e-03,-3.596323510313612082e-02,5.499834021755686253e-01,8.343643234298778744e-01,-3.612848767907556602e-01,6.203695334583716331e-02,1.490671900549018214e-01,5.579091098496239409e-01,-2.337442309359419601e-01,1.660691599956232722e-01,-2.733723009466777487e-01,-6.807823335811626075e-02,-2.656634794901133190e-01,1.326572018879148107e+00,-8.321718868335203911e-02,9.437098836325347184e-02,2.707187586379815603e-01,5.779071056634274561e-02,2.933600321629304397e-01,-9.947793066240956383e-02,8.914439426219149532e-01,-1.080358487176477977e+00,7.002564664093816060e-02,-1.523486997541203050e-02,-3.588406900622754248e-01,-2.619059990993741552e-02,-1.382143902361566701e+00,-1.130862898798795202e+00,6.023505373529371987e-01,7.322007907722850595e-01,-7.130710055112142454e-03,-1.426566858767767954e-01,-5.198922576084081815e-01
1.241491770134316858e-01,-7.970433195368463453e-02,8.122223968408546213e-01,-6.578013690141370877e-03,-2.932872162468572533e-02,5.589093175437249705e-01,8.286838544261386774e-01,-3.640971807627219059e-01,6.261261237606015329e-02,1.366025516138827389e-01,5.675486023850065953e-01,-2.122143420116547052e-01,1.456925247818959546e-01,-3.008017818886059014e-01,-7.619732208875804047e-02,-2.591700874507948393e-01,1.291406915764766961e+00,-6.488181290056545258e-02,8.960293718877061775e-02,2.451798656070197646e-01,4.757570451445899962e-02,3.062668223770297349e-01,-1.193878173002696219e-01,8.937792599027427620e-01,-1.077804885869818596e+00,9.181505522036342848e-02,-2.965997959386676777e-02,-3.562122458271660408e-01,-1.414262648921666560e-02,-1.373444670838447790e+00,-1.131496842331511044e+00,6.241450467888189912e-01,7.731641915032190226e-01,1.664697977309671090e-02,-1.543875745451485093e-01,-4.825523764155696949e-01
1.193725900798885686e-01,-8.055341954642322722e-02,8.157068478817841584e-01,-5.520504990114872765e-03,-2.529582601135181227e-02,5.665822988097105606e-01,8.235982903616066997e-01,-3.726488689813252098e-01,7.101900484575822403e-02,1.239509952876380050e-01,5.723812991954146945e-01,-1.815590978798296284e-01,1.203819028910998873e-01,-3.406366307950923211e-01,-6.986004485593939883e-02,-2.447702137443831527e-01,1.246405860077882899e+00,-6.619620014731458779e-02,7.875037797707684639e-02,2.142309680928641824e-01,4.530883975240128370e-02,3.227280466966656602e-01,-1.297164641472758062e-01,8.979815037883058793e-01,-1.062850787757784632e+00,1.141451318305713447e-01,-3.984470329852910636e-02,-3.502721858615430728e-01,-6.538749870683990134e-03,-1.348196256960098705e+00,-1.126632558708635656e+00,6.512308715036241313e-01,7.885877066033921690e-01,3.503404297043212490e-02,-1.613964071339837880e-01,-4.398665159680057446e-01
1.127763092517852783e-01,-7.846015552058815956e-02,8.123684227466583252e-01,-3.788567649106077545e-03,-1.922805566438596028e-02,5.733239648059439419e-01,8.190943535452605007e-01,-3.986501693725585938e-01,7.864075154066085815e-02,1.175500750541687012e-01,6.035466045141220093e-01,-1.818061545491218567e-01,1.050030440092086792e-01,-3.948509097099304199e-01,-6.302529852837324142e-02,-2.242234423756599426e-01,1.208625406026840210e+00,-1.213428117334842682e-01,6.329962704330682755e-02,1.845165863633155823e-01,4.411800391972064972e-02,3.411599025130271912e-01,-1.288857981562614441e-01,8.975952565670013428e-01,-1.031882703304290771e+00,1.490378715097904205e-01,-4.505564272403717041e-02,-3.430753797292709351e-01,5.597367882728576660e-03,-1.315387845039367676e+00,-1.121071875095367432e+00,6.562234759330749512e-01,7.885783314704895020e-01,6.679967045783996582e-02,-1.748101562261581421e-01,-4.119175225496292114e-01
1.064271664845937437e-01,-7.880466211122261200e-02,7.955442792125068108e-01,-1.353711887363948443e-03,-1.451973168660979779e-02,5.835939686434155060e-01,8.119146658478975098e-01,-4.582296416120000826e-01,8.068315135233604385e-02,1.088085942643724491e-01,7.003745974500394933e-01,-2.135046687379001384e-01,8.954436507934036837e-02,-4.624267541979908969e-01,-6.694683187122593693e-02,-1.981658660114332671e-01,1.199152949947657421e+00,-1.918427423891711781e-01,4.797715372229457292e-02,1.505985932516982206e-01,4.065787105796637296e-02,3.666448713044035967e-01,-1.313232633749528144e-01,8.894907057111534066e-01,-9.891600758271731353e-01,2.105267244247236436e-01,-4.234285038996368072e-02,-3.265895492481420970e-01,2.556473424022815202e-02,-1.278666001019602927e+00,-1.110041508174151037e+00,6.487179641820945974e-01,7.683708624311508251e-01,1.143503518172324929e-01,-1.852491647873953373e-01,-3.911923720085933587e-01
9.970098899353238564e-02,-7.098197487636566383e-02,7.808202751871448077e-01,8.521470823592142141e-04,-2.693316360893149852e-03,5.933666795184229237e-01,8.049273281046005479e-01,-5.483693410981849148e-01,7.499214709239519772e-02,9.952058866837282247e-02,8.359338823629886006e-01,-2.530612141849696295e-01,6.121828333195027116e-02,-5.305820618356977825e-01,-8.589826819674271918e-02,-1.634706628478998225e-01,1.202106853268236852e+00,-2.655279362864749748e-01,3.119128673953755482e-02,1.207730824198388897e-01,2.895756759314250389e-02,3.869775080993641536e-01,-1.420059582929917297e-01,8.792205133173973675e-01,-9.575176098256348300e-01,2.747346253593184184e-01,-2.288691099439869869e-02,-3.243680179292884880e-01,4.643823640860901547e-02,-1.261590145767256477e+00,-1.098792484828404081e+00,6.323260101910582742e-01,7.400877946667352436e-01,1.636226211970471522e-01,-1.996581197306296629e-01,-3.926979902013049695e-01
9.653281492715186374e-02,-6.777482026608139254e-02,7.389807511696662168e-01,4.927411842051240831e-03,7.103186151927426417e-03,6.069396724943908472e-01,7.947008866934976989e-01,-6.866762193229385414e-01,7.611162964873688375e-02,1.007677460464027064e-01,1.089548244942033728e+00,-3.309002662886682544e-01,4.644667606735628645e-02,-6.383118318399255697e-01,-1.288704653175509196e-01,-1.263889486605502543e-01,1.327874505137563110e+00,-3.654705082709864827e-01,1.308742880790003844e-02,8.781869357598420800e-02,1.269633438079769035e-02,4.017208250722801299e-01,-1.723378257005972192e-01,8.533700735853989583e-01,-9.135858013400530719e-01,3.972478737028277140e-01,4.213497794773585561e-03,-3.052254027249861612e-01,7.633052992229903688e-02,-1.255288829608839363e+00,-1.075485996532718147e+00,6.212694985525948344e-01,6.890674832958522122e-01,2.231520676751873045e-01,-2.133605663091726334e-01,-3.990220046078151173e-01
8.987634262476507097e-02,-5.368839588213019515e-02,6.855169050721315882e-01,1.044738079347040487e-02,1.682799967255086196e-02,6.185110292854236747e-01,7.855264332368853131e-01,-8.515641795302968386e-01,8.093599234938447795e-02,1.117243505036865647e-01,1.385137196163221063e+00,-4.198578677354680710e-01,3.467387718531378393e-02,-7.805886523521157194e-01,-1.905367928326304749e-01,-9.503082916922542256e-02,1.543112710856835657e+00,-4.654677179112554075e-01,-1.758093306246303125e-03,6.370828183959761915e-02,-6.352391012512587087e-03,4.128150503767475388e-01,-2.230098800538189985e-01,8.246259764054079122e-01,-8.771385259426717207e-01,5.359822600786697810e-01,4.791538702981119890e-02,-2.829615713121592102e-01,1.062335748572999783e-01,-1.296893023540952816e+00,-1.048684278312994378e+00,6.217338020530456255e-01,6.148445326889222518e-01,2.749651590628284237e-01,-2.344955599299325399e-01,-4.239236245436848183e-01
8.372035071886216318e-02,-4.489457046940596024e-02,6.281881202066604830e-01,8.776051298376353130e-03,2.694571332246477671e-02,6.286659772421294701e-01,7.771589274500745326e-01,-1.032974421456673397e+00,7.741718892409918396e-02,1.076546631123512371e-01,1.681457202305946641e+00,-5.232270807462252593e-01,3.790620518386710741e-02,-9.498697603365769959e-01,-2.392864497731447548e-01,-5.905501647654150255e-02,1.793540065646518800e+00,-5.727390810391124187e-01,-1.247966768486158569e-02,4.238440407000201859e-02,-1.631730131305340892e-02,4.128387351425326091e-01,-2.906365266976654871e-01,7.910618504004297558e-01,-8.527516846059014499e-01,6.754325011598473205e-01,1.060128479913615418e-01,-2.735233186980378095e-01,1.330644749973848850e-01,-1.363442045606607644e+00,-1.028443119963821095e+00,6.246963256302102696e-01,5.409543261409848203e-01,2.853153838121682551e-01,-2.578895456502458550e-01,-4.698051424485253924e-01
8.295743623986527593e-02,-5.349322921244743095e-02,5.675427595658483204e-01,8.758081775318877701e-03,3.050805570617173140e-02,6.348649361019268467e-01,7.719708980583027680e-01,-1.189437543859286794e+00,5.922212003141032882e-02,9.238867791852871381e-02,1.941521111278422307e+00,-6.027760222098047516e-01,3.469676118202875970e-02,-1.102151119913199473e+00,-2.838566383949694960e-01,-2.451262027894096293e-02,2.048603153524175546e+00,-6.728134665518736846e-01,-2.073220129371904433e-02,3.414800495951939019e-02,-1.715350063088682750e-02,4.100613168307712941e-01,-3.545812812495334754e-01,7.655261231928456311e-01,-8.226736405152969001e-01,8.088164914388522586e-01,1.307796481562338020e-01,-2.643986770953798415e-01,1.310595807404889568e-01,-1.445894678549585644e+00,-1.025516339363231610e+00,5.982098808789044764e-01,4.497666040071592874e-01,2.905372513767667808e-01,-2.957239118418262258e-01,-5.173494794973478861e-01
8.084316401240917993e-02,-3.215744385782343118e-02,5.428518056869506836e-01,5.236077982403980653e-03,3.922095841399475535e-02,6.350486788094660273e-01,7.714580192407113346e-01,-1.300016999244689941e+00,5.303751304745674133e-02,8.485353738069534302e-02,2.090999841690063477e+00,-6.766538619995117188e-01,4.070689529180526733e-02,-1.201801538467407227e+00,-2.994766235351562500e-01,3.800780279561877251e-03,2.192253112792968750e+00,-7.756058573722839355e-01,-4.115929082036018372e-02,3.673051670193672180e-02,-1.482378039509057999e-02,4.029029011726379395e-01,-3.801080584526062012e-01,7.570592761039733887e-01,-7.966983914375305176e-01,8.683904409408569336e-01,1.301281005144119263e-01,-2.631397247314453125e-01,1.230602413415908813e-01,-1.494174480438232422e+00,-1.023161292076110840e+00,5.976428985595703125e-01,3.970920741558074951e-01,2.891451418399810791e-01,-3.125377893447875977e-01,-5.215621590614318848e-01
